x1,x2,pdf,E(x1),E(x1^2),E(x1-E(x1)),,,x1,x2,pdf_nn,E(x1),E(x1^2),,,TESTING,x,P(x),E(x),E(x^2),E(x-mux)^2,
7020.408203,-6.090843,0,0,0,0,,,7020.408203,-6.090843,0,0,0,0,,,7000,0.300349825,2102.448776,14717141.43,243040.2573,
7061.224609,-6.090843,0,0,0,0,,,7061.224609,-6.090843,0,0,0,0,,,8000,0.499750125,3998.001,31984008,5042.557381,
7102.041016,-6.090843,0,0,0,0,,,7102.041016,-6.090843,0,0,0,0,,,9000,0.19990005,1799.10045,16191904.05,242076.9031,
7142.857422,-6.090843,0,0,0,0,,,7142.857422,-6.090843,0,0,0,0,,,sum,1,7899.550225,62893053.47,,
7183.67334,-6.090843,0,0,0,0,,,7183.67334,-6.090843,0,0,0,0,,,,1.0005,,490159.7177,490159.7177,4.36557E-09
7224.489746,-6.090843,0,0,0,0,,,7224.489746,-6.090843,0,0,0,0,,,,,,(Var(1),Var(2),
7265.306152,-6.090843,0,0,0,0,,,7265.306152,-6.090843,0,0,0,0,,,,,,,,
7306.122559,-6.090843,0,0,0,0,,,7306.122559,-6.090843,0,0,0,0,,,,,,,,
7346.938965,-6.090843,0,0,0,0,,,7346.938965,-6.090843,0,0,0,0,,,,,,,,
7387.754883,-6.090843,0,0,0,0,,,7387.754883,-6.090843,0,0,0,0,,,,,,,,
7428.571289,-6.090843,0,0,0,0,,,7428.571289,-6.090843,0,0,0,0,,,,,,,,
7469.387695,-6.090843,0,0,0,0,,,7469.387695,-6.090843,0,0,0,0,,,,,,,,
7510.204102,-6.090843,0,0,0,0,,,7510.204102,-6.090843,0,0,0,0,,,,,,,,
7551.020508,-6.090843,0,0,0,0,,,7551.020508,-6.090843,0,0,0,0,,,,,,,,
7591.836914,-6.090843,0,0,0,0,,,7591.836914,-6.090843,0,0,0,0,,,,,,,,
7632.65332,-6.090843,0,0,0,0,,,7632.65332,-6.090843,0,0,0,0,,,,,,,,
7673.469238,-6.090843,0,0,0,0,,,7673.469238,-6.090843,0,0,0,0,,,,,,,,
7714.285645,-6.090843,0,0,0,0,,,7714.285645,-6.090843,0,0,0,0,,,,,,,,
7755.102051,-6.090843,0,0,0,0,,,7755.102051,-6.090843,0,0,0,0,,,,,,,,
7795.918457,-6.090843,0,0,0,0,,,7795.918457,-6.090843,0,0,0,0,,,,,,,,
7836.734863,-6.090843,0,0,0,0,,,7836.734863,-6.090843,0,0,0,0,,,,,,,,
7877.550781,-6.090843,0,0,0,0,,,7877.550781,-6.090843,0,0,0,0,,,,,,,,
7918.367188,-6.090843,0,0,0,0,,,7918.367188,-6.090843,0,0,0,0,,,,,,,,
7959.183594,-6.090843,0,0,0,0,,,7959.183594,-6.090843,0,0,0,0,,,,,,,,
8000,-6.090843,0,0,0,0,,,8000,-6.090843,0,0,0,0,,,,,,,,
8040.816406,-6.090843,0,0,0,0,,,8040.816406,-6.090843,0,0,0,0,,,,,,,,
8081.632812,-6.090843,0,0,0,0,,,8081.632812,-6.090843,0,0,0,0,,,,,,,,
8122.449219,-6.090843,0,0,0,0,,,8122.449219,-6.090843,0,0,0,0,,,,,,,,
8163.265137,-6.090843,0,0,0,0,,,8163.265137,-6.090843,0,0,0,0,,,,,,,,
8204.082031,-6.090843,0,0,0,0,,,8204.082031,-6.090843,0,0,0,0,,,,,,,,
8244.898438,-6.090843,0,0,0,0,,,8244.898438,-6.090843,0,0,0,0,,,,,,,,
8285.713867,-6.090843,0,0,0,0,,,8285.713867,-6.090843,0,0,0,0,,,,,,,,
8326.530273,-6.090843,0,0,0,0,,,8326.530273,-6.090843,0,0,0,0,,,,,,,,
8367.34668,-6.090843,0,0,0,0,,,8367.34668,-6.090843,0,0,0,0,,,,,,,,
8408.163086,-6.090843,0,0,0,0,,,8408.163086,-6.090843,0,0,0,0,,,,,,,,
8448.979492,-6.090843,0,0,0,0,,,8448.979492,-6.090843,0,0,0,0,,,,,,,,
8489.795898,-6.090843,0,0,0,0,,,8489.795898,-6.090843,0,0,0,0,,,,,,,,
8530.612305,-6.090843,0,0,0,0,,,8530.612305,-6.090843,0,0,0,0,,,,,,,,
8571.428711,-6.090843,0,0,0,0,,,8571.428711,-6.090843,0,0,0,0,,,,,,,,
8612.245117,-6.090843,0,0,0,0,,,8612.245117,-6.090843,0,0,0,0,,,,,,,,
8653.061523,-6.090843,0,0,0,0,,,8653.061523,-6.090843,0,0,0,0,,,,,,,,
8693.87793,-6.090843,0,0,0,0,,,8693.87793,-6.090843,0,0,0,0,,,,,,,,
8734.693359,-6.090843,0,0,0,0,,,8734.693359,-6.090843,0,0,0,0,,,,,,,,
8775.509766,-6.090843,0,0,0,0,,,8775.509766,-6.090843,0,0,0,0,,,,,,,,
8816.326172,-6.090843,0,0,0,0,,,8816.326172,-6.090843,0,0,0,0,,,,,,,,
8857.142578,-6.090843,0,0,0,0,,,8857.142578,-6.090843,0,0,0,0,,,,,,,,
8897.958984,-6.090843,0,0,0,0,,,8897.958984,-6.090843,0,0,0,0,,,,,,,,
8938.775391,-6.090843,0,0,0,0,,,8938.775391,-6.090843,0,0,0,0,,,,,,,,
8979.591797,-6.090843,0,0,0,0,,,8979.591797,-6.090843,0,0,0,0,,,,,,,,
7020.408203,-5.706158,0,0,0,0,,,7020.408203,-5.706158,0,0,0,0,,,,,,,,
7061.224609,-5.706158,0,0,0,0,,,7061.224609,-5.706158,0,0,0,0,,,,,,,,
7102.041016,-5.706158,0,0,0,0,,,7102.041016,-5.706158,0,0,0,0,,,,,,,,
7142.857422,-5.706158,0,0,0,0,,,7142.857422,-5.706158,0,0,0,0,,,,,,,,
7183.67334,-5.706158,0,0,0,0,,,7183.67334,-5.706158,0,0,0,0,,,,,,,,
7224.489746,-5.706158,0,0,0,0,,,7224.489746,-5.706158,0,0,0,0,,,,,,,,
7265.306152,-5.706158,0,0,0,0,,,7265.306152,-5.706158,0,0,0,0,,,,,,,,
7306.122559,-5.706158,0,0,0,0,,,7306.122559,-5.706158,0,0,0,0,,,,,,,,
7346.938965,-5.706158,0,0,0,0,,,7346.938965,-5.706158,0,0,0,0,,,,,,,,
7387.754883,-5.706158,0,0,0,0,,,7387.754883,-5.706158,0,0,0,0,,,,,,,,
7428.571289,-5.706158,0,0,0,0,,,7428.571289,-5.706158,0,0,0,0,,,,,,,,
7469.387695,-5.706158,0,0,0,0,,,7469.387695,-5.706158,0,0,0,0,,,,,,,,
7510.204102,-5.706158,0,0,0,0,,,7510.204102,-5.706158,0,0,0,0,,,,,,,,
7551.020508,-5.706158,0,0,0,0,,,7551.020508,-5.706158,0,0,0,0,,,,,,,,
7591.836914,-5.706158,0,0,0,0,,,7591.836914,-5.706158,0,0,0,0,,,,,,,,
7632.65332,-5.706158,0,0,0,0,,,7632.65332,-5.706158,0,0,0,0,,,,,,,,
7673.469238,-5.706158,0,0,0,0,,,7673.469238,-5.706158,0,0,0,0,,,,,,,,
7714.285645,-5.706158,0,0,0,0,,,7714.285645,-5.706158,0,0,0,0,,,,,,,,
7755.102051,-5.706158,0,0,0,0,,,7755.102051,-5.706158,0,0,0,0,,,,,,,,
7795.918457,-5.706158,0,0,0,0,,,7795.918457,-5.706158,0,0,0,0,,,,,,,,
7836.734863,-5.706158,0,0,0,0,,,7836.734863,-5.706158,0,0,0,0,,,,,,,,
7877.550781,-5.706158,0,0,0,0,,,7877.550781,-5.706158,0,0,0,0,,,,,,,,
7918.367188,-5.706158,0,0,0,0,,,7918.367188,-5.706158,0,0,0,0,,,,,,,,
7959.183594,-5.706158,0,0,0,0,,,7959.183594,-5.706158,0,0,0,0,,,,,,,,
8000,-5.706158,0,0,0,0,,,8000,-5.706158,0,0,0,0,,,,,,,,
8040.816406,-5.706158,0,0,0,0,,,8040.816406,-5.706158,0,0,0,0,,,,,,,,
8081.632812,-5.706158,0,0,0,0,,,8081.632812,-5.706158,0,0,0,0,,,,,,,,
8122.449219,-5.706158,0,0,0,0,,,8122.449219,-5.706158,0,0,0,0,,,,,,,,
8163.265137,-5.706158,0,0,0,0,,,8163.265137,-5.706158,0,0,0,0,,,,,,,,
8204.082031,-5.706158,0,0,0,0,,,8204.082031,-5.706158,0,0,0,0,,,,,,,,
8244.898438,-5.706158,0,0,0,0,,,8244.898438,-5.706158,0,0,0,0,,,,,,,,
8285.713867,-5.706158,0,0,0,0,,,8285.713867,-5.706158,0,0,0,0,,,,,,,,
8326.530273,-5.706158,0,0,0,0,,,8326.530273,-5.706158,0,0,0,0,,,,,,,,
8367.34668,-5.706158,0,0,0,0,,,8367.34668,-5.706158,0,0,0,0,,,,,,,,
8408.163086,-5.706158,0,0,0,0,,,8408.163086,-5.706158,0,0,0,0,,,,,,,,
8448.979492,-5.706158,0,0,0,0,,,8448.979492,-5.706158,0,0,0,0,,,,,,,,
8489.795898,-5.706158,0,0,0,0,,,8489.795898,-5.706158,0,0,0,0,,,,,,,,
8530.612305,-5.706158,0,0,0,0,,,8530.612305,-5.706158,0,0,0,0,,,,,,,,
8571.428711,-5.706158,0,0,0,0,,,8571.428711,-5.706158,0,0,0,0,,,,,,,,
8612.245117,-5.706158,0,0,0,0,,,8612.245117,-5.706158,0,0,0,0,,,,,,,,
8653.061523,-5.706158,0,0,0,0,,,8653.061523,-5.706158,0,0,0,0,,,,,,,,
8693.87793,-5.706158,0,0,0,0,,,8693.87793,-5.706158,0,0,0,0,,,,,,,,
8734.693359,-5.706158,0,0,0,0,,,8734.693359,-5.706158,0,0,0,0,,,,,,,,
8775.509766,-5.706158,0,0,0,0,,,8775.509766,-5.706158,0,0,0,0,,,,,,,,
8816.326172,-5.706158,0,0,0,0,,,8816.326172,-5.706158,0,0,0,0,,,,,,,,
8857.142578,-5.706158,0,0,0,0,,,8857.142578,-5.706158,0,0,0,0,,,,,,,,
8897.958984,-5.706158,0,0,0,0,,,8897.958984,-5.706158,0,0,0,0,,,,,,,,
8938.775391,-5.706158,0,0,0,0,,,8938.775391,-5.706158,0,0,0,0,,,,,,,,
8979.591797,-5.706158,0,0,0,0,,,8979.591797,-5.706158,0,0,0,0,,,,,,,,
7020.408203,-5.321473,0,0,0,0,,,7020.408203,-5.321473,0,0,0,0,,,,,,,,
7061.224609,-5.321473,0,0,0,0,,,7061.224609,-5.321473,0,0,0,0,,,,,,,,
7102.041016,-5.321473,0,0,0,0,,,7102.041016,-5.321473,0,0,0,0,,,,,,,,
7142.857422,-5.321473,0,0,0,0,,,7142.857422,-5.321473,0,0,0,0,,,,,,,,
7183.67334,-5.321473,0,0,0,0,,,7183.67334,-5.321473,0,0,0,0,,,,,,,,
7224.489746,-5.321473,0,0,0,0,,,7224.489746,-5.321473,0,0,0,0,,,,,,,,
7265.306152,-5.321473,0,0,0,0,,,7265.306152,-5.321473,0,0,0,0,,,,,,,,
7306.122559,-5.321473,0,0,0,0,,,7306.122559,-5.321473,0,0,0,0,,,,,,,,
7346.938965,-5.321473,0,0,0,0,,,7346.938965,-5.321473,0,0,0,0,,,,,,,,
7387.754883,-5.321473,0,0,0,0,,,7387.754883,-5.321473,0,0,0,0,,,,,,,,
7428.571289,-5.321473,0,0,0,0,,,7428.571289,-5.321473,0,0,0,0,,,,,,,,
7469.387695,-5.321473,0,0,0,0,,,7469.387695,-5.321473,0,0,0,0,,,,,,,,
7510.204102,-5.321473,0,0,0,0,,,7510.204102,-5.321473,0,0,0,0,,,,,,,,
7551.020508,-5.321473,0,0,0,0,,,7551.020508,-5.321473,0,0,0,0,,,,,,,,
7591.836914,-5.321473,0,0,0,0,,,7591.836914,-5.321473,0,0,0,0,,,,,,,,
7632.65332,-5.321473,0,0,0,0,,,7632.65332,-5.321473,0,0,0,0,,,,,,,,
7673.469238,-5.321473,0,0,0,0,,,7673.469238,-5.321473,0,0,0,0,,,,,,,,
7714.285645,-5.321473,0,0,0,0,,,7714.285645,-5.321473,0,0,0,0,,,,,,,,
7755.102051,-5.321473,0,0,0,0,,,7755.102051,-5.321473,0,0,0,0,,,,,,,,
7795.918457,-5.321473,0,0,0,0,,,7795.918457,-5.321473,0,0,0,0,,,,,,,,
7836.734863,-5.321473,0,0,0,0,,,7836.734863,-5.321473,0,0,0,0,,,,,,,,
7877.550781,-5.321473,0,0,0,0,,,7877.550781,-5.321473,0,0,0,0,,,,,,,,
7918.367188,-5.321473,0,0,0,0,,,7918.367188,-5.321473,0,0,0,0,,,,,,,,
7959.183594,-5.321473,0,0,0,0,,,7959.183594,-5.321473,0,0,0,0,,,,,,,,
8000,-5.321473,0,0,0,0,,,8000,-5.321473,0,0,0,0,,,,,,,,
8040.816406,-5.321473,0,0,0,0,,,8040.816406,-5.321473,0,0,0,0,,,,,,,,
8081.632812,-5.321473,0,0,0,0,,,8081.632812,-5.321473,0,0,0,0,,,,,,,,
8122.449219,-5.321473,0,0,0,0,,,8122.449219,-5.321473,0,0,0,0,,,,,,,,
8163.265137,-5.321473,0,0,0,0,,,8163.265137,-5.321473,0,0,0,0,,,,,,,,
8204.082031,-5.321473,0,0,0,0,,,8204.082031,-5.321473,0,0,0,0,,,,,,,,
8244.898438,-5.321473,0,0,0,0,,,8244.898438,-5.321473,0,0,0,0,,,,,,,,
8285.713867,-5.321473,0,0,0,0,,,8285.713867,-5.321473,0,0,0,0,,,,,,,,
8326.530273,-5.321473,0,0,0,0,,,8326.530273,-5.321473,0,0,0,0,,,,,,,,
8367.34668,-5.321473,0,0,0,0,,,8367.34668,-5.321473,0,0,0,0,,,,,,,,
8408.163086,-5.321473,0,0,0,0,,,8408.163086,-5.321473,0,0,0,0,,,,,,,,
8448.979492,-5.321473,0,0,0,0,,,8448.979492,-5.321473,0,0,0,0,,,,,,,,
8489.795898,-5.321473,0,0,0,0,,,8489.795898,-5.321473,0,0,0,0,,,,,,,,
8530.612305,-5.321473,0,0,0,0,,,8530.612305,-5.321473,0,0,0,0,,,,,,,,
8571.428711,-5.321473,0,0,0,0,,,8571.428711,-5.321473,0,0,0,0,,,,,,,,
8612.245117,-5.321473,0,0,0,0,,,8612.245117,-5.321473,0,0,0,0,,,,,,,,
8653.061523,-5.321473,0,0,0,0,,,8653.061523,-5.321473,0,0,0,0,,,,,,,,
8693.87793,-5.321473,0,0,0,0,,,8693.87793,-5.321473,0,0,0,0,,,,,,,,
8734.693359,-5.321473,0,0,0,0,,,8734.693359,-5.321473,0,0,0,0,,,,,,,,
8775.509766,-5.321473,0,0,0,0,,,8775.509766,-5.321473,0,0,0,0,,,,,,,,
8816.326172,-5.321473,0,0,0,0,,,8816.326172,-5.321473,0,0,0,0,,,,,,,,
8857.142578,-5.321473,0,0,0,0,,,8857.142578,-5.321473,0,0,0,0,,,,,,,,
8897.958984,-5.321473,0,0,0,0,,,8897.958984,-5.321473,0,0,0,0,,,,,,,,
8938.775391,-5.321473,0,0,0,0,,,8938.775391,-5.321473,0,0,0,0,,,,,,,,
8979.591797,-5.321473,0,0,0,0,,,8979.591797,-5.321473,0,0,0,0,,,,,,,,
7020.408203,-4.936789,0,0,0,0,,,7020.408203,-4.936789,0,0,0,0,,,,,,,,
7061.224609,-4.936789,0,0,0,0,,,7061.224609,-4.936789,0,0,0,0,,,,,,,,
7102.041016,-4.936789,0,0,0,0,,,7102.041016,-4.936789,0,0,0,0,,,,,,,,
7142.857422,-4.936789,0,0,0,0,,,7142.857422,-4.936789,0,0,0,0,,,,,,,,
7183.67334,-4.936789,0,0,0,0,,,7183.67334,-4.936789,0,0,0,0,,,,,,,,
7224.489746,-4.936789,0,0,0,0,,,7224.489746,-4.936789,0,0,0,0,,,,,,,,
7265.306152,-4.936789,0,0,0,0,,,7265.306152,-4.936789,0,0,0,0,,,,,,,,
7306.122559,-4.936789,0,0,0,0,,,7306.122559,-4.936789,0,0,0,0,,,,,,,,
7346.938965,-4.936789,0,0,0,0,,,7346.938965,-4.936789,0,0,0,0,,,,,,,,
7387.754883,-4.936789,0,0,0,0,,,7387.754883,-4.936789,0,0,0,0,,,,,,,,
7428.571289,-4.936789,0,0,0,0,,,7428.571289,-4.936789,0,0,0,0,,,,,,,,
7469.387695,-4.936789,0,0,0,0,,,7469.387695,-4.936789,0,0,0,0,,,,,,,,
7510.204102,-4.936789,0,0,0,0,,,7510.204102,-4.936789,0,0,0,0,,,,,,,,
7551.020508,-4.936789,0,0,0,0,,,7551.020508,-4.936789,0,0,0,0,,,,,,,,
7591.836914,-4.936789,0,0,0,0,,,7591.836914,-4.936789,0,0,0,0,,,,,,,,
7632.65332,-4.936789,0,0,0,0,,,7632.65332,-4.936789,0,0,0,0,,,,,,,,
7673.469238,-4.936789,0,0,0,0,,,7673.469238,-4.936789,0,0,0,0,,,,,,,,
7714.285645,-4.936789,0,0,0,0,,,7714.285645,-4.936789,0,0,0,0,,,,,,,,
7755.102051,-4.936789,0,0,0,0,,,7755.102051,-4.936789,0,0,0,0,,,,,,,,
7795.918457,-4.936789,0,0,0,0,,,7795.918457,-4.936789,0,0,0,0,,,,,,,,
7836.734863,-4.936789,0,0,0,0,,,7836.734863,-4.936789,0,0,0,0,,,,,,,,
7877.550781,-4.936789,0,0,0,0,,,7877.550781,-4.936789,0,0,0,0,,,,,,,,
7918.367188,-4.936789,0,0,0,0,,,7918.367188,-4.936789,0,0,0,0,,,,,,,,
7959.183594,-4.936789,0,0,0,0,,,7959.183594,-4.936789,0,0,0,0,,,,,,,,
8000,-4.936789,0,0,0,0,,,8000,-4.936789,0,0,0,0,,,,,,,,
8040.816406,-4.936789,0,0,0,0,,,8040.816406,-4.936789,0,0,0,0,,,,,,,,
8081.632812,-4.936789,0,0,0,0,,,8081.632812,-4.936789,0,0,0,0,,,,,,,,
8122.449219,-4.936789,0,0,0,0,,,8122.449219,-4.936789,0,0,0,0,,,,,,,,
8163.265137,-4.936789,0,0,0,0,,,8163.265137,-4.936789,0,0,0,0,,,,,,,,
8204.082031,-4.936789,0,0,0,0,,,8204.082031,-4.936789,0,0,0,0,,,,,,,,
8244.898438,-4.936789,0,0,0,0,,,8244.898438,-4.936789,0,0,0,0,,,,,,,,
8285.713867,-4.936789,0,0,0,0,,,8285.713867,-4.936789,0,0,0,0,,,,,,,,
8326.530273,-4.936789,0,0,0,0,,,8326.530273,-4.936789,0,0,0,0,,,,,,,,
8367.34668,-4.936789,0,0,0,0,,,8367.34668,-4.936789,0,0,0,0,,,,,,,,
8408.163086,-4.936789,0,0,0,0,,,8408.163086,-4.936789,0,0,0,0,,,,,,,,
8448.979492,-4.936789,0,0,0,0,,,8448.979492,-4.936789,0,0,0,0,,,,,,,,
8489.795898,-4.936789,0,0,0,0,,,8489.795898,-4.936789,0,0,0,0,,,,,,,,
8530.612305,-4.936789,0,0,0,0,,,8530.612305,-4.936789,0,0,0,0,,,,,,,,
8571.428711,-4.936789,0,0,0,0,,,8571.428711,-4.936789,0,0,0,0,,,,,,,,
8612.245117,-4.936789,0,0,0,0,,,8612.245117,-4.936789,0,0,0,0,,,,,,,,
8653.061523,-4.936789,0,0,0,0,,,8653.061523,-4.936789,0,0,0,0,,,,,,,,
8693.87793,-4.936789,0,0,0,0,,,8693.87793,-4.936789,0,0,0,0,,,,,,,,
8734.693359,-4.936789,0,0,0,0,,,8734.693359,-4.936789,0,0,0,0,,,,,,,,
8775.509766,-4.936789,0,0,0,0,,,8775.509766,-4.936789,0,0,0,0,,,,,,,,
8816.326172,-4.936789,0,0,0,0,,,8816.326172,-4.936789,0,0,0,0,,,,,,,,
8857.142578,-4.936789,0,0,0,0,,,8857.142578,-4.936789,0,0,0,0,,,,,,,,
8897.958984,-4.936789,0,0,0,0,,,8897.958984,-4.936789,0,0,0,0,,,,,,,,
8938.775391,-4.936789,0,0,0,0,,,8938.775391,-4.936789,0,0,0,0,,,,,,,,
8979.591797,-4.936789,0,0,0,0,,,8979.591797,-4.936789,0,0,0,0,,,,,,,,
7020.408203,-4.552104,0,0,0,0,,,7020.408203,-4.552104,0,0,0,0,,,,,,,,
7061.224609,-4.552104,0,0,0,0,,,7061.224609,-4.552104,0,0,0,0,,,,,,,,
7102.041016,-4.552104,0,0,0,0,,,7102.041016,-4.552104,0,0,0,0,,,,,,,,
7142.857422,-4.552104,0,0,0,0,,,7142.857422,-4.552104,0,0,0,0,,,,,,,,
7183.67334,-4.552104,0,0,0,0,,,7183.67334,-4.552104,0,0,0,0,,,,,,,,
7224.489746,-4.552104,0,0,0,0,,,7224.489746,-4.552104,0,0,0,0,,,,,,,,
7265.306152,-4.552104,0,0,0,0,,,7265.306152,-4.552104,0,0,0,0,,,,,,,,
7306.122559,-4.552104,0,0,0,0,,,7306.122559,-4.552104,0,0,0,0,,,,,,,,
7346.938965,-4.552104,0,0,0,0,,,7346.938965,-4.552104,0,0,0,0,,,,,,,,
7387.754883,-4.552104,0,0,0,0,,,7387.754883,-4.552104,0,0,0,0,,,,,,,,
7428.571289,-4.552104,0,0,0,0,,,7428.571289,-4.552104,0,0,0,0,,,,,,,,
7469.387695,-4.552104,0,0,0,0,,,7469.387695,-4.552104,0,0,0,0,,,,,,,,
7510.204102,-4.552104,0,0,0,0,,,7510.204102,-4.552104,0,0,0,0,,,,,,,,
7551.020508,-4.552104,0,0,0,0,,,7551.020508,-4.552104,0,0,0,0,,,,,,,,
7591.836914,-4.552104,0,0,0,0,,,7591.836914,-4.552104,0,0,0,0,,,,,,,,
7632.65332,-4.552104,0,0,0,0,,,7632.65332,-4.552104,0,0,0,0,,,,,,,,
7673.469238,-4.552104,0,0,0,0,,,7673.469238,-4.552104,0,0,0,0,,,,,,,,
7714.285645,-4.552104,0,0,0,0,,,7714.285645,-4.552104,0,0,0,0,,,,,,,,
7755.102051,-4.552104,0,0,0,0,,,7755.102051,-4.552104,0,0,0,0,,,,,,,,
7795.918457,-4.552104,0,0,0,0,,,7795.918457,-4.552104,0,0,0,0,,,,,,,,
7836.734863,-4.552104,0,0,0,0,,,7836.734863,-4.552104,0,0,0,0,,,,,,,,
7877.550781,-4.552104,0,0,0,0,,,7877.550781,-4.552104,0,0,0,0,,,,,,,,
7918.367188,-4.552104,0,0,0,0,,,7918.367188,-4.552104,0,0,0,0,,,,,,,,
7959.183594,-4.552104,0,0,0,0,,,7959.183594,-4.552104,0,0,0,0,,,,,,,,
8000,-4.552104,0,0,0,0,,,8000,-4.552104,0,0,0,0,,,,,,,,
8040.816406,-4.552104,0,0,0,0,,,8040.816406,-4.552104,0,0,0,0,,,,,,,,
8081.632812,-4.552104,0,0,0,0,,,8081.632812,-4.552104,0,0,0,0,,,,,,,,
8122.449219,-4.552104,0,0,0,0,,,8122.449219,-4.552104,0,0,0,0,,,,,,,,
8163.265137,-4.552104,0,0,0,0,,,8163.265137,-4.552104,0,0,0,0,,,,,,,,
8204.082031,-4.552104,0,0,0,0,,,8204.082031,-4.552104,0,0,0,0,,,,,,,,
8244.898438,-4.552104,0,0,0,0,,,8244.898438,-4.552104,0,0,0,0,,,,,,,,
8285.713867,-4.552104,0,0,0,0,,,8285.713867,-4.552104,0,0,0,0,,,,,,,,
8326.530273,-4.552104,0,0,0,0,,,8326.530273,-4.552104,0,0,0,0,,,,,,,,
8367.34668,-4.552104,0,0,0,0,,,8367.34668,-4.552104,0,0,0,0,,,,,,,,
8408.163086,-4.552104,0,0,0,0,,,8408.163086,-4.552104,0,0,0,0,,,,,,,,
8448.979492,-4.552104,0,0,0,0,,,8448.979492,-4.552104,0,0,0,0,,,,,,,,
8489.795898,-4.552104,0,0,0,0,,,8489.795898,-4.552104,0,0,0,0,,,,,,,,
8530.612305,-4.552104,0,0,0,0,,,8530.612305,-4.552104,0,0,0,0,,,,,,,,
8571.428711,-4.552104,0,0,0,0,,,8571.428711,-4.552104,0,0,0,0,,,,,,,,
8612.245117,-4.552104,0,0,0,0,,,8612.245117,-4.552104,0,0,0,0,,,,,,,,
8653.061523,-4.552104,0,0,0,0,,,8653.061523,-4.552104,0,0,0,0,,,,,,,,
8693.87793,-4.552104,0,0,0,0,,,8693.87793,-4.552104,0,0,0,0,,,,,,,,
8734.693359,-4.552104,0,0,0,0,,,8734.693359,-4.552104,0,0,0,0,,,,,,,,
8775.509766,-4.552104,0,0,0,0,,,8775.509766,-4.552104,0,0,0,0,,,,,,,,
8816.326172,-4.552104,0,0,0,0,,,8816.326172,-4.552104,0,0,0,0,,,,,,,,
8857.142578,-4.552104,0,0,0,0,,,8857.142578,-4.552104,0,0,0,0,,,,,,,,
8897.958984,-4.552104,0,0,0,0,,,8897.958984,-4.552104,0,0,0,0,,,,,,,,
8938.775391,-4.552104,0,0,0,0,,,8938.775391,-4.552104,0,0,0,0,,,,,,,,
8979.591797,-4.552104,0,0,0,0,,,8979.591797,-4.552104,0,0,0,0,,,,,,,,
7020.408203,-4.167419,0,0,0,0,,,7020.408203,-4.167419,0,0,0,0,,,,,,,,
7061.224609,-4.167419,0,0,0,0,,,7061.224609,-4.167419,0,0,0,0,,,,,,,,
7102.041016,-4.167419,0,0,0,0,,,7102.041016,-4.167419,0,0,0,0,,,,,,,,
7142.857422,-4.167419,0,0,0,0,,,7142.857422,-4.167419,0,0,0,0,,,,,,,,
7183.67334,-4.167419,0,0,0,0,,,7183.67334,-4.167419,0,0,0,0,,,,,,,,
7224.489746,-4.167419,0,0,0,0,,,7224.489746,-4.167419,0,0,0,0,,,,,,,,
7265.306152,-4.167419,0,0,0,0,,,7265.306152,-4.167419,0,0,0,0,,,,,,,,
7306.122559,-4.167419,0,0,0,0,,,7306.122559,-4.167419,0,0,0,0,,,,,,,,
7346.938965,-4.167419,0,0,0,0,,,7346.938965,-4.167419,0,0,0,0,,,,,,,,
7387.754883,-4.167419,0,0,0,0,,,7387.754883,-4.167419,0,0,0,0,,,,,,,,
7428.571289,-4.167419,0,0,0,0,,,7428.571289,-4.167419,0,0,0,0,,,,,,,,
7469.387695,-4.167419,0,0,0,0,,,7469.387695,-4.167419,0,0,0,0,,,,,,,,
7510.204102,-4.167419,0,0,0,0,,,7510.204102,-4.167419,0,0,0,0,,,,,,,,
7551.020508,-4.167419,0,0,0,0,,,7551.020508,-4.167419,0,0,0,0,,,,,,,,
7591.836914,-4.167419,0,0,0,0,,,7591.836914,-4.167419,0,0,0,0,,,,,,,,
7632.65332,-4.167419,0,0,0,0,,,7632.65332,-4.167419,0,0,0,0,,,,,,,,
7673.469238,-4.167419,0,0,0,0,,,7673.469238,-4.167419,0,0,0,0,,,,,,,,
7714.285645,-4.167419,0,0,0,0,,,7714.285645,-4.167419,0,0,0,0,,,,,,,,
7755.102051,-4.167419,0,0,0,0,,,7755.102051,-4.167419,0,0,0,0,,,,,,,,
7795.918457,-4.167419,0,0,0,0,,,7795.918457,-4.167419,0,0,0,0,,,,,,,,
7836.734863,-4.167419,0,0,0,0,,,7836.734863,-4.167419,0,0,0,0,,,,,,,,
7877.550781,-4.167419,0,0,0,0,,,7877.550781,-4.167419,0,0,0,0,,,,,,,,
7918.367188,-4.167419,0,0,0,0,,,7918.367188,-4.167419,0,0,0,0,,,,,,,,
7959.183594,-4.167419,0,0,0,0,,,7959.183594,-4.167419,0,0,0,0,,,,,,,,
8000,-4.167419,0,0,0,0,,,8000,-4.167419,0,0,0,0,,,,,,,,
8040.816406,-4.167419,0,0,0,0,,,8040.816406,-4.167419,0,0,0,0,,,,,,,,
8081.632812,-4.167419,0,0,0,0,,,8081.632812,-4.167419,0,0,0,0,,,,,,,,
8122.449219,-4.167419,0,0,0,0,,,8122.449219,-4.167419,0,0,0,0,,,,,,,,
8163.265137,-4.167419,0,0,0,0,,,8163.265137,-4.167419,0,0,0,0,,,,,,,,
8204.082031,-4.167419,0,0,0,0,,,8204.082031,-4.167419,0,0,0,0,,,,,,,,
8244.898438,-4.167419,0,0,0,0,,,8244.898438,-4.167419,0,0,0,0,,,,,,,,
8285.713867,-4.167419,0,0,0,0,,,8285.713867,-4.167419,0,0,0,0,,,,,,,,
8326.530273,-4.167419,0,0,0,0,,,8326.530273,-4.167419,0,0,0,0,,,,,,,,
8367.34668,-4.167419,0,0,0,0,,,8367.34668,-4.167419,0,0,0,0,,,,,,,,
8408.163086,-4.167419,0,0,0,0,,,8408.163086,-4.167419,0,0,0,0,,,,,,,,
8448.979492,-4.167419,0,0,0,0,,,8448.979492,-4.167419,0,0,0,0,,,,,,,,
8489.795898,-4.167419,0,0,0,0,,,8489.795898,-4.167419,0,0,0,0,,,,,,,,
8530.612305,-4.167419,0,0,0,0,,,8530.612305,-4.167419,0,0,0,0,,,,,,,,
8571.428711,-4.167419,0,0,0,0,,,8571.428711,-4.167419,0,0,0,0,,,,,,,,
8612.245117,-4.167419,0,0,0,0,,,8612.245117,-4.167419,0,0,0,0,,,,,,,,
8653.061523,-4.167419,0,0,0,0,,,8653.061523,-4.167419,0,0,0,0,,,,,,,,
8693.87793,-4.167419,0,0,0,0,,,8693.87793,-4.167419,0,0,0,0,,,,,,,,
8734.693359,-4.167419,0,0,0,0,,,8734.693359,-4.167419,0,0,0,0,,,,,,,,
8775.509766,-4.167419,0,0,0,0,,,8775.509766,-4.167419,0,0,0,0,,,,,,,,
8816.326172,-4.167419,0,0,0,0,,,8816.326172,-4.167419,0,0,0,0,,,,,,,,
8857.142578,-4.167419,0,0,0,0,,,8857.142578,-4.167419,0,0,0,0,,,,,,,,
8897.958984,-4.167419,0,0,0,0,,,8897.958984,-4.167419,0,0,0,0,,,,,,,,
8938.775391,-4.167419,0,0,0,0,,,8938.775391,-4.167419,0,0,0,0,,,,,,,,
8979.591797,-4.167419,0,0,0,0,,,8979.591797,-4.167419,0,0,0,0,,,,,,,,
7020.408203,-3.782734,0,0,0,0,,,7020.408203,-3.782734,0,0,0,0,,,,,,,,
7061.224609,-3.782734,0,0,0,0,,,7061.224609,-3.782734,0,0,0,0,,,,,,,,
7102.041016,-3.782734,0,0,0,0,,,7102.041016,-3.782734,0,0,0,0,,,,,,,,
7142.857422,-3.782734,0,0,0,0,,,7142.857422,-3.782734,0,0,0,0,,,,,,,,
7183.67334,-3.782734,0,0,0,0,,,7183.67334,-3.782734,0,0,0,0,,,,,,,,
7224.489746,-3.782734,0,0,0,0,,,7224.489746,-3.782734,0,0,0,0,,,,,,,,
7265.306152,-3.782734,0,0,0,0,,,7265.306152,-3.782734,0,0,0,0,,,,,,,,
7306.122559,-3.782734,0,0,0,0,,,7306.122559,-3.782734,0,0,0,0,,,,,,,,
7346.938965,-3.782734,0,0,0,0,,,7346.938965,-3.782734,0,0,0,0,,,,,,,,
7387.754883,-3.782734,0,0,0,0,,,7387.754883,-3.782734,0,0,0,0,,,,,,,,
7428.571289,-3.782734,0,0,0,0,,,7428.571289,-3.782734,0,0,0,0,,,,,,,,
7469.387695,-3.782734,0,0,0,0,,,7469.387695,-3.782734,0,0,0,0,,,,,,,,
7510.204102,-3.782734,0,0,0,0,,,7510.204102,-3.782734,0,0,0,0,,,,,,,,
7551.020508,-3.782734,0,0,0,0,,,7551.020508,-3.782734,0,0,0,0,,,,,,,,
7591.836914,-3.782734,0,0,0,0,,,7591.836914,-3.782734,0,0,0,0,,,,,,,,
7632.65332,-3.782734,0,0,0,0,,,7632.65332,-3.782734,0,0,0,0,,,,,,,,
7673.469238,-3.782734,0,0,0,0,,,7673.469238,-3.782734,0,0,0,0,,,,,,,,
7714.285645,-3.782734,0,0,0,0,,,7714.285645,-3.782734,0,0,0,0,,,,,,,,
7755.102051,-3.782734,0,0,0,0,,,7755.102051,-3.782734,0,0,0,0,,,,,,,,
7795.918457,-3.782734,0,0,0,0,,,7795.918457,-3.782734,0,0,0,0,,,,,,,,
7836.734863,-3.782734,0,0,0,0,,,7836.734863,-3.782734,0,0,0,0,,,,,,,,
7877.550781,-3.782734,0,0,0,0,,,7877.550781,-3.782734,0,0,0,0,,,,,,,,
7918.367188,-3.782734,0,0,0,0,,,7918.367188,-3.782734,0,0,0,0,,,,,,,,
7959.183594,-3.782734,0,0,0,0,,,7959.183594,-3.782734,0,0,0,0,,,,,,,,
8000,-3.782734,0,0,0,0,,,8000,-3.782734,0,0,0,0,,,,,,,,
8040.816406,-3.782734,0,0,0,0,,,8040.816406,-3.782734,0,0,0,0,,,,,,,,
8081.632812,-3.782734,0,0,0,0,,,8081.632812,-3.782734,0,0,0,0,,,,,,,,
8122.449219,-3.782734,0,0,0,0,,,8122.449219,-3.782734,0,0,0,0,,,,,,,,
8163.265137,-3.782734,0,0,0,0,,,8163.265137,-3.782734,0,0,0,0,,,,,,,,
8204.082031,-3.782734,0,0,0,0,,,8204.082031,-3.782734,0,0,0,0,,,,,,,,
8244.898438,-3.782734,0,0,0,0,,,8244.898438,-3.782734,0,0,0,0,,,,,,,,
8285.713867,-3.782734,0,0,0,0,,,8285.713867,-3.782734,0,0,0,0,,,,,,,,
8326.530273,-3.782734,0,0,0,0,,,8326.530273,-3.782734,0,0,0,0,,,,,,,,
8367.34668,-3.782734,0,0,0,0,,,8367.34668,-3.782734,0,0,0,0,,,,,,,,
8408.163086,-3.782734,0,0,0,0,,,8408.163086,-3.782734,0,0,0,0,,,,,,,,
8448.979492,-3.782734,0,0,0,0,,,8448.979492,-3.782734,0,0,0,0,,,,,,,,
8489.795898,-3.782734,0,0,0,0,,,8489.795898,-3.782734,0,0,0,0,,,,,,,,
8530.612305,-3.782734,0,0,0,0,,,8530.612305,-3.782734,0,0,0,0,,,,,,,,
8571.428711,-3.782734,0,0,0,0,,,8571.428711,-3.782734,0,0,0,0,,,,,,,,
8612.245117,-3.782734,0,0,0,0,,,8612.245117,-3.782734,0,0,0,0,,,,,,,,
8653.061523,-3.782734,0,0,0,0,,,8653.061523,-3.782734,0,0,0,0,,,,,,,,
8693.87793,-3.782734,0,0,0,0,,,8693.87793,-3.782734,0,0,0,0,,,,,,,,
8734.693359,-3.782734,0,0,0,0,,,8734.693359,-3.782734,0,0,0,0,,,,,,,,
8775.509766,-3.782734,0,0,0,0,,,8775.509766,-3.782734,0,0,0,0,,,,,,,,
8816.326172,-3.782734,0,0,0,0,,,8816.326172,-3.782734,0,0,0,0,,,,,,,,
8857.142578,-3.782734,0,0,0,0,,,8857.142578,-3.782734,0,0,0,0,,,,,,,,
8897.958984,-3.782734,0,0,0,0,,,8897.958984,-3.782734,0,0,0,0,,,,,,,,
8938.775391,-3.782734,0,0,0,0,,,8938.775391,-3.782734,0,0,0,0,,,,,,,,
8979.591797,-3.782734,0,0,0,0,,,8979.591797,-3.782734,0,0,0,0,,,,,,,,
7020.408203,-3.398049,0,0,0,0,,,7020.408203,-3.398049,0,0,0,0,,,,,,,,
7061.224609,-3.398049,0,0,0,0,,,7061.224609,-3.398049,0,0,0,0,,,,,,,,
7102.041016,-3.398049,0,0,0,0,,,7102.041016,-3.398049,0,0,0,0,,,,,,,,
7142.857422,-3.398049,0,0,0,0,,,7142.857422,-3.398049,0,0,0,0,,,,,,,,
7183.67334,-3.398049,0,0,0,0,,,7183.67334,-3.398049,0,0,0,0,,,,,,,,
7224.489746,-3.398049,0,0,0,0,,,7224.489746,-3.398049,0,0,0,0,,,,,,,,
7265.306152,-3.398049,0,0,0,0,,,7265.306152,-3.398049,0,0,0,0,,,,,,,,
7306.122559,-3.398049,0,0,0,0,,,7306.122559,-3.398049,0,0,0,0,,,,,,,,
7346.938965,-3.398049,0,0,0,0,,,7346.938965,-3.398049,0,0,0,0,,,,,,,,
7387.754883,-3.398049,0,0,0,0,,,7387.754883,-3.398049,0,0,0,0,,,,,,,,
7428.571289,-3.398049,0,0,0,0,,,7428.571289,-3.398049,0,0,0,0,,,,,,,,
7469.387695,-3.398049,0,0,0,0,,,7469.387695,-3.398049,0,0,0,0,,,,,,,,
7510.204102,-3.398049,0,0,0,0,,,7510.204102,-3.398049,0,0,0,0,,,,,,,,
7551.020508,-3.398049,0,0,0,0,,,7551.020508,-3.398049,0,0,0,0,,,,,,,,
7591.836914,-3.398049,0,0,0,0,,,7591.836914,-3.398049,0,0,0,0,,,,,,,,
7632.65332,-3.398049,0,0,0,0,,,7632.65332,-3.398049,0,0,0,0,,,,,,,,
7673.469238,-3.398049,0,0,0,0,,,7673.469238,-3.398049,0,0,0,0,,,,,,,,
7714.285645,-3.398049,0,0,0,0,,,7714.285645,-3.398049,0,0,0,0,,,,,,,,
7755.102051,-3.398049,0,0,0,0,,,7755.102051,-3.398049,0,0,0,0,,,,,,,,
7795.918457,-3.398049,0,0,0,0,,,7795.918457,-3.398049,0,0,0,0,,,,,,,,
7836.734863,-3.398049,0,0,0,0,,,7836.734863,-3.398049,0,0,0,0,,,,,,,,
7877.550781,-3.398049,0,0,0,0,,,7877.550781,-3.398049,0,0,0,0,,,,,,,,
7918.367188,-3.398049,0,0,0,0,,,7918.367188,-3.398049,0,0,0,0,,,,,,,,
7959.183594,-3.398049,0,0,0,0,,,7959.183594,-3.398049,0,0,0,0,,,,,,,,
8000,-3.398049,0,0,0,0,,,8000,-3.398049,0,0,0,0,,,,,,,,
8040.816406,-3.398049,0,0,0,0,,,8040.816406,-3.398049,0,0,0,0,,,,,,,,
8081.632812,-3.398049,0,0,0,0,,,8081.632812,-3.398049,0,0,0,0,,,,,,,,
8122.449219,-3.398049,0,0,0,0,,,8122.449219,-3.398049,0,0,0,0,,,,,,,,
8163.265137,-3.398049,0,0,0,0,,,8163.265137,-3.398049,0,0,0,0,,,,,,,,
8204.082031,-3.398049,0,0,0,0,,,8204.082031,-3.398049,0,0,0,0,,,,,,,,
8244.898438,-3.398049,0,0,0,0,,,8244.898438,-3.398049,0,0,0,0,,,,,,,,
8285.713867,-3.398049,0,0,0,0,,,8285.713867,-3.398049,0,0,0,0,,,,,,,,
8326.530273,-3.398049,0,0,0,0,,,8326.530273,-3.398049,0,0,0,0,,,,,,,,
8367.34668,-3.398049,0,0,0,0,,,8367.34668,-3.398049,0,0,0,0,,,,,,,,
8408.163086,-3.398049,0,0,0,0,,,8408.163086,-3.398049,0,0,0,0,,,,,,,,
8448.979492,-3.398049,0,0,0,0,,,8448.979492,-3.398049,0,0,0,0,,,,,,,,
8489.795898,-3.398049,0,0,0,0,,,8489.795898,-3.398049,0,0,0,0,,,,,,,,
8530.612305,-3.398049,0,0,0,0,,,8530.612305,-3.398049,0,0,0,0,,,,,,,,
8571.428711,-3.398049,0,0,0,0,,,8571.428711,-3.398049,0,0,0,0,,,,,,,,
8612.245117,-3.398049,0,0,0,0,,,8612.245117,-3.398049,0,0,0,0,,,,,,,,
8653.061523,-3.398049,0,0,0,0,,,8653.061523,-3.398049,0,0,0,0,,,,,,,,
8693.87793,-3.398049,0,0,0,0,,,8693.87793,-3.398049,0,0,0,0,,,,,,,,
8734.693359,-3.398049,0,0,0,0,,,8734.693359,-3.398049,0,0,0,0,,,,,,,,
8775.509766,-3.398049,0,0,0,0,,,8775.509766,-3.398049,0,0,0,0,,,,,,,,
8816.326172,-3.398049,0,0,0,0,,,8816.326172,-3.398049,0,0,0,0,,,,,,,,
8857.142578,-3.398049,0,0,0,0,,,8857.142578,-3.398049,0,0,0,0,,,,,,,,
8897.958984,-3.398049,0,0,0,0,,,8897.958984,-3.398049,0,0,0,0,,,,,,,,
8938.775391,-3.398049,0,0,0,0,,,8938.775391,-3.398049,0,0,0,0,,,,,,,,
8979.591797,-3.398049,0,0,0,0,,,8979.591797,-3.398049,0,0,0,0,,,,,,,,
7020.408203,-3.013364,0,0,0,0,,,7020.408203,-3.013364,0,0,0,0,,,,,,,,
7061.224609,-3.013364,0,0,0,0,,,7061.224609,-3.013364,0,0,0,0,,,,,,,,
7102.041016,-3.013364,0,0,0,0,,,7102.041016,-3.013364,0,0,0,0,,,,,,,,
7142.857422,-3.013364,0,0,0,0,,,7142.857422,-3.013364,0,0,0,0,,,,,,,,
7183.67334,-3.013364,0,0,0,0,,,7183.67334,-3.013364,0,0,0,0,,,,,,,,
7224.489746,-3.013364,0,0,0,0,,,7224.489746,-3.013364,0,0,0,0,,,,,,,,
7265.306152,-3.013364,0,0,0,0,,,7265.306152,-3.013364,0,0,0,0,,,,,,,,
7306.122559,-3.013364,0,0,0,0,,,7306.122559,-3.013364,0,0,0,0,,,,,,,,
7346.938965,-3.013364,0,0,0,0,,,7346.938965,-3.013364,0,0,0,0,,,,,,,,
7387.754883,-3.013364,0,0,0,0,,,7387.754883,-3.013364,0,0,0,0,,,,,,,,
7428.571289,-3.013364,0,0,0,0,,,7428.571289,-3.013364,0,0,0,0,,,,,,,,
7469.387695,-3.013364,0,0,0,0,,,7469.387695,-3.013364,0,0,0,0,,,,,,,,
7510.204102,-3.013364,0,0,0,0,,,7510.204102,-3.013364,0,0,0,0,,,,,,,,
7551.020508,-3.013364,0,0,0,0,,,7551.020508,-3.013364,0,0,0,0,,,,,,,,
7591.836914,-3.013364,0,0,0,0,,,7591.836914,-3.013364,0,0,0,0,,,,,,,,
7632.65332,-3.013364,0,0,0,0,,,7632.65332,-3.013364,0,0,0,0,,,,,,,,
7673.469238,-3.013364,0,0,0,0,,,7673.469238,-3.013364,0,0,0,0,,,,,,,,
7714.285645,-3.013364,0,0,0,0,,,7714.285645,-3.013364,0,0,0,0,,,,,,,,
7755.102051,-3.013364,0,0,0,0,,,7755.102051,-3.013364,0,0,0,0,,,,,,,,
7795.918457,-3.013364,0,0,0,0,,,7795.918457,-3.013364,0,0,0,0,,,,,,,,
7836.734863,-3.013364,0,0,0,0,,,7836.734863,-3.013364,0,0,0,0,,,,,,,,
7877.550781,-3.013364,0,0,0,0,,,7877.550781,-3.013364,0,0,0,0,,,,,,,,
7918.367188,-3.013364,0,0,0,0,,,7918.367188,-3.013364,0,0,0,0,,,,,,,,
7959.183594,-3.013364,0,0,0,0,,,7959.183594,-3.013364,0,0,0,0,,,,,,,,
8000,-3.013364,0,0,0,0,,,8000,-3.013364,0,0,0,0,,,,,,,,
8040.816406,-3.013364,0,0,0,0,,,8040.816406,-3.013364,0,0,0,0,,,,,,,,
8081.632812,-3.013364,0,0,0,0,,,8081.632812,-3.013364,0,0,0,0,,,,,,,,
8122.449219,-3.013364,0,0,0,0,,,8122.449219,-3.013364,0,0,0,0,,,,,,,,
8163.265137,-3.013364,0,0,0,0,,,8163.265137,-3.013364,0,0,0,0,,,,,,,,
8204.082031,-3.013364,0,0,0,0,,,8204.082031,-3.013364,0,0,0,0,,,,,,,,
8244.898438,-3.013364,0,0,0,0,,,8244.898438,-3.013364,0,0,0,0,,,,,,,,
8285.713867,-3.013364,0,0,0,0,,,8285.713867,-3.013364,0,0,0,0,,,,,,,,
8326.530273,-3.013364,0,0,0,0,,,8326.530273,-3.013364,0,0,0,0,,,,,,,,
8367.34668,-3.013364,0,0,0,0,,,8367.34668,-3.013364,0,0,0,0,,,,,,,,
8408.163086,-3.013364,0,0,0,0,,,8408.163086,-3.013364,0,0,0,0,,,,,,,,
8448.979492,-3.013364,0,0,0,0,,,8448.979492,-3.013364,0,0,0,0,,,,,,,,
8489.795898,-3.013364,0,0,0,0,,,8489.795898,-3.013364,0,0,0,0,,,,,,,,
8530.612305,-3.013364,0,0,0,0,,,8530.612305,-3.013364,0,0,0,0,,,,,,,,
8571.428711,-3.013364,0,0,0,0,,,8571.428711,-3.013364,0,0,0,0,,,,,,,,
8612.245117,-3.013364,0,0,0,0,,,8612.245117,-3.013364,0,0,0,0,,,,,,,,
8653.061523,-3.013364,0,0,0,0,,,8653.061523,-3.013364,0,0,0,0,,,,,,,,
8693.87793,-3.013364,0,0,0,0,,,8693.87793,-3.013364,0,0,0,0,,,,,,,,
8734.693359,-3.013364,0,0,0,0,,,8734.693359,-3.013364,0,0,0,0,,,,,,,,
8775.509766,-3.013364,0,0,0,0,,,8775.509766,-3.013364,0,0,0,0,,,,,,,,
8816.326172,-3.013364,0,0,0,0,,,8816.326172,-3.013364,0,0,0,0,,,,,,,,
8857.142578,-3.013364,0,0,0,0,,,8857.142578,-3.013364,0,0,0,0,,,,,,,,
8897.958984,-3.013364,0,0,0,0,,,8897.958984,-3.013364,0,0,0,0,,,,,,,,
8938.775391,-3.013364,0,0,0,0,,,8938.775391,-3.013364,0,0,0,0,,,,,,,,
8979.591797,-3.013364,0,0,0,0,,,8979.591797,-3.013364,0,0,0,0,,,,,,,,
7020.408203,-2.62868,0,0,0,0,,,7020.408203,-2.62868,0,0,0,0,,,,,,,,
7061.224609,-2.62868,0,0,0,0,,,7061.224609,-2.62868,0,0,0,0,,,,,,,,
7102.041016,-2.62868,0,0,0,0,,,7102.041016,-2.62868,0,0,0,0,,,,,,,,
7142.857422,-2.62868,0,0,0,0,,,7142.857422,-2.62868,0,0,0,0,,,,,,,,
7183.67334,-2.62868,0,0,0,0,,,7183.67334,-2.62868,0,0,0,0,,,,,,,,
7224.489746,-2.62868,0,0,0,0,,,7224.489746,-2.62868,0,0,0,0,,,,,,,,
7265.306152,-2.62868,0,0,0,0,,,7265.306152,-2.62868,0,0,0,0,,,,,,,,
7306.122559,-2.62868,0,0,0,0,,,7306.122559,-2.62868,0,0,0,0,,,,,,,,
7346.938965,-2.62868,0,0,0,0,,,7346.938965,-2.62868,0,0,0,0,,,,,,,,
7387.754883,-2.62868,0,0,0,0,,,7387.754883,-2.62868,0,0,0,0,,,,,,,,
7428.571289,-2.62868,0,0,0,0,,,7428.571289,-2.62868,0,0,0,0,,,,,,,,
7469.387695,-2.62868,0,0,0,0,,,7469.387695,-2.62868,0,0,0,0,,,,,,,,
7510.204102,-2.62868,0,0,0,0,,,7510.204102,-2.62868,0,0,0,0,,,,,,,,
7551.020508,-2.62868,0,0,0,0,,,7551.020508,-2.62868,0,0,0,0,,,,,,,,
7591.836914,-2.62868,0,0,0,0,,,7591.836914,-2.62868,0,0,0,0,,,,,,,,
7632.65332,-2.62868,0,0,0,0,,,7632.65332,-2.62868,0,0,0,0,,,,,,,,
7673.469238,-2.62868,0,0,0,0,,,7673.469238,-2.62868,0,0,0,0,,,,,,,,
7714.285645,-2.62868,0,0,0,0,,,7714.285645,-2.62868,0,0,0,0,,,,,,,,
7755.102051,-2.62868,0,0,0,0,,,7755.102051,-2.62868,0,0,0,0,,,,,,,,
7795.918457,-2.62868,0,0,0,0,,,7795.918457,-2.62868,0,0,0,0,,,,,,,,
7836.734863,-2.62868,0,0,0,0,,,7836.734863,-2.62868,0,0,0,0,,,,,,,,
7877.550781,-2.62868,0,0,0,0,,,7877.550781,-2.62868,0,0,0,0,,,,,,,,
7918.367188,-2.62868,0,0,0,0,,,7918.367188,-2.62868,0,0,0,0,,,,,,,,
7959.183594,-2.62868,0,0,0,0,,,7959.183594,-2.62868,0,0,0,0,,,,,,,,
8000,-2.62868,0,0,0,0,,,8000,-2.62868,0,0,0,0,,,,,,,,
8040.816406,-2.62868,0,0,0,0,,,8040.816406,-2.62868,0,0,0,0,,,,,,,,
8081.632812,-2.62868,0,0,0,0,,,8081.632812,-2.62868,0,0,0,0,,,,,,,,
8122.449219,-2.62868,0,0,0,0,,,8122.449219,-2.62868,0,0,0,0,,,,,,,,
8163.265137,-2.62868,0,0,0,0,,,8163.265137,-2.62868,0,0,0,0,,,,,,,,
8204.082031,-2.62868,0,0,0,0,,,8204.082031,-2.62868,0,0,0,0,,,,,,,,
8244.898438,-2.62868,0,0,0,0,,,8244.898438,-2.62868,0,0,0,0,,,,,,,,
8285.713867,-2.62868,0,0,0,0,,,8285.713867,-2.62868,0,0,0,0,,,,,,,,
8326.530273,-2.62868,0,0,0,0,,,8326.530273,-2.62868,0,0,0,0,,,,,,,,
8367.34668,-2.62868,0,0,0,0,,,8367.34668,-2.62868,0,0,0,0,,,,,,,,
8408.163086,-2.62868,0,0,0,0,,,8408.163086,-2.62868,0,0,0,0,,,,,,,,
8448.979492,-2.62868,0,0,0,0,,,8448.979492,-2.62868,0,0,0,0,,,,,,,,
8489.795898,-2.62868,0,0,0,0,,,8489.795898,-2.62868,0,0,0,0,,,,,,,,
8530.612305,-2.62868,0,0,0,0,,,8530.612305,-2.62868,0,0,0,0,,,,,,,,
8571.428711,-2.62868,0,0,0,0,,,8571.428711,-2.62868,0,0,0,0,,,,,,,,
8612.245117,-2.62868,0,0,0,0,,,8612.245117,-2.62868,0,0,0,0,,,,,,,,
8653.061523,-2.62868,0,0,0,0,,,8653.061523,-2.62868,0,0,0,0,,,,,,,,
8693.87793,-2.62868,0,0,0,0,,,8693.87793,-2.62868,0,0,0,0,,,,,,,,
8734.693359,-2.62868,0,0,0,0,,,8734.693359,-2.62868,0,0,0,0,,,,,,,,
8775.509766,-2.62868,0,0,0,0,,,8775.509766,-2.62868,0,0,0,0,,,,,,,,
8816.326172,-2.62868,0,0,0,0,,,8816.326172,-2.62868,0,0,0,0,,,,,,,,
8857.142578,-2.62868,0,0,0,0,,,8857.142578,-2.62868,0,0,0,0,,,,,,,,
8897.958984,-2.62868,0,0,0,0,,,8897.958984,-2.62868,0,0,0,0,,,,,,,,
8938.775391,-2.62868,0,0,0,0,,,8938.775391,-2.62868,0,0,0,0,,,,,,,,
8979.591797,-2.62868,0,0,0,0,,,8979.591797,-2.62868,0,0,0,0,,,,,,,,
7020.408203,-2.243995,0,0,0,0,,,7020.408203,-2.243995,0,0,0,0,,,,,,,,
7061.224609,-2.243995,0,0,0,0,,,7061.224609,-2.243995,0,0,0,0,,,,,,,,
7102.041016,-2.243995,0,0,0,0,,,7102.041016,-2.243995,0,0,0,0,,,,,,,,
7142.857422,-2.243995,0,0,0,0,,,7142.857422,-2.243995,0,0,0,0,,,,,,,,
7183.67334,-2.243995,0,0,0,0,,,7183.67334,-2.243995,0,0,0,0,,,,,,,,
7224.489746,-2.243995,0,0,0,0,,,7224.489746,-2.243995,0,0,0,0,,,,,,,,
7265.306152,-2.243995,0,0,0,0,,,7265.306152,-2.243995,0,0,0,0,,,,,,,,
7306.122559,-2.243995,0,0,0,0,,,7306.122559,-2.243995,0,0,0,0,,,,,,,,
7346.938965,-2.243995,0,0,0,0,,,7346.938965,-2.243995,0,0,0,0,,,,,,,,
7387.754883,-2.243995,0,0,0,0,,,7387.754883,-2.243995,0,0,0,0,,,,,,,,
7428.571289,-2.243995,0,0,0,0,,,7428.571289,-2.243995,0,0,0,0,,,,,,,,
7469.387695,-2.243995,0,0,0,0,,,7469.387695,-2.243995,0,0,0,0,,,,,,,,
7510.204102,-2.243995,0,0,0,0,,,7510.204102,-2.243995,0,0,0,0,,,,,,,,
7551.020508,-2.243995,0,0,0,0,,,7551.020508,-2.243995,0,0,0,0,,,,,,,,
7591.836914,-2.243995,0,0,0,0,,,7591.836914,-2.243995,0,0,0,0,,,,,,,,
7632.65332,-2.243995,0,0,0,0,,,7632.65332,-2.243995,0,0,0,0,,,,,,,,
7673.469238,-2.243995,0,0,0,0,,,7673.469238,-2.243995,0,0,0,0,,,,,,,,
7714.285645,-2.243995,0,0,0,0,,,7714.285645,-2.243995,0,0,0,0,,,,,,,,
7755.102051,-2.243995,0,0,0,0,,,7755.102051,-2.243995,0,0,0,0,,,,,,,,
7795.918457,-2.243995,0,0,0,0,,,7795.918457,-2.243995,0,0,0,0,,,,,,,,
7836.734863,-2.243995,0,0,0,0,,,7836.734863,-2.243995,0,0,0,0,,,,,,,,
7877.550781,-2.243995,0,0,0,0,,,7877.550781,-2.243995,0,0,0,0,,,,,,,,
7918.367188,-2.243995,0,0,0,0,,,7918.367188,-2.243995,0,0,0,0,,,,,,,,
7959.183594,-2.243995,0,0,0,0,,,7959.183594,-2.243995,0,0,0,0,,,,,,,,
8000,-2.243995,0,0,0,0,,,8000,-2.243995,0,0,0,0,,,,,,,,
8040.816406,-2.243995,0,0,0,0,,,8040.816406,-2.243995,0,0,0,0,,,,,,,,
8081.632812,-2.243995,0,0,0,0,,,8081.632812,-2.243995,0,0,0,0,,,,,,,,
8122.449219,-2.243995,0,0,0,0,,,8122.449219,-2.243995,0,0,0,0,,,,,,,,
8163.265137,-2.243995,0,0,0,0,,,8163.265137,-2.243995,0,0,0,0,,,,,,,,
8204.082031,-2.243995,0,0,0,0,,,8204.082031,-2.243995,0,0,0,0,,,,,,,,
8244.898438,-2.243995,0,0,0,0,,,8244.898438,-2.243995,0,0,0,0,,,,,,,,
8285.713867,-2.243995,0,0,0,0,,,8285.713867,-2.243995,0,0,0,0,,,,,,,,
8326.530273,-2.243995,0,0,0,0,,,8326.530273,-2.243995,0,0,0,0,,,,,,,,
8367.34668,-2.243995,0,0,0,0,,,8367.34668,-2.243995,0,0,0,0,,,,,,,,
8408.163086,-2.243995,0,0,0,0,,,8408.163086,-2.243995,0,0,0,0,,,,,,,,
8448.979492,-2.243995,0,0,0,0,,,8448.979492,-2.243995,0,0,0,0,,,,,,,,
8489.795898,-2.243995,0,0,0,0,,,8489.795898,-2.243995,0,0,0,0,,,,,,,,
8530.612305,-2.243995,0,0,0,0,,,8530.612305,-2.243995,0,0,0,0,,,,,,,,
8571.428711,-2.243995,0,0,0,0,,,8571.428711,-2.243995,0,0,0,0,,,,,,,,
8612.245117,-2.243995,0,0,0,0,,,8612.245117,-2.243995,0,0,0,0,,,,,,,,
8653.061523,-2.243995,0,0,0,0,,,8653.061523,-2.243995,0,0,0,0,,,,,,,,
8693.87793,-2.243995,0,0,0,0,,,8693.87793,-2.243995,0,0,0,0,,,,,,,,
8734.693359,-2.243995,0,0,0,0,,,8734.693359,-2.243995,0,0,0,0,,,,,,,,
8775.509766,-2.243995,0,0,0,0,,,8775.509766,-2.243995,0,0,0,0,,,,,,,,
8816.326172,-2.243995,0,0,0,0,,,8816.326172,-2.243995,0,0,0,0,,,,,,,,
8857.142578,-2.243995,0,0,0,0,,,8857.142578,-2.243995,0,0,0,0,,,,,,,,
8897.958984,-2.243995,0,0,0,0,,,8897.958984,-2.243995,0,0,0,0,,,,,,,,
8938.775391,-2.243995,0,0,0,0,,,8938.775391,-2.243995,0,0,0,0,,,,,,,,
8979.591797,-2.243995,0,0,0,0,,,8979.591797,-2.243995,0,0,0,0,,,,,,,,
7020.408203,-1.85931,0,0,0,0,,,7020.408203,-1.85931,0,0,0,0,,,,,,,,
7061.224609,-1.85931,0,0,0,0,,,7061.224609,-1.85931,0,0,0,0,,,,,,,,
7102.041016,-1.85931,0,0,0,0,,,7102.041016,-1.85931,0,0,0,0,,,,,,,,
7142.857422,-1.85931,0,0,0,0,,,7142.857422,-1.85931,0,0,0,0,,,,,,,,
7183.67334,-1.85931,0,0,0,0,,,7183.67334,-1.85931,0,0,0,0,,,,,,,,
7224.489746,-1.85931,0,0,0,0,,,7224.489746,-1.85931,0,0,0,0,,,,,,,,
7265.306152,-1.85931,0,0,0,0,,,7265.306152,-1.85931,0,0,0,0,,,,,,,,
7306.122559,-1.85931,0,0,0,0,,,7306.122559,-1.85931,0,0,0,0,,,,,,,,
7346.938965,-1.85931,0,0,0,0,,,7346.938965,-1.85931,0,0,0,0,,,,,,,,
7387.754883,-1.85931,0,0,0,0,,,7387.754883,-1.85931,0,0,0,0,,,,,,,,
7428.571289,-1.85931,0,0,0,0,,,7428.571289,-1.85931,0,0,0,0,,,,,,,,
7469.387695,-1.85931,0,0,0,0,,,7469.387695,-1.85931,0,0,0,0,,,,,,,,
7510.204102,-1.85931,0,0,0,0,,,7510.204102,-1.85931,0,0,0,0,,,,,,,,
7551.020508,-1.85931,0,0,0,0,,,7551.020508,-1.85931,0,0,0,0,,,,,,,,
7591.836914,-1.85931,0,0,0,0,,,7591.836914,-1.85931,0,0,0,0,,,,,,,,
7632.65332,-1.85931,0,0,0,0,,,7632.65332,-1.85931,0,0,0,0,,,,,,,,
7673.469238,-1.85931,0,0,0,0,,,7673.469238,-1.85931,0,0,0,0,,,,,,,,
7714.285645,-1.85931,0,0,0,0,,,7714.285645,-1.85931,0,0,0,0,,,,,,,,
7755.102051,-1.85931,0,0,0,0,,,7755.102051,-1.85931,0,0,0,0,,,,,,,,
7795.918457,-1.85931,0,0,0,0,,,7795.918457,-1.85931,0,0,0,0,,,,,,,,
7836.734863,-1.85931,0,0,0,0,,,7836.734863,-1.85931,0,0,0,0,,,,,,,,
7877.550781,-1.85931,0,0,0,0,,,7877.550781,-1.85931,0,0,0,0,,,,,,,,
7918.367188,-1.85931,0,0,0,0,,,7918.367188,-1.85931,0.000001,0.007918367,62.70053892,0.015454054,,,,,,,,
7959.183594,-1.85931,0,0,0,0,,,7959.183594,-1.85931,0.000001,0.007959184,63.34860348,0.006971904,,,,,,,,
8000,-1.85931,0,0,0,0,,,8000,-1.85931,0.000001,0.008,64,0.001821712,,,,,,,,
8040.816406,-1.85931,0,0,0,0,,,8040.816406,-1.85931,0.000001,0.008040816,64.65472847,3.47866E-06,,,,,,,,
8081.632812,-1.85931,0,0,0,0,,,8081.632812,-1.85931,0.000001,0.008081633,65.31278891,0.001517203,,,,,,,,
8122.449219,-1.85931,0,0,0,0,,,8122.449219,-1.85931,0.000001,0.008122449,65.97418132,0.006362885,,,,,,,,
8163.265137,-1.85931,0,0,0,0,,,8163.265137,-1.85931,0.000001,0.008163265,66.6388977,0.014540408,,,,,,,,
8204.082031,-1.85931,0,0,0,0,,,8204.082031,-1.85931,0,0,0,0,,,,,,,,
8244.898438,-1.85931,0,0,0,0,,,8244.898438,-1.85931,0,0,0,0,,,,,,,,
8285.713867,-1.85931,0,0,0,0,,,8285.713867,-1.85931,0,0,0,0,,,,,,,,
8326.530273,-1.85931,0,0,0,0,,,8326.530273,-1.85931,0,0,0,0,,,,,,,,
8367.34668,-1.85931,0,0,0,0,,,8367.34668,-1.85931,0,0,0,0,,,,,,,,
8408.163086,-1.85931,0,0,0,0,,,8408.163086,-1.85931,0,0,0,0,,,,,,,,
8448.979492,-1.85931,0,0,0,0,,,8448.979492,-1.85931,0,0,0,0,,,,,,,,
8489.795898,-1.85931,0,0,0,0,,,8489.795898,-1.85931,0,0,0,0,,,,,,,,
8530.612305,-1.85931,0,0,0,0,,,8530.612305,-1.85931,0,0,0,0,,,,,,,,
8571.428711,-1.85931,0,0,0,0,,,8571.428711,-1.85931,0,0,0,0,,,,,,,,
8612.245117,-1.85931,0,0,0,0,,,8612.245117,-1.85931,0,0,0,0,,,,,,,,
8653.061523,-1.85931,0,0,0,0,,,8653.061523,-1.85931,0,0,0,0,,,,,,,,
8693.87793,-1.85931,0,0,0,0,,,8693.87793,-1.85931,0,0,0,0,,,,,,,,
8734.693359,-1.85931,0,0,0,0,,,8734.693359,-1.85931,0,0,0,0,,,,,,,,
8775.509766,-1.85931,0,0,0,0,,,8775.509766,-1.85931,0,0,0,0,,,,,,,,
8816.326172,-1.85931,0,0,0,0,,,8816.326172,-1.85931,0,0,0,0,,,,,,,,
8857.142578,-1.85931,0,0,0,0,,,8857.142578,-1.85931,0,0,0,0,,,,,,,,
8897.958984,-1.85931,0,0,0,0,,,8897.958984,-1.85931,0,0,0,0,,,,,,,,
8938.775391,-1.85931,0,0,0,0,,,8938.775391,-1.85931,0,0,0,0,,,,,,,,
8979.591797,-1.85931,0,0,0,0,,,8979.591797,-1.85931,0,0,0,0,,,,,,,,
7020.408203,-1.474625,0,0,0,0,,,7020.408203,-1.474625,0,0,0,0,,,,,,,,
7061.224609,-1.474625,0,0,0,0,,,7061.224609,-1.474625,0,0,0,0,,,,,,,,
7102.041016,-1.474625,0,0,0,0,,,7102.041016,-1.474625,0,0,0,0,,,,,,,,
7142.857422,-1.474625,0,0,0,0,,,7142.857422,-1.474625,0,0,0,0,,,,,,,,
7183.67334,-1.474625,0,0,0,0,,,7183.67334,-1.474625,0,0,0,0,,,,,,,,
7224.489746,-1.474625,0,0,0,0,,,7224.489746,-1.474625,0,0,0,0,,,,,,,,
7265.306152,-1.474625,0,0,0,0,,,7265.306152,-1.474625,0,0,0,0,,,,,,,,
7306.122559,-1.474625,0,0,0,0,,,7306.122559,-1.474625,0,0,0,0,,,,,,,,
7346.938965,-1.474625,0,0,0,0,,,7346.938965,-1.474625,0,0,0,0,,,,,,,,
7387.754883,-1.474625,0,0,0,0,,,7387.754883,-1.474625,0,0,0,0,,,,,,,,
7428.571289,-1.474625,0,0,0,0,,,7428.571289,-1.474625,0,0,0,0,,,,,,,,
7469.387695,-1.474625,0,0,0,0,,,7469.387695,-1.474625,0,0,0,0,,,,,,,,
7510.204102,-1.474625,0,0,0,0,,,7510.204102,-1.474625,0,0,0,0,,,,,,,,
7551.020508,-1.474625,0,0,0,0,,,7551.020508,-1.474625,0,0,0,0,,,,,,,,
7591.836914,-1.474625,0,0,0,0,,,7591.836914,-1.474625,0,0,0,0,,,,,,,,
7632.65332,-1.474625,0,0,0,0,,,7632.65332,-1.474625,0,0,0,0,,,,,,,,
7673.469238,-1.474625,0,0,0,0,,,7673.469238,-1.474625,0,0,0,0,,,,,,,,
7714.285645,-1.474625,0,0,0,0,,,7714.285645,-1.474625,0,0,0,0,,,,,,,,
7755.102051,-1.474625,0,0,0,0,,,7755.102051,-1.474625,0,0,0,0,,,,,,,,
7795.918457,-1.474625,0,0,0,0,,,7795.918457,-1.474625,0,0,0,0,,,,,,,,
7836.734863,-1.474625,0,0,0,0,,,7836.734863,-1.474625,0.000001,0.007836735,61.41441331,0.042414027,,,,,,,,
7877.550781,-1.474625,0,0,0,0,,,7877.550781,-1.474625,0.000001,0.007877551,62.05580631,0.027268162,,,,,,,,
7918.367188,-1.474625,0,0,0,0,,,7918.367188,-1.474625,0.000002,0.015836734,125.4010778,0.030908108,,,,,,,,
7959.183594,-1.474625,0,0,0,0,,,7959.183594,-1.474625,0.000003,0.023877551,190.0458104,0.020915713,,,,,,,,
8000,-1.474625,0,0,0,0,,,8000,-1.474625,0.000003,0.024,192,0.005465137,,,,,,,,
8040.816406,-1.474625,0,0,0,0,,,8040.816406,-1.474625,0.000003,0.024122449,193.9641854,1.0436E-05,,,,,,,,
8081.632812,-1.474625,0,0,0,0,,,8081.632812,-1.474625,0.000003,0.024244898,195.9383667,0.004551609,,,,,,,,
8122.449219,-1.474625,0,0,0,0,,,8122.449219,-1.474625,0.000002,0.016244898,131.9483626,0.01272577,,,,,,,,
8163.265137,-1.474625,0,0,0,0,,,8163.265137,-1.474625,0.000002,0.01632653,133.2777954,0.029080816,,,,,,,,
8204.082031,-1.474625,0,0,0,0,,,8204.082031,-1.474625,0.000001,0.008204082,67.30696197,0.026050124,,,,,,,,
8244.898438,-1.474625,0,0,0,0,,,8244.898438,-1.474625,0.000001,0.008244898,67.97835025,0.040891681,,,,,,,,
8285.713867,-1.474625,0,0,0,0,,,8285.713867,-1.474625,0,0,0,0,,,,,,,,
8326.530273,-1.474625,0,0,0,0,,,8326.530273,-1.474625,0,0,0,0,,,,,,,,
8367.34668,-1.474625,0,0,0,0,,,8367.34668,-1.474625,0,0,0,0,,,,,,,,
8408.163086,-1.474625,0,0,0,0,,,8408.163086,-1.474625,0,0,0,0,,,,,,,,
8448.979492,-1.474625,0,0,0,0,,,8448.979492,-1.474625,0,0,0,0,,,,,,,,
8489.795898,-1.474625,0,0,0,0,,,8489.795898,-1.474625,0,0,0,0,,,,,,,,
8530.612305,-1.474625,0,0,0,0,,,8530.612305,-1.474625,0,0,0,0,,,,,,,,
8571.428711,-1.474625,0,0,0,0,,,8571.428711,-1.474625,0,0,0,0,,,,,,,,
8612.245117,-1.474625,0,0,0,0,,,8612.245117,-1.474625,0,0,0,0,,,,,,,,
8653.061523,-1.474625,0,0,0,0,,,8653.061523,-1.474625,0,0,0,0,,,,,,,,
8693.87793,-1.474625,0,0,0,0,,,8693.87793,-1.474625,0,0,0,0,,,,,,,,
8734.693359,-1.474625,0,0,0,0,,,8734.693359,-1.474625,0,0,0,0,,,,,,,,
8775.509766,-1.474625,0,0,0,0,,,8775.509766,-1.474625,0,0,0,0,,,,,,,,
8816.326172,-1.474625,0,0,0,0,,,8816.326172,-1.474625,0,0,0,0,,,,,,,,
8857.142578,-1.474625,0,0,0,0,,,8857.142578,-1.474625,0,0,0,0,,,,,,,,
8897.958984,-1.474625,0,0,0,0,,,8897.958984,-1.474625,0,0,0,0,,,,,,,,
8938.775391,-1.474625,0,0,0,0,,,8938.775391,-1.474625,0,0,0,0,,,,,,,,
8979.591797,-1.474625,0,0,0,0,,,8979.591797,-1.474625,0,0,0,0,,,,,,,,
7020.408203,-1.08994,0,0,0,0,,,7020.408203,-1.08994,0,0,0,0,,,,,,,,
7061.224609,-1.08994,0,0,0,0,,,7061.224609,-1.08994,0,0,0,0,,,,,,,,
7102.041016,-1.08994,0,0,0,0,,,7102.041016,-1.08994,0,0,0,0,,,,,,,,
7142.857422,-1.08994,0,0,0,0,,,7142.857422,-1.08994,0,0,0,0,,,,,,,,
7183.67334,-1.08994,0,0,0,0,,,7183.67334,-1.08994,0,0,0,0,,,,,,,,
7224.489746,-1.08994,0,0,0,0,,,7224.489746,-1.08994,0,0,0,0,,,,,,,,
7265.306152,-1.08994,0,0,0,0,,,7265.306152,-1.08994,0,0,0,0,,,,,,,,
7306.122559,-1.08994,0,0,0,0,,,7306.122559,-1.08994,0,0,0,0,,,,,,,,
7346.938965,-1.08994,0,0,0,0,,,7346.938965,-1.08994,0,0,0,0,,,,,,,,
7387.754883,-1.08994,0,0,0,0,,,7387.754883,-1.08994,0,0,0,0,,,,,,,,
7428.571289,-1.08994,0,0,0,0,,,7428.571289,-1.08994,0,0,0,0,,,,,,,,
7469.387695,-1.08994,0,0,0,0,,,7469.387695,-1.08994,0,0,0,0,,,,,,,,
7510.204102,-1.08994,0,0,0,0,,,7510.204102,-1.08994,0,0,0,0,,,,,,,,
7551.020508,-1.08994,0,0,0,0,,,7551.020508,-1.08994,0,0,0,0,,,,,,,,
7591.836914,-1.08994,0,0,0,0,,,7591.836914,-1.08994,0,0,0,0,,,,,,,,
7632.65332,-1.08994,0,0,0,0,,,7632.65332,-1.08994,0,0,0,0,,,,,,,,
7673.469238,-1.08994,0,0,0,0,,,7673.469238,-1.08994,0,0,0,0,,,,,,,,
7714.285645,-1.08994,0,0,0,0,,,7714.285645,-1.08994,0.000001,0.007714286,59.51020301,0.107843853,,,,,,,,
7755.102051,-1.08994,0.000001,0.007755102,60.14160782,0.059708406,,,7755.102051,-1.08994,0.000001,0.007755102,60.14160782,0.082701953,,,,,,,,
7795.918457,-1.08994,0.000003,0.023387755,182.3290338,0.124281478,,,7795.918457,-1.08994,0.000003,0.023387755,182.3290338,0.182676033,,,,,,,,
7836.734863,-1.08994,0.000006,0.047020409,368.4864799,0.158867226,,,7836.734863,-1.08994,0.000006,0.047020409,368.4864799,0.254484162,,,,,,,,
7877.550781,-1.08994,0.00001,0.078775508,620.5580631,0.148606596,,,7877.550781,-1.08994,0.00001,0.078775508,620.5580631,0.272681621,,,,,,,,
7918.367188,-1.08994,0.000015,0.118775508,940.5080839,0.098628708,,,7918.367188,-1.08994,0.000015,0.118775508,940.5080839,0.23181081,,,,,,,,
7959.183594,-1.08994,0.000021,0.167142855,1330.320673,0.034057655,,,7959.183594,-1.08994,0.000019,0.151224488,1203.623466,0.13246618,,,,,,,,
8000,-1.08994,0.000022,0.176,1408,6.53248E-06,,,8000,-1.08994,0.00002,0.16,1280,0.036434249,,,,,,,,
8040.816406,-1.08994,0.00002,0.160816328,1293.094569,0.034215176,,,8040.816406,-1.08994,0.00002,0.160816328,1293.094569,6.95733E-05,,,,,,,,
8081.632812,-1.08994,0.000015,0.121224492,979.6918336,0.101297679,,,8081.632812,-1.08994,0.000017,0.137387758,1110.317411,0.025792449,,,,,,,,
8122.449219,-1.08994,0.00001,0.081224492,659.7418132,0.151275567,,,8122.449219,-1.08994,0.000012,0.097469391,791.6901758,0.076354623,,,,,,,,
8163.265137,-1.08994,0.000006,0.048979591,399.8333862,0.161002397,,,8163.265137,-1.08994,0.000008,0.065306121,533.1111816,0.116323263,,,,,,,,
8204.082031,-1.08994,0.000003,0.024612246,201.9208859,0.12561656,,,8204.082031,-1.08994,0.000005,0.04102041,336.5348099,0.130250619,,,,,,,,
8244.898438,-1.08994,0.000001,0.008244898,67.97835025,0.060242439,,,8244.898438,-1.08994,0.000003,0.024734695,203.9350508,0.122675042,,,,,,,,
8285.713867,-1.08994,0,0,0,0,,,8285.713867,-1.08994,0.000002,0.016571428,137.3061086,0.11812944,,,,,,,,
8326.530273,-1.08994,0,0,0,0,,,8326.530273,-1.08994,0.000001,0.00832653,69.33110639,0.080570113,,,,,,,,
8367.34668,-1.08994,0,0,0,0,,,8367.34668,-1.08994,0.000001,0.008367347,70.01249046,0.105407464,,,,,,,,
8408.163086,-1.08994,0,0,0,0,,,8408.163086,-1.08994,0,0,0,0,,,,,,,,
8448.979492,-1.08994,0,0,0,0,,,8448.979492,-1.08994,0,0,0,0,,,,,,,,
8489.795898,-1.08994,0,0,0,0,,,8489.795898,-1.08994,0,0,0,0,,,,,,,,
8530.612305,-1.08994,0,0,0,0,,,8530.612305,-1.08994,0,0,0,0,,,,,,,,
8571.428711,-1.08994,0,0,0,0,,,8571.428711,-1.08994,0,0,0,0,,,,,,,,
8612.245117,-1.08994,0,0,0,0,,,8612.245117,-1.08994,0,0,0,0,,,,,,,,
8653.061523,-1.08994,0,0,0,0,,,8653.061523,-1.08994,0,0,0,0,,,,,,,,
8693.87793,-1.08994,0,0,0,0,,,8693.87793,-1.08994,0,0,0,0,,,,,,,,
8734.693359,-1.08994,0,0,0,0,,,8734.693359,-1.08994,0,0,0,0,,,,,,,,
8775.509766,-1.08994,0,0,0,0,,,8775.509766,-1.08994,0,0,0,0,,,,,,,,
8816.326172,-1.08994,0,0,0,0,,,8816.326172,-1.08994,0,0,0,0,,,,,,,,
8857.142578,-1.08994,0,0,0,0,,,8857.142578,-1.08994,0,0,0,0,,,,,,,,
8897.958984,-1.08994,0,0,0,0,,,8897.958984,-1.08994,0,0,0,0,,,,,,,,
8938.775391,-1.08994,0,0,0,0,,,8938.775391,-1.08994,0,0,0,0,,,,,,,,
8979.591797,-1.08994,0,0,0,0,,,8979.591797,-1.08994,0,0,0,0,,,,,,,,
7020.408203,-0.705256,0,0,0,0,,,7020.408203,-0.705256,0,0,0,0,,,,,,,,
7061.224609,-0.705256,0,0,0,0,,,7061.224609,-0.705256,0,0,0,0,,,,,,,,
7102.041016,-0.705256,0,0,0,0,,,7102.041016,-0.705256,0,0,0,0,,,,,,,,
7142.857422,-0.705256,0,0,0,0,,,7142.857422,-0.705256,0,0,0,0,,,,,,,,
7183.67334,-0.705256,0,0,0,0,,,7183.67334,-0.705256,0,0,0,0,,,,,,,,
7224.489746,-0.705256,0,0,0,0,,,7224.489746,-0.705256,0,0,0,0,,,,,,,,
7265.306152,-0.705256,0,0,0,0,,,7265.306152,-0.705256,0,0,0,0,,,,,,,,
7306.122559,-0.705256,0,0,0,0,,,7306.122559,-0.705256,0,0,0,0,,,,,,,,
7346.938965,-0.705256,0,0,0,0,,,7346.938965,-0.705256,0,0,0,0,,,,,,,,
7387.754883,-0.705256,0,0,0,0,,,7387.754883,-0.705256,0,0,0,0,,,,,,,,
7428.571289,-0.705256,0,0,0,0,,,7428.571289,-0.705256,0,0,0,0,,,,,,,,
7469.387695,-0.705256,0,0,0,0,,,7469.387695,-0.705256,0,0,0,0,,,,,,,,
7510.204102,-0.705256,0,0,0,0,,,7510.204102,-0.705256,0,0,0,0,,,,,,,,
7551.020508,-0.705256,0,0,0,0,,,7551.020508,-0.705256,0,0,0,0,,,,,,,,
7591.836914,-0.705256,0,0,0,0,,,7591.836914,-0.705256,0,0,0,0,,,,,,,,
7632.65332,-0.705256,0.000001,0.007632653,58.2573967,0.134543536,,,7632.65332,-0.705256,0.000001,0.007632653,58.2573967,0.168123128,,,,,,,,
7673.469238,-0.705256,0.000003,0.023020408,176.6463904,0.31880032,,,7673.469238,-0.705256,0.000003,0.023020408,176.6463904,0.408953135,,,,,,,,
7714.285645,-0.705256,0.000009,0.069428571,535.5918271,0.731894492,,,7714.285645,-0.705256,0.000008,0.061714285,476.0816241,0.862750824,,,,,,,,
7755.102051,-0.705256,0.000026,0.201632653,1563.681803,1.552418551,,,7755.102051,-0.705256,0.000024,0.186122449,1443.398588,1.984846872,,,,,,,,
7795.918457,-0.705256,0.000065,0.5067347,3950.462398,2.692765362,,,7795.918457,-0.705256,0.000057,0.444367352,3464.251642,3.470844626,,,,,,,,
7836.734863,-0.705256,0.000136,1.065795941,8352.360211,3.60099046,,,7836.734863,-0.705256,0.000115,0.901224509,7062.657531,4.8776131,,,,,,,,
7877.550781,-0.705256,0.000241,1.898489738,14955.44932,3.581418968,,,7877.550781,-0.705256,0.000199,1.567632605,12349.10546,5.42636426,,,,,,,,
7918.367188,-0.705256,0.000363,2.874367289,22760.29563,2.386814744,,,7918.367188,-0.705256,0.000294,2.327999953,18433.95844,4.543491877,,,,,,,,
7959.183594,-0.705256,0.000465,3.701020371,29457.10062,0.754133783,,,7959.183594,-0.705256,0.000372,2.960816297,23565.6805,2.593548372,,,,,,,,
8000,-0.705256,0.000504,4.032,32256,0.000149653,,,8000,-0.705256,0.000403,3.224,25792,0.734150116,,,,,,,,
8040.816406,-0.705256,0.000466,3.747020445,30129.10347,0.797213591,,,8040.816406,-0.705256,0.000372,2.991183703,24051.55899,0.001294063,,,,,,,,
8081.632812,-0.705256,0.000364,2.941714344,23773.85516,2.458157019,,,8081.632812,-0.705256,0.000293,2.367918414,19136.64715,0.444540443,,,,,,,,
8122.449219,-0.705256,0.000241,1.957510262,15899.7777,3.645741168,,,8122.449219,-0.705256,0.000195,1.583877598,12864.96536,1.240762624,,,,,,,,
8163.265137,-0.705256,0.000137,1.118367324,9129.528984,3.676221387,,,8163.265137,-0.705256,0.000112,0.914285695,7463.556542,1.628525679,,,,,,,,
8204.082031,-0.705256,0.000063,0.516857168,4240.338604,2.637947753,,,8204.082031,-0.705256,0.000057,0.467632676,3836.496832,1.484857058,,,,,,,,
8244.898438,-0.705256,0.000027,0.222612258,1835.415457,1.626545852,,,8244.898438,-0.705256,0.000027,0.222612258,1835.415457,1.104075374,,,,,,,,
8285.713867,-0.705256,0.000009,0.074571425,617.8774886,0.737496806,,,8285.713867,-0.705256,0.000012,0.099428566,823.8366514,0.70877664,,,,,,,,
8326.530273,-0.705256,0.000003,0.024979591,207.9933192,0.320934534,,,8326.530273,-0.705256,0.000006,0.049959182,415.9866383,0.483420676,,,,,,,,
8367.34668,-0.705256,0.000001,0.008367347,70.01249046,0.135344225,,,8367.34668,-0.705256,0.000003,0.02510204,210.0374714,0.316222392,,,,,,,,
8408.163086,-0.705256,0,0,0,0,,,8408.163086,-0.705256,0.000001,0.008408163,70.69720648,0.133576773,,,,,,,,
8448.979492,-0.705256,0,0,0,0,,,8448.979492,-0.705256,0.000001,0.008448979,71.38525446,0.165078039,,,,,,,,
8489.795898,-0.705256,0,0,0,0,,,8489.795898,-0.705256,0.000001,0.008489796,72.07663439,0.199911264,,,,,,,,
8530.612305,-0.705256,0,0,0,0,,,8530.612305,-0.705256,0,0,0,0,,,,,,,,
8571.428711,-0.705256,0,0,0,0,,,8571.428711,-0.705256,0,0,0,0,,,,,,,,
8612.245117,-0.705256,0,0,0,0,,,8612.245117,-0.705256,0,0,0,0,,,,,,,,
8653.061523,-0.705256,0,0,0,0,,,8653.061523,-0.705256,0,0,0,0,,,,,,,,
8693.87793,-0.705256,0,0,0,0,,,8693.87793,-0.705256,0,0,0,0,,,,,,,,
8734.693359,-0.705256,0,0,0,0,,,8734.693359,-0.705256,0,0,0,0,,,,,,,,
8775.509766,-0.705256,0,0,0,0,,,8775.509766,-0.705256,0,0,0,0,,,,,,,,
8816.326172,-0.705256,0,0,0,0,,,8816.326172,-0.705256,0,0,0,0,,,,,,,,
8857.142578,-0.705256,0,0,0,0,,,8857.142578,-0.705256,0,0,0,0,,,,,,,,
8897.958984,-0.705256,0,0,0,0,,,8897.958984,-0.705256,0,0,0,0,,,,,,,,
8938.775391,-0.705256,0,0,0,0,,,8938.775391,-0.705256,0,0,0,0,,,,,,,,
8979.591797,-0.705256,0,0,0,0,,,8979.591797,-0.705256,0,0,0,0,,,,,,,,
7020.408203,-0.320571,0,0,0,0,,,7020.408203,-0.320571,0,0,0,0,,,,,,,,
7061.224609,-0.320571,0,0,0,0,,,7061.224609,-0.320571,0,0,0,0,,,,,,,,
7102.041016,-0.320571,0,0,0,0,,,7102.041016,-0.320571,0,0,0,0,,,,,,,,
7142.857422,-0.320571,0,0,0,0,,,7142.857422,-0.320571,0,0,0,0,,,,,,,,
7183.67334,-0.320571,0,0,0,0,,,7183.67334,-0.320571,0,0,0,0,,,,,,,,
7224.489746,-0.320571,0,0,0,0,,,7224.489746,-0.320571,0,0,0,0,,,,,,,,
7265.306152,-0.320571,0,0,0,0,,,7265.306152,-0.320571,0,0,0,0,,,,,,,,
7306.122559,-0.320571,0,0,0,0,,,7306.122559,-0.320571,0,0,0,0,,,,,,,,
7346.938965,-0.320571,0,0,0,0,,,7346.938965,-0.320571,0,0,0,0,,,,,,,,
7387.754883,-0.320571,0,0,0,0,,,7387.754883,-0.320571,0,0,0,0,,,,,,,,
7428.571289,-0.320571,0,0,0,0,,,7428.571289,-0.320571,0,0,0,0,,,,,,,,
7469.387695,-0.320571,0,0,0,0,,,7469.387695,-0.320571,0,0,0,0,,,,,,,,
7510.204102,-0.320571,0,0,0,0,,,7510.204102,-0.320571,0,0,0,0,,,,,,,,
7551.020508,-0.320571,0,0,0,0,,,7551.020508,-0.320571,0,0,0,0,,,,,,,,
7591.836914,-0.320571,0.000001,0.007591837,57.63598773,0.166152574,,,7591.836914,-0.320571,0.000001,0.007591837,57.63598773,0.203260862,,,,,,,,
7632.65332,-0.320571,0.000004,0.030530613,233.0295868,0.538174143,,,7632.65332,-0.320571,0.000005,0.038163267,291.2869835,0.840615638,,,,,,,,
7673.469238,-0.320571,0.000015,0.115102039,883.2319522,1.594001598,,,7673.469238,-0.320571,0.000016,0.122775508,942.1140823,2.181083388,,,,,,,,
7714.285645,-0.320571,0.000053,0.408857139,3154.04076,4.310045339,,,7714.285645,-0.320571,0.000051,0.393428568,3035.020354,5.500036503,,,,,,,,
7755.102051,-0.320571,0.000155,1.202040818,9321.949212,9.254802898,,,7755.102051,-0.320571,0.000148,1.147755104,8900.957958,12.23988904,,,,,,,,
7795.918457,-0.320571,0.000381,2.970244932,23155.78729,15.78374774,,,7795.918457,-0.320571,0.000371,2.892285748,22548.02384,22.59093607,,,,,,,,
7836.734863,-0.320571,0.000806,6.3164083,49500.01713,21.34116405,,,7836.734863,-0.320571,0.00079,6.191020542,48517.38652,33.5070813,,,,,,,,
7877.550781,-0.320571,0.001426,11.23338741,88491.57979,21.19130061,,,7877.550781,-0.320571,0.001418,11.17036701,87995.13334,38.66625387,,,,,,,,
7918.367188,-0.320571,0.002156,17.07199966,135182.3619,14.17623302,,,7918.367188,-0.320571,0.002153,17.04824456,134994.2603,33.27257827,,,,,,,,
7959.183594,-0.320571,0.002752,21.90367325,174335.3568,4.463174559,,,7959.183594,-0.320571,0.002767,22.023061,175285.5858,19.29125899,,,,,,,,
8000,-0.320571,0.002994,23.952,191616,0.000889012,,,8000,-0.320571,0.003012,24.096,192768,5.486997887,,,,,,,,
8040.816406,-0.320571,0.002745,22.07204103,177477.2297,4.696032848,,,8040.816406,-0.320571,0.002775,22.31326553,179416.8715,0.00965329,,,,,,,,
8081.632812,-0.320571,0.002157,17.43208198,140879.6857,14.56660629,,,8081.632812,-0.320571,0.002156,17.42400034,140814.3729,3.271089405,,,,,,,,
8122.449219,-0.320571,0.00143,11.61510238,94343.07928,21.6324061,,,8122.449219,-0.320571,0.001414,11.4851432,93287.49238,8.997119743,,,,,,,,
8163.265137,-0.320571,0.000802,6.54693864,53444.39595,21.52065367,,,8163.265137,-0.320571,0.000789,6.440816193,52578.09028,11.47238179,,,,,,,,
8204.082031,-0.320571,0.000382,3.133959336,25711.25947,15.99517526,,,8204.082031,-0.320571,0.000379,3.10934709,25509.33859,9.872996931,,,,,,,,
8244.898438,-0.320571,0.000155,1.277959258,10536.64429,9.337578039,,,8244.898438,-0.320571,0.000159,1.310938852,10808.55769,6.501777203,,,,,,,,
8285.713867,-0.320571,0.000054,0.447428549,3707.264931,4.424980839,,,8285.713867,-0.320571,0.000059,0.488857118,4050.530203,3.48481848,,,,,,,,
8326.530273,-0.320571,0.000015,0.124897954,1039.966596,1.604672668,,,8326.530273,-0.320571,0.00002,0.166530605,1386.622128,1.611402252,,,,,,,,
8367.34668,-0.320571,0.000004,0.033469387,280.0499619,0.541376899,,,8367.34668,-0.320571,0.000007,0.058571427,490.0874332,0.737852247,,,,,,,,
8408.163086,-0.320571,0.000001,0.008408163,70.69720648,0.167042229,,,8408.163086,-0.320571,0.000003,0.025224489,212.0916194,0.400730318,,,,,,,,
8448.979492,-0.320571,0,0,0,0,,,8448.979492,-0.320571,0.000001,0.008448979,71.38525446,0.165078039,,,,,,,,
8489.795898,-0.320571,0,0,0,0,,,8489.795898,-0.320571,0.000001,0.008489796,72.07663439,0.199911264,,,,,,,,
8530.612305,-0.320571,0,0,0,0,,,8530.612305,-0.320571,0,0,0,0,,,,,,,,
8571.428711,-0.320571,0,0,0,0,,,8571.428711,-0.320571,0,0,0,0,,,,,,,,
8612.245117,-0.320571,0,0,0,0,,,8612.245117,-0.320571,0,0,0,0,,,,,,,,
8653.061523,-0.320571,0,0,0,0,,,8653.061523,-0.320571,0,0,0,0,,,,,,,,
8693.87793,-0.320571,0,0,0,0,,,8693.87793,-0.320571,0,0,0,0,,,,,,,,
8734.693359,-0.320571,0,0,0,0,,,8734.693359,-0.320571,0,0,0,0,,,,,,,,
8775.509766,-0.320571,0,0,0,0,,,8775.509766,-0.320571,0,0,0,0,,,,,,,,
8816.326172,-0.320571,0,0,0,0,,,8816.326172,-0.320571,0,0,0,0,,,,,,,,
8857.142578,-0.320571,0,0,0,0,,,8857.142578,-0.320571,0,0,0,0,,,,,,,,
8897.958984,-0.320571,0,0,0,0,,,8897.958984,-0.320571,0,0,0,0,,,,,,,,
8938.775391,-0.320571,0,0,0,0,,,8938.775391,-0.320571,0,0,0,0,,,,,,,,
8979.591797,-0.320571,0,0,0,0,,,8979.591797,-0.320571,0,0,0,0,,,,,,,,
7020.408203,0.064114,0,0,0,0,,,7020.408203,0.064114,0,0,0,0,,,,,,,,
7061.224609,0.064114,0,0,0,0,,,7061.224609,0.064114,0,0,0,0,,,,,,,,
7102.041016,0.064114,0,0,0,0,,,7102.041016,0.064114,0,0,0,0,,,,,,,,
7142.857422,0.064114,0,0,0,0,,,7142.857422,0.064114,0,0,0,0,,,,,,,,
7183.67334,0.064114,0,0,0,0,,,7183.67334,0.064114,0,0,0,0,,,,,,,,
7224.489746,0.064114,0,0,0,0,,,7224.489746,0.064114,0,0,0,0,,,,,,,,
7265.306152,0.064114,0,0,0,0,,,7265.306152,0.064114,0,0,0,0,,,,,,,,
7306.122559,0.064114,0,0,0,0,,,7306.122559,0.064114,0,0,0,0,,,,,,,,
7346.938965,0.064114,0,0,0,0,,,7346.938965,0.064114,0,0,0,0,,,,,,,,
7387.754883,0.064114,0,0,0,0,,,7387.754883,0.064114,0,0,0,0,,,,,,,,
7428.571289,0.064114,0,0,0,0,,,7428.571289,0.064114,0,0,0,0,,,,,,,,
7469.387695,0.064114,0,0,0,0,,,7469.387695,0.064114,0,0,0,0,,,,,,,,
7510.204102,0.064114,0,0,0,0,,,7510.204102,0.064114,0,0,0,0,,,,,,,,
7551.020508,0.064114,0,0,0,0,,,7551.020508,0.064114,0.000001,0.007551021,57.01791071,0.241730554,,,,,,,,
7591.836914,0.064114,0.000001,0.007591837,57.63598773,0.166152574,,,7591.836914,0.064114,0.000003,0.022775511,172.9079632,0.609782586,,,,,,,,
7632.65332,0.064114,0.000006,0.04579592,349.5443802,0.807261214,,,7632.65332,0.064114,0.00001,0.076326533,582.573967,1.681231276,,,,,,,,
7673.469238,0.064114,0.000024,0.184163262,1413.171124,2.550402557,,,7673.469238,0.064114,0.000032,0.245551016,1884.228165,4.362166776,,,,,,,,
7714.285645,0.064114,0.000083,0.640285709,4939.34685,6.749693644,,,7714.285645,0.064114,0.000093,0.717428565,5534.44888,10.02947833,,,,,,,,
7755.102051,0.064114,0.000242,1.876734696,14554.26909,14.4494342,,,7755.102051,0.064114,0.000253,1.962040819,15215.82678,20.92359411,,,,,,,,
7795.918457,0.064114,0.000597,4.654163319,36283.47772,24.73201417,,,7795.918457,0.064114,0.000617,4.810081688,37499.00461,37.57037077,,,,,,,,
7836.734863,0.064114,0.001246,9.764571639,76522.35899,32.9914273,,,7836.734863,0.064114,0.001303,10.21126553,80022.98055,55.26547713,,,,,,,,
7877.550781,0.064114,0.00222,17.48816273,137763.89,32.99066435,,,7877.550781,0.064114,0.002342,18.44922393,145334.6984,63.86203566,,,,,,,,
7918.367188,0.064114,0.003339,26.43942804,209357.0995,21.9547505,,,7918.367188,0.064114,0.003557,28.16563209,223025.817,54.97007009,,,,,,,,
7959.183594,0.064114,0.004281,34.07326497,271195.3715,6.94289618,,,7959.183594,0.064114,0.004565,36.33367311,289186.3749,31.82674279,,,,,,,,
8000,0.064114,0.004653,37.224,297792,0.00138162,,,8000,0.064114,0.004958,39.664,317312,9.032050307,,,,,,,,
8040.816406,0.064114,0.004282,34.43077585,276851.5473,7.32546909,,,8040.816406,0.064114,0.004564,36.69828608,295084.1808,0.015876619,,,,,,,,
8081.632812,0.064114,0.003347,27.04922502,218601.9045,22.60288885,,,8081.632812,0.064114,0.003557,28.74636791,232317.5901,5.396690637,,,,,,,,
8122.449219,0.064114,0.002213,17.97498012,146000.8633,33.477283,,,8122.449219,0.064114,0.002347,19.06338832,154841.4035,14.93369168,,,,,,,,
8163.265137,0.064114,0.001247,10.17959163,83098.70543,33.46166475,,,8163.265137,0.064114,0.00131,10.69387733,87296.95598,19.04793428,,,,,,,,
8204.082031,0.064114,0.000595,4.881428808,40047.64237,24.913951,,,8204.082031,0.064114,0.000617,5.061918613,41528.39554,16.0729264,,,,,,,,
8244.898438,0.064114,0.000242,1.995265422,16450.76076,14.57867023,,,8244.898438,0.064114,0.000247,2.036489914,16790.65251,10.10024509,,,,,,,,
8285.713867,0.064114,0.000084,0.695999965,5766.85656,6.883303527,,,8285.713867,0.064114,0.000086,0.712571393,5904.162669,5.07956592,,,,,,,,
8326.530273,0.064114,0.000025,0.208163257,1733.27766,2.674454446,,,8326.530273,0.064114,0.000028,0.233142848,1941.270979,2.255963153,,,,,,,,
8367.34668,0.064114,0.000006,0.05020408,420.0749428,0.812065349,,,8367.34668,0.064114,0.000009,0.07530612,630.1124142,0.948667175,,,,,,,,
8408.163086,0.064114,0.000001,0.008408163,70.69720648,0.167042229,,,8408.163086,0.064114,0.000003,0.025224489,212.0916194,0.400730318,,,,,,,,
8448.979492,0.064114,0,0,0,0,,,8448.979492,0.064114,0.000001,0.008448979,71.38525446,0.165078039,,,,,,,,
8489.795898,0.064114,0,0,0,0,,,8489.795898,0.064114,0,0,0,0,,,,,,,,
8530.612305,0.064114,0,0,0,0,,,8530.612305,0.064114,0,0,0,0,,,,,,,,
8571.428711,0.064114,0,0,0,0,,,8571.428711,0.064114,0,0,0,0,,,,,,,,
8612.245117,0.064114,0,0,0,0,,,8612.245117,0.064114,0,0,0,0,,,,,,,,
8653.061523,0.064114,0,0,0,0,,,8653.061523,0.064114,0,0,0,0,,,,,,,,
8693.87793,0.064114,0,0,0,0,,,8693.87793,0.064114,0,0,0,0,,,,,,,,
8734.693359,0.064114,0,0,0,0,,,8734.693359,0.064114,0,0,0,0,,,,,,,,
8775.509766,0.064114,0,0,0,0,,,8775.509766,0.064114,0,0,0,0,,,,,,,,
8816.326172,0.064114,0,0,0,0,,,8816.326172,0.064114,0,0,0,0,,,,,,,,
8857.142578,0.064114,0,0,0,0,,,8857.142578,0.064114,0,0,0,0,,,,,,,,
8897.958984,0.064114,0,0,0,0,,,8897.958984,0.064114,0,0,0,0,,,,,,,,
8938.775391,0.064114,0,0,0,0,,,8938.775391,0.064114,0,0,0,0,,,,,,,,
8979.591797,0.064114,0,0,0,0,,,8979.591797,0.064114,0,0,0,0,,,,,,,,
7020.408203,0.448799,0,0,0,0,,,7020.408203,0.448799,0,0,0,0,,,,,,,,
7061.224609,0.448799,0,0,0,0,,,7061.224609,0.448799,0,0,0,0,,,,,,,,
7102.041016,0.448799,0,0,0,0,,,7102.041016,0.448799,0,0,0,0,,,,,,,,
7142.857422,0.448799,0,0,0,0,,,7142.857422,0.448799,0,0,0,0,,,,,,,,
7183.67334,0.448799,0,0,0,0,,,7183.67334,0.448799,0,0,0,0,,,,,,,,
7224.489746,0.448799,0,0,0,0,,,7224.489746,0.448799,0,0,0,0,,,,,,,,
7265.306152,0.448799,0,0,0,0,,,7265.306152,0.448799,0,0,0,0,,,,,,,,
7306.122559,0.448799,0,0,0,0,,,7306.122559,0.448799,0,0,0,0,,,,,,,,
7346.938965,0.448799,0,0,0,0,,,7346.938965,0.448799,0,0,0,0,,,,,,,,
7387.754883,0.448799,0,0,0,0,,,7387.754883,0.448799,0,0,0,0,,,,,,,,
7428.571289,0.448799,0,0,0,0,,,7428.571289,0.448799,0,0,0,0,,,,,,,,
7469.387695,0.448799,0,0,0,0,,,7469.387695,0.448799,0,0,0,0,,,,,,,,
7510.204102,0.448799,0,0,0,0,,,7510.204102,0.448799,0,0,0,0,,,,,,,,
7551.020508,0.448799,0,0,0,0,,,7551.020508,0.448799,0.000001,0.007551021,57.01791071,0.241730554,,,,,,,,
7591.836914,0.448799,0.000001,0.007591837,57.63598773,0.166152574,,,7591.836914,0.448799,0.000002,0.015183674,115.2719755,0.406521724,,,,,,,,
7632.65332,0.448799,0.000002,0.015265307,116.5147934,0.269087071,,,7632.65332,0.448799,0.000005,0.038163267,291.2869835,0.840615638,,,,,,,,
7673.469238,0.448799,0.00001,0.076734692,588.8213015,1.062667732,,,7673.469238,0.448799,0.000014,0.107428569,824.3498221,1.908447964,,,,,,,,
7714.285645,0.448799,0.000035,0.269999998,2082.857105,2.846256356,,,7714.285645,0.448799,0.000039,0.30085714,2320.897917,4.205910267,,,,,,,,
7755.102051,0.448799,0.0001,0.775510205,6014.160782,5.970840579,,,7755.102051,0.448799,0.000099,0.767755103,5954.019174,8.187493346,,,,,,,,
7795.918457,0.448799,0.000245,1.910000022,14890.20442,10.14965406,,,7795.918457,0.448799,0.000231,1.800857164,14039.3356,14.06605454,,,,,,,,
7836.734863,0.448799,0.000516,4.043755189,31689.83727,13.66258145,,,7836.734863,0.448799,0.000481,3.769469469,29540.3328,20.40114697,,,,,,,,
7877.550781,0.448799,0.000918,7.231591617,56967.23019,13.64208553,,,7877.550781,0.448799,0.000862,6.790448773,53492.10504,23.50515574,,,,,,,,
7918.367188,0.448799,0.001383,10.95110182,86714.84533,9.093566917,,,7918.367188,0.448799,0.001307,10.34930591,81949.60437,20.19844858,,,,,,,,
7959.183594,0.448799,0.001777,14.14346925,112570.4684,2.881926305,,,7959.183594,0.448799,0.001675,13.33163252,106108.9108,11.67793958,,,,,,,,
8000,0.448799,0.001923,15.384,123072,0.000570998,,,8000,0.448799,0.001822,14.576,116608,3.319160077,,,,,,,,
8040.816406,0.448799,0.001776,14.28048994,114826.7978,3.038307591,,,8040.816406,0.448799,0.001679,13.50053075,108555.2891,0.005840675,,,,,,,,
8081.632812,0.448799,0.001382,11.16881655,90262.27427,9.332892858,,,8081.632812,0.448799,0.001304,10.53844919,85167.87674,1.978432553,,,,,,,,
8122.449219,0.448799,0.000916,7.440163485,60432.35008,13.85684195,,,8122.449219,0.448799,0.000854,6.936571633,56341.95084,5.433904003,,,,,,,,
8163.265137,0.448799,0.000516,4.212244811,34385.67121,13.8462061,,,8163.265137,0.448799,0.000475,3.87755094,31653.47641,6.906693729,,,,,,,,
8204.082031,0.448799,0.000245,2.010000098,16490.20568,10.25868571,,,8204.082031,0.448799,0.000229,1.878734785,15413.29429,5.965478357,,,,,,,,
8244.898438,0.448799,0.0001,0.824489844,6797.835025,6.024243896,,,8244.898438,0.448799,0.000097,0.799755148,6593.899975,3.96649301,,,,,,,,
8285.713867,0.448799,0.000035,0.289999985,2402.8569,2.868043136,,,8285.713867,0.448799,0.000037,0.306571413,2540.163009,2.18539464,,,,,,,,
8326.530273,0.448799,0.00001,0.083265303,693.3110639,1.069781778,,,8326.530273,0.448799,0.000013,0.108244894,901.304383,1.047411464,,,,,,,,
8367.34668,0.448799,0.000003,0.02510204,210.0374714,0.406032674,,,8367.34668,0.448799,0.000005,0.041836733,350.0624523,0.527037319,,,,,,,,
8408.163086,0.448799,0,0,0,0,,,8408.163086,0.448799,0.000002,0.016816326,141.394413,0.267153545,,,,,,,,
8448.979492,0.448799,0,0,0,0,,,8448.979492,0.448799,0.000001,0.008448979,71.38525446,0.165078039,,,,,,,,
8489.795898,0.448799,0,0,0,0,,,8489.795898,0.448799,0,0,0,0,,,,,,,,
8530.612305,0.448799,0,0,0,0,,,8530.612305,0.448799,0,0,0,0,,,,,,,,
8571.428711,0.448799,0,0,0,0,,,8571.428711,0.448799,0,0,0,0,,,,,,,,
8612.245117,0.448799,0,0,0,0,,,8612.245117,0.448799,0,0,0,0,,,,,,,,
8653.061523,0.448799,0,0,0,0,,,8653.061523,0.448799,0,0,0,0,,,,,,,,
8693.87793,0.448799,0,0,0,0,,,8693.87793,0.448799,0,0,0,0,,,,,,,,
8734.693359,0.448799,0,0,0,0,,,8734.693359,0.448799,0,0,0,0,,,,,,,,
8775.509766,0.448799,0,0,0,0,,,8775.509766,0.448799,0,0,0,0,,,,,,,,
8816.326172,0.448799,0,0,0,0,,,8816.326172,0.448799,0,0,0,0,,,,,,,,
8857.142578,0.448799,0,0,0,0,,,8857.142578,0.448799,0,0,0,0,,,,,,,,
8897.958984,0.448799,0,0,0,0,,,8897.958984,0.448799,0,0,0,0,,,,,,,,
8938.775391,0.448799,0,0,0,0,,,8938.775391,0.448799,0,0,0,0,,,,,,,,
8979.591797,0.448799,0,0,0,0,,,8979.591797,0.448799,0,0,0,0,,,,,,,,
7020.408203,0.833484,0,0,0,0,,,7020.408203,0.833484,0,0,0,0,,,,,,,,
7061.224609,0.833484,0,0,0,0,,,7061.224609,0.833484,0,0,0,0,,,,,,,,
7102.041016,0.833484,0,0,0,0,,,7102.041016,0.833484,0,0,0,0,,,,,,,,
7142.857422,0.833484,0,0,0,0,,,7142.857422,0.833484,0,0,0,0,,,,,,,,
7183.67334,0.833484,0,0,0,0,,,7183.67334,0.833484,0,0,0,0,,,,,,,,
7224.489746,0.833484,0,0,0,0,,,7224.489746,0.833484,0,0,0,0,,,,,,,,
7265.306152,0.833484,0,0,0,0,,,7265.306152,0.833484,0,0,0,0,,,,,,,,
7306.122559,0.833484,0,0,0,0,,,7306.122559,0.833484,0,0,0,0,,,,,,,,
7346.938965,0.833484,0,0,0,0,,,7346.938965,0.833484,0,0,0,0,,,,,,,,
7387.754883,0.833484,0,0,0,0,,,7387.754883,0.833484,0,0,0,0,,,,,,,,
7428.571289,0.833484,0,0,0,0,,,7428.571289,0.833484,0,0,0,0,,,,,,,,
7469.387695,0.833484,0,0,0,0,,,7469.387695,0.833484,0,0,0,0,,,,,,,,
7510.204102,0.833484,0,0,0,0,,,7510.204102,0.833484,0,0,0,0,,,,,,,,
7551.020508,0.833484,0,0,0,0,,,7551.020508,0.833484,0,0,0,0,,,,,,,,
7591.836914,0.833484,0,0,0,0,,,7591.836914,0.833484,0,0,0,0,,,,,,,,
7632.65332,0.833484,0,0,0,0,,,7632.65332,0.833484,0.000001,0.007632653,58.2573967,0.168123128,,,,,,,,
7673.469238,0.833484,0.000001,0.007673469,58.88213015,0.106266773,,,7673.469238,0.833484,0.000002,0.015346938,117.7642603,0.272635423,,,,,,,,
7714.285645,0.833484,0.000004,0.030857143,238.0408121,0.325286441,,,7714.285645,0.833484,0.000005,0.038571428,297.5510151,0.539219265,,,,,,,,
7755.102051,0.833484,0.00001,0.077551021,601.4160782,0.597084058,,,7755.102051,0.833484,0.000011,0.085306123,661.557686,0.909721483,,,,,,,,
7795.918457,0.833484,0.000027,0.210489798,1640.961304,1.118533304,,,7795.918457,0.833484,0.000023,0.179306125,1397.855926,1.400516252,,,,,,,,
7836.734863,0.833484,0.000055,0.431020417,3377.792732,1.456282906,,,7836.734863,0.833484,0.000044,0.344816334,2702.234186,1.866217186,,,,,,,,
7877.550781,0.833484,0.000099,0.779877527,6143.524824,1.471205302,,,7877.550781,0.833484,0.000075,0.590816309,4654.185473,2.045112158,,,,,,,,
7918.367188,0.833484,0.000149,1.179836711,9342.3803,0.979711837,,,7918.367188,0.833484,0.000111,0.878938758,6959.759821,1.715399994,,,,,,,,
7959.183594,0.833484,0.000192,1.52816325,12162.93187,0.311384272,,,7959.183594,0.833484,0.000143,1.138163254,9058.850298,0.996982304,,,,,,,,
8000,0.833484,0.000206,1.648,13184,6.11678E-05,,,8000,0.833484,0.000159,1.272,10176,0.289652279,,,,,,,,
8040.816406,0.833484,0.00019,1.527755117,12284.39841,0.325044168,,,8040.816406,0.833484,0.000149,1.198081644,9633.554543,0.000518321,,,,,,,,
8081.632812,0.833484,0.000148,1.196081656,9666.292758,0.999470436,,,8081.632812,0.833484,0.000119,0.961714305,7772.22188,0.180547142,,,,,,,,
8122.449219,0.833484,0.000099,0.804122473,6531.44395,1.497628115,,,8122.449219,0.833484,0.000082,0.666040836,5409.882868,0.52175659,,,,,,,,
8163.265137,0.833484,0.000055,0.448979583,3665.139373,1.475855302,,,8163.265137,0.833484,0.00005,0.408163257,3331.944885,0.727020393,,,,,,,,
8204.082031,0.833484,0.000027,0.221510215,1817.287973,1.130549037,,,8204.082031,0.833484,0.000028,0.229714297,1884.594935,0.729403467,,,,,,,,
8244.898438,0.833484,0.000011,0.090693883,747.7618528,0.662666829,,,8244.898438,0.833484,0.000014,0.115428578,951.6969035,0.572483527,,,,,,,,
8285.713867,0.833484,0.000004,0.033142855,274.6122171,0.327776358,,,8285.713867,0.833484,0.000006,0.049714283,411.9183257,0.35438832,,,,,,,,
8326.530273,0.833484,0.000001,0.00832653,69.33110639,0.106978178,,,8326.530273,0.833484,0.000003,0.024979591,207.9933192,0.241710338,,,,,,,,
8367.34668,0.833484,0,0,0,0,,,8367.34668,0.833484,0.000001,0.008367347,70.01249046,0.105407464,,,,,,,,
8408.163086,0.833484,0,0,0,0,,,8408.163086,0.833484,0,0,0,0,,,,,,,,
8448.979492,0.833484,0,0,0,0,,,8448.979492,0.833484,0,0,0,0,,,,,,,,
8489.795898,0.833484,0,0,0,0,,,8489.795898,0.833484,0,0,0,0,,,,,,,,
8530.612305,0.833484,0,0,0,0,,,8530.612305,0.833484,0,0,0,0,,,,,,,,
8571.428711,0.833484,0,0,0,0,,,8571.428711,0.833484,0,0,0,0,,,,,,,,
8612.245117,0.833484,0,0,0,0,,,8612.245117,0.833484,0,0,0,0,,,,,,,,
8653.061523,0.833484,0,0,0,0,,,8653.061523,0.833484,0,0,0,0,,,,,,,,
8693.87793,0.833484,0,0,0,0,,,8693.87793,0.833484,0,0,0,0,,,,,,,,
8734.693359,0.833484,0,0,0,0,,,8734.693359,0.833484,0,0,0,0,,,,,,,,
8775.509766,0.833484,0,0,0,0,,,8775.509766,0.833484,0,0,0,0,,,,,,,,
8816.326172,0.833484,0,0,0,0,,,8816.326172,0.833484,0,0,0,0,,,,,,,,
8857.142578,0.833484,0,0,0,0,,,8857.142578,0.833484,0,0,0,0,,,,,,,,
8897.958984,0.833484,0,0,0,0,,,8897.958984,0.833484,0,0,0,0,,,,,,,,
8938.775391,0.833484,0,0,0,0,,,8938.775391,0.833484,0,0,0,0,,,,,,,,
8979.591797,0.833484,0,0,0,0,,,8979.591797,0.833484,0,0,0,0,,,,,,,,
7020.408203,1.218169,0,0,0,0,,,7020.408203,1.218169,0,0,0,0,,,,,,,,
7061.224609,1.218169,0,0,0,0,,,7061.224609,1.218169,0,0,0,0,,,,,,,,
7102.041016,1.218169,0,0,0,0,,,7102.041016,1.218169,0,0,0,0,,,,,,,,
7142.857422,1.218169,0,0,0,0,,,7142.857422,1.218169,0,0,0,0,,,,,,,,
7183.67334,1.218169,0,0,0,0,,,7183.67334,1.218169,0,0,0,0,,,,,,,,
7224.489746,1.218169,0,0,0,0,,,7224.489746,1.218169,0,0,0,0,,,,,,,,
7265.306152,1.218169,0,0,0,0,,,7265.306152,1.218169,0,0,0,0,,,,,,,,
7306.122559,1.218169,0,0,0,0,,,7306.122559,1.218169,0,0,0,0,,,,,,,,
7346.938965,1.218169,0,0,0,0,,,7346.938965,1.218169,0,0,0,0,,,,,,,,
7387.754883,1.218169,0,0,0,0,,,7387.754883,1.218169,0,0,0,0,,,,,,,,
7428.571289,1.218169,0,0,0,0,,,7428.571289,1.218169,0,0,0,0,,,,,,,,
7469.387695,1.218169,0,0,0,0,,,7469.387695,1.218169,0,0,0,0,,,,,,,,
7510.204102,1.218169,0,0,0,0,,,7510.204102,1.218169,0,0,0,0,,,,,,,,
7551.020508,1.218169,0,0,0,0,,,7551.020508,1.218169,0,0,0,0,,,,,,,,
7591.836914,1.218169,0,0,0,0,,,7591.836914,1.218169,0,0,0,0,,,,,,,,
7632.65332,1.218169,0,0,0,0,,,7632.65332,1.218169,0,0,0,0,,,,,,,,
7673.469238,1.218169,0,0,0,0,,,7673.469238,1.218169,0,0,0,0,,,,,,,,
7714.285645,1.218169,0,0,0,0,,,7714.285645,1.218169,0,0,0,0,,,,,,,,
7755.102051,1.218169,0,0,0,0,,,7755.102051,1.218169,0,0,0,0,,,,,,,,
7795.918457,1.218169,0.000001,0.007795918,60.77634459,0.041427159,,,7795.918457,1.218169,0.000001,0.007795918,60.77634459,0.060892011,,,,,,,,
7836.734863,1.218169,0.000001,0.007836735,61.41441331,0.026477871,,,7836.734863,1.218169,0.000002,0.01567347,122.8288266,0.084828054,,,,,,,,
7877.550781,1.218169,0.000003,0.023632652,186.1674189,0.044581979,,,7877.550781,1.218169,0.000002,0.015755102,124.1116126,0.054536324,,,,,,,,
7918.367188,1.218169,0.000004,0.031673469,250.8021557,0.026300989,,,7918.367188,1.218169,0.000003,0.023755102,188.1016168,0.046362162,,,,,,,,
7959.183594,1.218169,0.000005,0.039795918,316.7430174,0.008108965,,,7959.183594,1.218169,0.000005,0.039795918,316.7430174,0.034859521,,,,,,,,
8000,1.218169,0.000006,0.048,384,1.78159E-06,,,8000,1.218169,0.000005,0.04,320,0.009108562,,,,,,,,
8040.816406,1.218169,0.000005,0.040204082,323.2736424,0.008553794,,,8040.816406,1.218169,0.000005,0.040204082,323.2736424,1.73933E-05,,,,,,,,
8081.632812,1.218169,0.000004,0.032326531,261.2511556,0.027012714,,,8081.632812,1.218169,0.000005,0.040408164,326.5639445,0.007586014,,,,,,,,
8122.449219,1.218169,0.000003,0.024367348,197.9225439,0.04538267,,,8122.449219,1.218169,0.000004,0.032489797,263.8967253,0.025451541,,,,,,,,
8163.265137,1.218169,0.000001,0.008163265,66.6388977,0.026833733,,,8163.265137,1.218169,0.000003,0.024489795,199.9166931,0.043621224,,,,,,,,
8204.082031,1.218169,0.000001,0.008204082,67.30696197,0.041872187,,,8204.082031,1.218169,0.000002,0.016408164,134.6139239,0.052100248,,,,,,,,
8244.898438,1.218169,0,0,0,0,,,8244.898438,1.218169,0.000001,0.008244898,67.97835025,0.040891681,,,,,,,,
8285.713867,1.218169,0,0,0,0,,,8285.713867,1.218169,0.000001,0.008285714,68.65305429,0.05906472,,,,,,,,
8326.530273,1.218169,0,0,0,0,,,8326.530273,1.218169,0,0,0,0,,,,,,,,
8367.34668,1.218169,0,0,0,0,,,8367.34668,1.218169,0,0,0,0,,,,,,,,
8408.163086,1.218169,0,0,0,0,,,8408.163086,1.218169,0,0,0,0,,,,,,,,
8448.979492,1.218169,0,0,0,0,,,8448.979492,1.218169,0,0,0,0,,,,,,,,
8489.795898,1.218169,0,0,0,0,,,8489.795898,1.218169,0,0,0,0,,,,,,,,
8530.612305,1.218169,0,0,0,0,,,8530.612305,1.218169,0,0,0,0,,,,,,,,
8571.428711,1.218169,0,0,0,0,,,8571.428711,1.218169,0,0,0,0,,,,,,,,
8612.245117,1.218169,0,0,0,0,,,8612.245117,1.218169,0,0,0,0,,,,,,,,
8653.061523,1.218169,0,0,0,0,,,8653.061523,1.218169,0,0,0,0,,,,,,,,
8693.87793,1.218169,0,0,0,0,,,8693.87793,1.218169,0,0,0,0,,,,,,,,
8734.693359,1.218169,0,0,0,0,,,8734.693359,1.218169,0,0,0,0,,,,,,,,
8775.509766,1.218169,0,0,0,0,,,8775.509766,1.218169,0,0,0,0,,,,,,,,
8816.326172,1.218169,0,0,0,0,,,8816.326172,1.218169,0,0,0,0,,,,,,,,
8857.142578,1.218169,0,0,0,0,,,8857.142578,1.218169,0,0,0,0,,,,,,,,
8897.958984,1.218169,0,0,0,0,,,8897.958984,1.218169,0,0,0,0,,,,,,,,
8938.775391,1.218169,0,0,0,0,,,8938.775391,1.218169,0,0,0,0,,,,,,,,
8979.591797,1.218169,0,0,0,0,,,8979.591797,1.218169,0,0,0,0,,,,,,,,
7020.408203,1.602853,0,0,0,0,,,7020.408203,1.602853,0,0,0,0,,,,,,,,
7061.224609,1.602853,0,0,0,0,,,7061.224609,1.602853,0,0,0,0,,,,,,,,
7102.041016,1.602853,0,0,0,0,,,7102.041016,1.602853,0,0,0,0,,,,,,,,
7142.857422,1.602853,0,0,0,0,,,7142.857422,1.602853,0,0,0,0,,,,,,,,
7183.67334,1.602853,0,0,0,0,,,7183.67334,1.602853,0,0,0,0,,,,,,,,
7224.489746,1.602853,0,0,0,0,,,7224.489746,1.602853,0,0,0,0,,,,,,,,
7265.306152,1.602853,0,0,0,0,,,7265.306152,1.602853,0,0,0,0,,,,,,,,
7306.122559,1.602853,0,0,0,0,,,7306.122559,1.602853,0,0,0,0,,,,,,,,
7346.938965,1.602853,0,0,0,0,,,7346.938965,1.602853,0,0,0,0,,,,,,,,
7387.754883,1.602853,0,0,0,0,,,7387.754883,1.602853,0,0,0,0,,,,,,,,
7428.571289,1.602853,0,0,0,0,,,7428.571289,1.602853,0,0,0,0,,,,,,,,
7469.387695,1.602853,0,0,0,0,,,7469.387695,1.602853,0,0,0,0,,,,,,,,
7510.204102,1.602853,0,0,0,0,,,7510.204102,1.602853,0,0,0,0,,,,,,,,
7551.020508,1.602853,0,0,0,0,,,7551.020508,1.602853,0,0,0,0,,,,,,,,
7591.836914,1.602853,0,0,0,0,,,7591.836914,1.602853,0,0,0,0,,,,,,,,
7632.65332,1.602853,0,0,0,0,,,7632.65332,1.602853,0,0,0,0,,,,,,,,
7673.469238,1.602853,0,0,0,0,,,7673.469238,1.602853,0,0,0,0,,,,,,,,
7714.285645,1.602853,0,0,0,0,,,7714.285645,1.602853,0,0,0,0,,,,,,,,
7755.102051,1.602853,0,0,0,0,,,7755.102051,1.602853,0,0,0,0,,,,,,,,
7795.918457,1.602853,0,0,0,0,,,7795.918457,1.602853,0,0,0,0,,,,,,,,
7836.734863,1.602853,0,0,0,0,,,7836.734863,1.602853,0,0,0,0,,,,,,,,
7877.550781,1.602853,0,0,0,0,,,7877.550781,1.602853,0,0,0,0,,,,,,,,
7918.367188,1.602853,0,0,0,0,,,7918.367188,1.602853,0,0,0,0,,,,,,,,
7959.183594,1.602853,0,0,0,0,,,7959.183594,1.602853,0,0,0,0,,,,,,,,
8000,1.602853,0,0,0,0,,,8000,1.602853,0,0,0,0,,,,,,,,
8040.816406,1.602853,0,0,0,0,,,8040.816406,1.602853,0,0,0,0,,,,,,,,
8081.632812,1.602853,0,0,0,0,,,8081.632812,1.602853,0,0,0,0,,,,,,,,
8122.449219,1.602853,0,0,0,0,,,8122.449219,1.602853,0,0,0,0,,,,,,,,
8163.265137,1.602853,0,0,0,0,,,8163.265137,1.602853,0,0,0,0,,,,,,,,
8204.082031,1.602853,0,0,0,0,,,8204.082031,1.602853,0,0,0,0,,,,,,,,
8244.898438,1.602853,0,0,0,0,,,8244.898438,1.602853,0,0,0,0,,,,,,,,
8285.713867,1.602853,0,0,0,0,,,8285.713867,1.602853,0,0,0,0,,,,,,,,
8326.530273,1.602853,0,0,0,0,,,8326.530273,1.602853,0,0,0,0,,,,,,,,
8367.34668,1.602853,0,0,0,0,,,8367.34668,1.602853,0,0,0,0,,,,,,,,
8408.163086,1.602853,0,0,0,0,,,8408.163086,1.602853,0,0,0,0,,,,,,,,
8448.979492,1.602853,0,0,0,0,,,8448.979492,1.602853,0,0,0,0,,,,,,,,
8489.795898,1.602853,0,0,0,0,,,8489.795898,1.602853,0,0,0,0,,,,,,,,
8530.612305,1.602853,0,0,0,0,,,8530.612305,1.602853,0,0,0,0,,,,,,,,
8571.428711,1.602853,0,0,0,0,,,8571.428711,1.602853,0,0,0,0,,,,,,,,
8612.245117,1.602853,0,0,0,0,,,8612.245117,1.602853,0,0,0,0,,,,,,,,
8653.061523,1.602853,0,0,0,0,,,8653.061523,1.602853,0,0,0,0,,,,,,,,
8693.87793,1.602853,0,0,0,0,,,8693.87793,1.602853,0,0,0,0,,,,,,,,
8734.693359,1.602853,0,0,0,0,,,8734.693359,1.602853,0,0,0,0,,,,,,,,
8775.509766,1.602853,0,0,0,0,,,8775.509766,1.602853,0,0,0,0,,,,,,,,
8816.326172,1.602853,0,0,0,0,,,8816.326172,1.602853,0,0,0,0,,,,,,,,
8857.142578,1.602853,0,0,0,0,,,8857.142578,1.602853,0,0,0,0,,,,,,,,
8897.958984,1.602853,0,0,0,0,,,8897.958984,1.602853,0,0,0,0,,,,,,,,
8938.775391,1.602853,0,0,0,0,,,8938.775391,1.602853,0,0,0,0,,,,,,,,
8979.591797,1.602853,0,0,0,0,,,8979.591797,1.602853,0,0,0,0,,,,,,,,
7020.408203,1.987538,0,0,0,0,,,7020.408203,1.987538,0,0,0,0,,,,,,,,
7061.224609,1.987538,0,0,0,0,,,7061.224609,1.987538,0,0,0,0,,,,,,,,
7102.041016,1.987538,0,0,0,0,,,7102.041016,1.987538,0,0,0,0,,,,,,,,
7142.857422,1.987538,0,0,0,0,,,7142.857422,1.987538,0,0,0,0,,,,,,,,
7183.67334,1.987538,0,0,0,0,,,7183.67334,1.987538,0,0,0,0,,,,,,,,
7224.489746,1.987538,0,0,0,0,,,7224.489746,1.987538,0,0,0,0,,,,,,,,
7265.306152,1.987538,0,0,0,0,,,7265.306152,1.987538,0,0,0,0,,,,,,,,
7306.122559,1.987538,0,0,0,0,,,7306.122559,1.987538,0,0,0,0,,,,,,,,
7346.938965,1.987538,0,0,0,0,,,7346.938965,1.987538,0,0,0,0,,,,,,,,
7387.754883,1.987538,0,0,0,0,,,7387.754883,1.987538,0,0,0,0,,,,,,,,
7428.571289,1.987538,0,0,0,0,,,7428.571289,1.987538,0,0,0,0,,,,,,,,
7469.387695,1.987538,0,0,0,0,,,7469.387695,1.987538,0,0,0,0,,,,,,,,
7510.204102,1.987538,0,0,0,0,,,7510.204102,1.987538,0,0,0,0,,,,,,,,
7551.020508,1.987538,0,0,0,0,,,7551.020508,1.987538,0,0,0,0,,,,,,,,
7591.836914,1.987538,0,0,0,0,,,7591.836914,1.987538,0,0,0,0,,,,,,,,
7632.65332,1.987538,0,0,0,0,,,7632.65332,1.987538,0,0,0,0,,,,,,,,
7673.469238,1.987538,0,0,0,0,,,7673.469238,1.987538,0,0,0,0,,,,,,,,
7714.285645,1.987538,0,0,0,0,,,7714.285645,1.987538,0,0,0,0,,,,,,,,
7755.102051,1.987538,0,0,0,0,,,7755.102051,1.987538,0,0,0,0,,,,,,,,
7795.918457,1.987538,0,0,0,0,,,7795.918457,1.987538,0,0,0,0,,,,,,,,
7836.734863,1.987538,0,0,0,0,,,7836.734863,1.987538,0,0,0,0,,,,,,,,
7877.550781,1.987538,0,0,0,0,,,7877.550781,1.987538,0,0,0,0,,,,,,,,
7918.367188,1.987538,0,0,0,0,,,7918.367188,1.987538,0,0,0,0,,,,,,,,
7959.183594,1.987538,0,0,0,0,,,7959.183594,1.987538,0,0,0,0,,,,,,,,
8000,1.987538,0,0,0,0,,,8000,1.987538,0,0,0,0,,,,,,,,
8040.816406,1.987538,0,0,0,0,,,8040.816406,1.987538,0,0,0,0,,,,,,,,
8081.632812,1.987538,0,0,0,0,,,8081.632812,1.987538,0,0,0,0,,,,,,,,
8122.449219,1.987538,0,0,0,0,,,8122.449219,1.987538,0,0,0,0,,,,,,,,
8163.265137,1.987538,0,0,0,0,,,8163.265137,1.987538,0,0,0,0,,,,,,,,
8204.082031,1.987538,0,0,0,0,,,8204.082031,1.987538,0,0,0,0,,,,,,,,
8244.898438,1.987538,0,0,0,0,,,8244.898438,1.987538,0,0,0,0,,,,,,,,
8285.713867,1.987538,0,0,0,0,,,8285.713867,1.987538,0,0,0,0,,,,,,,,
8326.530273,1.987538,0,0,0,0,,,8326.530273,1.987538,0,0,0,0,,,,,,,,
8367.34668,1.987538,0,0,0,0,,,8367.34668,1.987538,0,0,0,0,,,,,,,,
8408.163086,1.987538,0,0,0,0,,,8408.163086,1.987538,0,0,0,0,,,,,,,,
8448.979492,1.987538,0,0,0,0,,,8448.979492,1.987538,0,0,0,0,,,,,,,,
8489.795898,1.987538,0,0,0,0,,,8489.795898,1.987538,0,0,0,0,,,,,,,,
8530.612305,1.987538,0,0,0,0,,,8530.612305,1.987538,0,0,0,0,,,,,,,,
8571.428711,1.987538,0,0,0,0,,,8571.428711,1.987538,0,0,0,0,,,,,,,,
8612.245117,1.987538,0,0,0,0,,,8612.245117,1.987538,0,0,0,0,,,,,,,,
8653.061523,1.987538,0,0,0,0,,,8653.061523,1.987538,0,0,0,0,,,,,,,,
8693.87793,1.987538,0,0,0,0,,,8693.87793,1.987538,0,0,0,0,,,,,,,,
8734.693359,1.987538,0,0,0,0,,,8734.693359,1.987538,0,0,0,0,,,,,,,,
8775.509766,1.987538,0,0,0,0,,,8775.509766,1.987538,0,0,0,0,,,,,,,,
8816.326172,1.987538,0,0,0,0,,,8816.326172,1.987538,0,0,0,0,,,,,,,,
8857.142578,1.987538,0,0,0,0,,,8857.142578,1.987538,0,0,0,0,,,,,,,,
8897.958984,1.987538,0,0,0,0,,,8897.958984,1.987538,0,0,0,0,,,,,,,,
8938.775391,1.987538,0,0,0,0,,,8938.775391,1.987538,0,0,0,0,,,,,,,,
8979.591797,1.987538,0,0,0,0,,,8979.591797,1.987538,0,0,0,0,,,,,,,,
7020.408203,2.372223,0,0,0,0,,,7020.408203,2.372223,0,0,0,0,,,,,,,,
7061.224609,2.372223,0,0,0,0,,,7061.224609,2.372223,0,0,0,0,,,,,,,,
7102.041016,2.372223,0,0,0,0,,,7102.041016,2.372223,0,0,0,0,,,,,,,,
7142.857422,2.372223,0,0,0,0,,,7142.857422,2.372223,0,0,0,0,,,,,,,,
7183.67334,2.372223,0,0,0,0,,,7183.67334,2.372223,0,0,0,0,,,,,,,,
7224.489746,2.372223,0,0,0,0,,,7224.489746,2.372223,0,0,0,0,,,,,,,,
7265.306152,2.372223,0,0,0,0,,,7265.306152,2.372223,0,0,0,0,,,,,,,,
7306.122559,2.372223,0,0,0,0,,,7306.122559,2.372223,0,0,0,0,,,,,,,,
7346.938965,2.372223,0,0,0,0,,,7346.938965,2.372223,0,0,0,0,,,,,,,,
7387.754883,2.372223,0,0,0,0,,,7387.754883,2.372223,0,0,0,0,,,,,,,,
7428.571289,2.372223,0,0,0,0,,,7428.571289,2.372223,0,0,0,0,,,,,,,,
7469.387695,2.372223,0,0,0,0,,,7469.387695,2.372223,0,0,0,0,,,,,,,,
7510.204102,2.372223,0,0,0,0,,,7510.204102,2.372223,0,0,0,0,,,,,,,,
7551.020508,2.372223,0,0,0,0,,,7551.020508,2.372223,0,0,0,0,,,,,,,,
7591.836914,2.372223,0,0,0,0,,,7591.836914,2.372223,0,0,0,0,,,,,,,,
7632.65332,2.372223,0,0,0,0,,,7632.65332,2.372223,0,0,0,0,,,,,,,,
7673.469238,2.372223,0,0,0,0,,,7673.469238,2.372223,0,0,0,0,,,,,,,,
7714.285645,2.372223,0,0,0,0,,,7714.285645,2.372223,0,0,0,0,,,,,,,,
7755.102051,2.372223,0,0,0,0,,,7755.102051,2.372223,0,0,0,0,,,,,,,,
7795.918457,2.372223,0,0,0,0,,,7795.918457,2.372223,0,0,0,0,,,,,,,,
7836.734863,2.372223,0,0,0,0,,,7836.734863,2.372223,0,0,0,0,,,,,,,,
7877.550781,2.372223,0,0,0,0,,,7877.550781,2.372223,0,0,0,0,,,,,,,,
7918.367188,2.372223,0,0,0,0,,,7918.367188,2.372223,0,0,0,0,,,,,,,,
7959.183594,2.372223,0,0,0,0,,,7959.183594,2.372223,0,0,0,0,,,,,,,,
8000,2.372223,0,0,0,0,,,8000,2.372223,0,0,0,0,,,,,,,,
8040.816406,2.372223,0,0,0,0,,,8040.816406,2.372223,0,0,0,0,,,,,,,,
8081.632812,2.372223,0,0,0,0,,,8081.632812,2.372223,0,0,0,0,,,,,,,,
8122.449219,2.372223,0,0,0,0,,,8122.449219,2.372223,0,0,0,0,,,,,,,,
8163.265137,2.372223,0,0,0,0,,,8163.265137,2.372223,0,0,0,0,,,,,,,,
8204.082031,2.372223,0,0,0,0,,,8204.082031,2.372223,0,0,0,0,,,,,,,,
8244.898438,2.372223,0,0,0,0,,,8244.898438,2.372223,0,0,0,0,,,,,,,,
8285.713867,2.372223,0,0,0,0,,,8285.713867,2.372223,0,0,0,0,,,,,,,,
8326.530273,2.372223,0,0,0,0,,,8326.530273,2.372223,0,0,0,0,,,,,,,,
8367.34668,2.372223,0,0,0,0,,,8367.34668,2.372223,0,0,0,0,,,,,,,,
8408.163086,2.372223,0,0,0,0,,,8408.163086,2.372223,0,0,0,0,,,,,,,,
8448.979492,2.372223,0,0,0,0,,,8448.979492,2.372223,0,0,0,0,,,,,,,,
8489.795898,2.372223,0,0,0,0,,,8489.795898,2.372223,0,0,0,0,,,,,,,,
8530.612305,2.372223,0,0,0,0,,,8530.612305,2.372223,0,0,0,0,,,,,,,,
8571.428711,2.372223,0,0,0,0,,,8571.428711,2.372223,0,0,0,0,,,,,,,,
8612.245117,2.372223,0,0,0,0,,,8612.245117,2.372223,0,0,0,0,,,,,,,,
8653.061523,2.372223,0,0,0,0,,,8653.061523,2.372223,0,0,0,0,,,,,,,,
8693.87793,2.372223,0,0,0,0,,,8693.87793,2.372223,0,0,0,0,,,,,,,,
8734.693359,2.372223,0,0,0,0,,,8734.693359,2.372223,0,0,0,0,,,,,,,,
8775.509766,2.372223,0,0,0,0,,,8775.509766,2.372223,0,0,0,0,,,,,,,,
8816.326172,2.372223,0,0,0,0,,,8816.326172,2.372223,0,0,0,0,,,,,,,,
8857.142578,2.372223,0,0,0,0,,,8857.142578,2.372223,0,0,0,0,,,,,,,,
8897.958984,2.372223,0,0,0,0,,,8897.958984,2.372223,0,0,0,0,,,,,,,,
8938.775391,2.372223,0,0,0,0,,,8938.775391,2.372223,0,0,0,0,,,,,,,,
8979.591797,2.372223,0,0,0,0,,,8979.591797,2.372223,0,0,0,0,,,,,,,,
7020.408203,2.756908,0,0,0,0,,,7020.408203,2.756908,0,0,0,0,,,,,,,,
7061.224609,2.756908,0,0,0,0,,,7061.224609,2.756908,0,0,0,0,,,,,,,,
7102.041016,2.756908,0,0,0,0,,,7102.041016,2.756908,0,0,0,0,,,,,,,,
7142.857422,2.756908,0,0,0,0,,,7142.857422,2.756908,0,0,0,0,,,,,,,,
7183.67334,2.756908,0,0,0,0,,,7183.67334,2.756908,0,0,0,0,,,,,,,,
7224.489746,2.756908,0,0,0,0,,,7224.489746,2.756908,0,0,0,0,,,,,,,,
7265.306152,2.756908,0,0,0,0,,,7265.306152,2.756908,0,0,0,0,,,,,,,,
7306.122559,2.756908,0,0,0,0,,,7306.122559,2.756908,0,0,0,0,,,,,,,,
7346.938965,2.756908,0,0,0,0,,,7346.938965,2.756908,0,0,0,0,,,,,,,,
7387.754883,2.756908,0,0,0,0,,,7387.754883,2.756908,0,0,0,0,,,,,,,,
7428.571289,2.756908,0,0,0,0,,,7428.571289,2.756908,0,0,0,0,,,,,,,,
7469.387695,2.756908,0,0,0,0,,,7469.387695,2.756908,0,0,0,0,,,,,,,,
7510.204102,2.756908,0,0,0,0,,,7510.204102,2.756908,0,0,0,0,,,,,,,,
7551.020508,2.756908,0,0,0,0,,,7551.020508,2.756908,0,0,0,0,,,,,,,,
7591.836914,2.756908,0,0,0,0,,,7591.836914,2.756908,0,0,0,0,,,,,,,,
7632.65332,2.756908,0,0,0,0,,,7632.65332,2.756908,0,0,0,0,,,,,,,,
7673.469238,2.756908,0,0,0,0,,,7673.469238,2.756908,0,0,0,0,,,,,,,,
7714.285645,2.756908,0,0,0,0,,,7714.285645,2.756908,0,0,0,0,,,,,,,,
7755.102051,2.756908,0,0,0,0,,,7755.102051,2.756908,0,0,0,0,,,,,,,,
7795.918457,2.756908,0,0,0,0,,,7795.918457,2.756908,0,0,0,0,,,,,,,,
7836.734863,2.756908,0,0,0,0,,,7836.734863,2.756908,0,0,0,0,,,,,,,,
7877.550781,2.756908,0,0,0,0,,,7877.550781,2.756908,0,0,0,0,,,,,,,,
7918.367188,2.756908,0,0,0,0,,,7918.367188,2.756908,0,0,0,0,,,,,,,,
7959.183594,2.756908,0,0,0,0,,,7959.183594,2.756908,0,0,0,0,,,,,,,,
8000,2.756908,0,0,0,0,,,8000,2.756908,0,0,0,0,,,,,,,,
8040.816406,2.756908,0,0,0,0,,,8040.816406,2.756908,0,0,0,0,,,,,,,,
8081.632812,2.756908,0,0,0,0,,,8081.632812,2.756908,0,0,0,0,,,,,,,,
8122.449219,2.756908,0,0,0,0,,,8122.449219,2.756908,0,0,0,0,,,,,,,,
8163.265137,2.756908,0,0,0,0,,,8163.265137,2.756908,0,0,0,0,,,,,,,,
8204.082031,2.756908,0,0,0,0,,,8204.082031,2.756908,0,0,0,0,,,,,,,,
8244.898438,2.756908,0,0,0,0,,,8244.898438,2.756908,0,0,0,0,,,,,,,,
8285.713867,2.756908,0,0,0,0,,,8285.713867,2.756908,0,0,0,0,,,,,,,,
8326.530273,2.756908,0,0,0,0,,,8326.530273,2.756908,0,0,0,0,,,,,,,,
8367.34668,2.756908,0,0,0,0,,,8367.34668,2.756908,0,0,0,0,,,,,,,,
8408.163086,2.756908,0,0,0,0,,,8408.163086,2.756908,0,0,0,0,,,,,,,,
8448.979492,2.756908,0,0,0,0,,,8448.979492,2.756908,0,0,0,0,,,,,,,,
8489.795898,2.756908,0,0,0,0,,,8489.795898,2.756908,0,0,0,0,,,,,,,,
8530.612305,2.756908,0,0,0,0,,,8530.612305,2.756908,0,0,0,0,,,,,,,,
8571.428711,2.756908,0,0,0,0,,,8571.428711,2.756908,0,0,0,0,,,,,,,,
8612.245117,2.756908,0,0,0,0,,,8612.245117,2.756908,0,0,0,0,,,,,,,,
8653.061523,2.756908,0,0,0,0,,,8653.061523,2.756908,0,0,0,0,,,,,,,,
8693.87793,2.756908,0,0,0,0,,,8693.87793,2.756908,0,0,0,0,,,,,,,,
8734.693359,2.756908,0,0,0,0,,,8734.693359,2.756908,0,0,0,0,,,,,,,,
8775.509766,2.756908,0,0,0,0,,,8775.509766,2.756908,0,0,0,0,,,,,,,,
8816.326172,2.756908,0,0,0,0,,,8816.326172,2.756908,0,0,0,0,,,,,,,,
8857.142578,2.756908,0,0,0,0,,,8857.142578,2.756908,0,0,0,0,,,,,,,,
8897.958984,2.756908,0,0,0,0,,,8897.958984,2.756908,0,0,0,0,,,,,,,,
8938.775391,2.756908,0,0,0,0,,,8938.775391,2.756908,0,0,0,0,,,,,,,,
8979.591797,2.756908,0,0,0,0,,,8979.591797,2.756908,0,0,0,0,,,,,,,,
7020.408203,3.141593,0,0,0,0,,,7020.408203,3.141593,0,0,0,0,,,,,,,,
7061.224609,3.141593,0,0,0,0,,,7061.224609,3.141593,0,0,0,0,,,,,,,,
7102.041016,3.141593,0,0,0,0,,,7102.041016,3.141593,0,0,0,0,,,,,,,,
7142.857422,3.141593,0,0,0,0,,,7142.857422,3.141593,0,0,0,0,,,,,,,,
7183.67334,3.141593,0,0,0,0,,,7183.67334,3.141593,0,0,0,0,,,,,,,,
7224.489746,3.141593,0,0,0,0,,,7224.489746,3.141593,0,0,0,0,,,,,,,,
7265.306152,3.141593,0,0,0,0,,,7265.306152,3.141593,0,0,0,0,,,,,,,,
7306.122559,3.141593,0,0,0,0,,,7306.122559,3.141593,0,0,0,0,,,,,,,,
7346.938965,3.141593,0,0,0,0,,,7346.938965,3.141593,0,0,0,0,,,,,,,,
7387.754883,3.141593,0,0,0,0,,,7387.754883,3.141593,0,0,0,0,,,,,,,,
7428.571289,3.141593,0,0,0,0,,,7428.571289,3.141593,0,0,0,0,,,,,,,,
7469.387695,3.141593,0,0,0,0,,,7469.387695,3.141593,0,0,0,0,,,,,,,,
7510.204102,3.141593,0,0,0,0,,,7510.204102,3.141593,0,0,0,0,,,,,,,,
7551.020508,3.141593,0,0,0,0,,,7551.020508,3.141593,0,0,0,0,,,,,,,,
7591.836914,3.141593,0,0,0,0,,,7591.836914,3.141593,0,0,0,0,,,,,,,,
7632.65332,3.141593,0,0,0,0,,,7632.65332,3.141593,0,0,0,0,,,,,,,,
7673.469238,3.141593,0,0,0,0,,,7673.469238,3.141593,0,0,0,0,,,,,,,,
7714.285645,3.141593,0,0,0,0,,,7714.285645,3.141593,0,0,0,0,,,,,,,,
7755.102051,3.141593,0,0,0,0,,,7755.102051,3.141593,0,0,0,0,,,,,,,,
7795.918457,3.141593,0,0,0,0,,,7795.918457,3.141593,0,0,0,0,,,,,,,,
7836.734863,3.141593,0,0,0,0,,,7836.734863,3.141593,0,0,0,0,,,,,,,,
7877.550781,3.141593,0,0,0,0,,,7877.550781,3.141593,0,0,0,0,,,,,,,,
7918.367188,3.141593,0,0,0,0,,,7918.367188,3.141593,0,0,0,0,,,,,,,,
7959.183594,3.141593,0,0,0,0,,,7959.183594,3.141593,0,0,0,0,,,,,,,,
8000,3.141593,0,0,0,0,,,8000,3.141593,0,0,0,0,,,,,,,,
8040.816406,3.141593,0,0,0,0,,,8040.816406,3.141593,0,0,0,0,,,,,,,,
8081.632812,3.141593,0,0,0,0,,,8081.632812,3.141593,0,0,0,0,,,,,,,,
8122.449219,3.141593,0,0,0,0,,,8122.449219,3.141593,0,0,0,0,,,,,,,,
8163.265137,3.141593,0,0,0,0,,,8163.265137,3.141593,0,0,0,0,,,,,,,,
8204.082031,3.141593,0,0,0,0,,,8204.082031,3.141593,0,0,0,0,,,,,,,,
8244.898438,3.141593,0,0,0,0,,,8244.898438,3.141593,0,0,0,0,,,,,,,,
8285.713867,3.141593,0,0,0,0,,,8285.713867,3.141593,0,0,0,0,,,,,,,,
8326.530273,3.141593,0,0,0,0,,,8326.530273,3.141593,0,0,0,0,,,,,,,,
8367.34668,3.141593,0,0,0,0,,,8367.34668,3.141593,0,0,0,0,,,,,,,,
8408.163086,3.141593,0,0,0,0,,,8408.163086,3.141593,0,0,0,0,,,,,,,,
8448.979492,3.141593,0,0,0,0,,,8448.979492,3.141593,0,0,0,0,,,,,,,,
8489.795898,3.141593,0,0,0,0,,,8489.795898,3.141593,0,0,0,0,,,,,,,,
8530.612305,3.141593,0,0,0,0,,,8530.612305,3.141593,0,0,0,0,,,,,,,,
8571.428711,3.141593,0,0,0,0,,,8571.428711,3.141593,0,0,0,0,,,,,,,,
8612.245117,3.141593,0,0,0,0,,,8612.245117,3.141593,0,0,0,0,,,,,,,,
8653.061523,3.141593,0,0,0,0,,,8653.061523,3.141593,0,0,0,0,,,,,,,,
8693.87793,3.141593,0,0,0,0,,,8693.87793,3.141593,0,0,0,0,,,,,,,,
8734.693359,3.141593,0,0,0,0,,,8734.693359,3.141593,0,0,0,0,,,,,,,,
8775.509766,3.141593,0,0,0,0,,,8775.509766,3.141593,0,0,0,0,,,,,,,,
8816.326172,3.141593,0,0,0,0,,,8816.326172,3.141593,0,0,0,0,,,,,,,,
8857.142578,3.141593,0,0,0,0,,,8857.142578,3.141593,0,0,0,0,,,,,,,,
8897.958984,3.141593,0,0,0,0,,,8897.958984,3.141593,0,0,0,0,,,,,,,,
8938.775391,3.141593,0,0,0,0,,,8938.775391,3.141593,0,0,0,0,,,,,,,,
8979.591797,3.141593,0,0,0,0,,,8979.591797,3.141593,0,0,0,0,,,,,,,,
7020.408203,3.526278,0,0,0,0,,,7020.408203,3.526278,0,0,0,0,,,,,,,,
7061.224609,3.526278,0,0,0,0,,,7061.224609,3.526278,0,0,0,0,,,,,,,,
7102.041016,3.526278,0,0,0,0,,,7102.041016,3.526278,0,0,0,0,,,,,,,,
7142.857422,3.526278,0,0,0,0,,,7142.857422,3.526278,0,0,0,0,,,,,,,,
7183.67334,3.526278,0,0,0,0,,,7183.67334,3.526278,0,0,0,0,,,,,,,,
7224.489746,3.526278,0,0,0,0,,,7224.489746,3.526278,0,0,0,0,,,,,,,,
7265.306152,3.526278,0,0,0,0,,,7265.306152,3.526278,0,0,0,0,,,,,,,,
7306.122559,3.526278,0,0,0,0,,,7306.122559,3.526278,0,0,0,0,,,,,,,,
7346.938965,3.526278,0,0,0,0,,,7346.938965,3.526278,0,0,0,0,,,,,,,,
7387.754883,3.526278,0,0,0,0,,,7387.754883,3.526278,0,0,0,0,,,,,,,,
7428.571289,3.526278,0,0,0,0,,,7428.571289,3.526278,0,0,0,0,,,,,,,,
7469.387695,3.526278,0,0,0,0,,,7469.387695,3.526278,0,0,0,0,,,,,,,,
7510.204102,3.526278,0,0,0,0,,,7510.204102,3.526278,0,0,0,0,,,,,,,,
7551.020508,3.526278,0,0,0,0,,,7551.020508,3.526278,0,0,0,0,,,,,,,,
7591.836914,3.526278,0,0,0,0,,,7591.836914,3.526278,0,0,0,0,,,,,,,,
7632.65332,3.526278,0,0,0,0,,,7632.65332,3.526278,0,0,0,0,,,,,,,,
7673.469238,3.526278,0,0,0,0,,,7673.469238,3.526278,0,0,0,0,,,,,,,,
7714.285645,3.526278,0,0,0,0,,,7714.285645,3.526278,0,0,0,0,,,,,,,,
7755.102051,3.526278,0,0,0,0,,,7755.102051,3.526278,0,0,0,0,,,,,,,,
7795.918457,3.526278,0,0,0,0,,,7795.918457,3.526278,0,0,0,0,,,,,,,,
7836.734863,3.526278,0,0,0,0,,,7836.734863,3.526278,0,0,0,0,,,,,,,,
7877.550781,3.526278,0,0,0,0,,,7877.550781,3.526278,0,0,0,0,,,,,,,,
7918.367188,3.526278,0,0,0,0,,,7918.367188,3.526278,0,0,0,0,,,,,,,,
7959.183594,3.526278,0,0,0,0,,,7959.183594,3.526278,0,0,0,0,,,,,,,,
8000,3.526278,0,0,0,0,,,8000,3.526278,0,0,0,0,,,,,,,,
8040.816406,3.526278,0,0,0,0,,,8040.816406,3.526278,0,0,0,0,,,,,,,,
8081.632812,3.526278,0,0,0,0,,,8081.632812,3.526278,0,0,0,0,,,,,,,,
8122.449219,3.526278,0,0,0,0,,,8122.449219,3.526278,0,0,0,0,,,,,,,,
8163.265137,3.526278,0,0,0,0,,,8163.265137,3.526278,0,0,0,0,,,,,,,,
8204.082031,3.526278,0,0,0,0,,,8204.082031,3.526278,0,0,0,0,,,,,,,,
8244.898438,3.526278,0,0,0,0,,,8244.898438,3.526278,0,0,0,0,,,,,,,,
8285.713867,3.526278,0,0,0,0,,,8285.713867,3.526278,0,0,0,0,,,,,,,,
8326.530273,3.526278,0,0,0,0,,,8326.530273,3.526278,0,0,0,0,,,,,,,,
8367.34668,3.526278,0,0,0,0,,,8367.34668,3.526278,0,0,0,0,,,,,,,,
8408.163086,3.526278,0,0,0,0,,,8408.163086,3.526278,0,0,0,0,,,,,,,,
8448.979492,3.526278,0,0,0,0,,,8448.979492,3.526278,0,0,0,0,,,,,,,,
8489.795898,3.526278,0,0,0,0,,,8489.795898,3.526278,0,0,0,0,,,,,,,,
8530.612305,3.526278,0,0,0,0,,,8530.612305,3.526278,0,0,0,0,,,,,,,,
8571.428711,3.526278,0,0,0,0,,,8571.428711,3.526278,0,0,0,0,,,,,,,,
8612.245117,3.526278,0,0,0,0,,,8612.245117,3.526278,0,0,0,0,,,,,,,,
8653.061523,3.526278,0,0,0,0,,,8653.061523,3.526278,0,0,0,0,,,,,,,,
8693.87793,3.526278,0,0,0,0,,,8693.87793,3.526278,0,0,0,0,,,,,,,,
8734.693359,3.526278,0,0,0,0,,,8734.693359,3.526278,0,0,0,0,,,,,,,,
8775.509766,3.526278,0,0,0,0,,,8775.509766,3.526278,0,0,0,0,,,,,,,,
8816.326172,3.526278,0,0,0,0,,,8816.326172,3.526278,0,0,0,0,,,,,,,,
8857.142578,3.526278,0,0,0,0,,,8857.142578,3.526278,0,0,0,0,,,,,,,,
8897.958984,3.526278,0,0,0,0,,,8897.958984,3.526278,0,0,0,0,,,,,,,,
8938.775391,3.526278,0,0,0,0,,,8938.775391,3.526278,0,0,0,0,,,,,,,,
8979.591797,3.526278,0,0,0,0,,,8979.591797,3.526278,0,0,0,0,,,,,,,,
7020.408203,3.910963,0,0,0,0,,,7020.408203,3.910963,0,0,0,0,,,,,,,,
7061.224609,3.910963,0,0,0,0,,,7061.224609,3.910963,0,0,0,0,,,,,,,,
7102.041016,3.910963,0,0,0,0,,,7102.041016,3.910963,0,0,0,0,,,,,,,,
7142.857422,3.910963,0,0,0,0,,,7142.857422,3.910963,0,0,0,0,,,,,,,,
7183.67334,3.910963,0,0,0,0,,,7183.67334,3.910963,0,0,0,0,,,,,,,,
7224.489746,3.910963,0,0,0,0,,,7224.489746,3.910963,0,0,0,0,,,,,,,,
7265.306152,3.910963,0,0,0,0,,,7265.306152,3.910963,0,0,0,0,,,,,,,,
7306.122559,3.910963,0,0,0,0,,,7306.122559,3.910963,0,0,0,0,,,,,,,,
7346.938965,3.910963,0,0,0,0,,,7346.938965,3.910963,0,0,0,0,,,,,,,,
7387.754883,3.910963,0,0,0,0,,,7387.754883,3.910963,0,0,0,0,,,,,,,,
7428.571289,3.910963,0,0,0,0,,,7428.571289,3.910963,0,0,0,0,,,,,,,,
7469.387695,3.910963,0,0,0,0,,,7469.387695,3.910963,0,0,0,0,,,,,,,,
7510.204102,3.910963,0,0,0,0,,,7510.204102,3.910963,0,0,0,0,,,,,,,,
7551.020508,3.910963,0,0,0,0,,,7551.020508,3.910963,0,0,0,0,,,,,,,,
7591.836914,3.910963,0,0,0,0,,,7591.836914,3.910963,0,0,0,0,,,,,,,,
7632.65332,3.910963,0,0,0,0,,,7632.65332,3.910963,0,0,0,0,,,,,,,,
7673.469238,3.910963,0,0,0,0,,,7673.469238,3.910963,0,0,0,0,,,,,,,,
7714.285645,3.910963,0,0,0,0,,,7714.285645,3.910963,0,0,0,0,,,,,,,,
7755.102051,3.910963,0,0,0,0,,,7755.102051,3.910963,0,0,0,0,,,,,,,,
7795.918457,3.910963,0,0,0,0,,,7795.918457,3.910963,0,0,0,0,,,,,,,,
7836.734863,3.910963,0,0,0,0,,,7836.734863,3.910963,0,0,0,0,,,,,,,,
7877.550781,3.910963,0,0,0,0,,,7877.550781,3.910963,0,0,0,0,,,,,,,,
7918.367188,3.910963,0,0,0,0,,,7918.367188,3.910963,0,0,0,0,,,,,,,,
7959.183594,3.910963,0,0,0,0,,,7959.183594,3.910963,0,0,0,0,,,,,,,,
8000,3.910963,0,0,0,0,,,8000,3.910963,0,0,0,0,,,,,,,,
8040.816406,3.910963,0,0,0,0,,,8040.816406,3.910963,0,0,0,0,,,,,,,,
8081.632812,3.910963,0,0,0,0,,,8081.632812,3.910963,0,0,0,0,,,,,,,,
8122.449219,3.910963,0,0,0,0,,,8122.449219,3.910963,0,0,0,0,,,,,,,,
8163.265137,3.910963,0,0,0,0,,,8163.265137,3.910963,0,0,0,0,,,,,,,,
8204.082031,3.910963,0,0,0,0,,,8204.082031,3.910963,0,0,0,0,,,,,,,,
8244.898438,3.910963,0,0,0,0,,,8244.898438,3.910963,0,0,0,0,,,,,,,,
8285.713867,3.910963,0,0,0,0,,,8285.713867,3.910963,0,0,0,0,,,,,,,,
8326.530273,3.910963,0,0,0,0,,,8326.530273,3.910963,0,0,0,0,,,,,,,,
8367.34668,3.910963,0,0,0,0,,,8367.34668,3.910963,0,0,0,0,,,,,,,,
8408.163086,3.910963,0,0,0,0,,,8408.163086,3.910963,0,0,0,0,,,,,,,,
8448.979492,3.910963,0,0,0,0,,,8448.979492,3.910963,0,0,0,0,,,,,,,,
8489.795898,3.910963,0,0,0,0,,,8489.795898,3.910963,0,0,0,0,,,,,,,,
8530.612305,3.910963,0,0,0,0,,,8530.612305,3.910963,0,0,0,0,,,,,,,,
8571.428711,3.910963,0,0,0,0,,,8571.428711,3.910963,0,0,0,0,,,,,,,,
8612.245117,3.910963,0,0,0,0,,,8612.245117,3.910963,0,0,0,0,,,,,,,,
8653.061523,3.910963,0,0,0,0,,,8653.061523,3.910963,0,0,0,0,,,,,,,,
8693.87793,3.910963,0,0,0,0,,,8693.87793,3.910963,0,0,0,0,,,,,,,,
8734.693359,3.910963,0,0,0,0,,,8734.693359,3.910963,0,0,0,0,,,,,,,,
8775.509766,3.910963,0,0,0,0,,,8775.509766,3.910963,0,0,0,0,,,,,,,,
8816.326172,3.910963,0,0,0,0,,,8816.326172,3.910963,0,0,0,0,,,,,,,,
8857.142578,3.910963,0,0,0,0,,,8857.142578,3.910963,0,0,0,0,,,,,,,,
8897.958984,3.910963,0,0,0,0,,,8897.958984,3.910963,0,0,0,0,,,,,,,,
8938.775391,3.910963,0,0,0,0,,,8938.775391,3.910963,0,0,0,0,,,,,,,,
8979.591797,3.910963,0,0,0,0,,,8979.591797,3.910963,0,0,0,0,,,,,,,,
7020.408203,4.295647,0,0,0,0,,,7020.408203,4.295647,0,0,0,0,,,,,,,,
7061.224609,4.295647,0,0,0,0,,,7061.224609,4.295647,0,0,0,0,,,,,,,,
7102.041016,4.295647,0,0,0,0,,,7102.041016,4.295647,0,0,0,0,,,,,,,,
7142.857422,4.295647,0,0,0,0,,,7142.857422,4.295647,0,0,0,0,,,,,,,,
7183.67334,4.295647,0,0,0,0,,,7183.67334,4.295647,0,0,0,0,,,,,,,,
7224.489746,4.295647,0,0,0,0,,,7224.489746,4.295647,0,0,0,0,,,,,,,,
7265.306152,4.295647,0,0,0,0,,,7265.306152,4.295647,0,0,0,0,,,,,,,,
7306.122559,4.295647,0,0,0,0,,,7306.122559,4.295647,0,0,0,0,,,,,,,,
7346.938965,4.295647,0,0,0,0,,,7346.938965,4.295647,0,0,0,0,,,,,,,,
7387.754883,4.295647,0,0,0,0,,,7387.754883,4.295647,0,0,0,0,,,,,,,,
7428.571289,4.295647,0,0,0,0,,,7428.571289,4.295647,0,0,0,0,,,,,,,,
7469.387695,4.295647,0,0,0,0,,,7469.387695,4.295647,0,0,0,0,,,,,,,,
7510.204102,4.295647,0,0,0,0,,,7510.204102,4.295647,0,0,0,0,,,,,,,,
7551.020508,4.295647,0,0,0,0,,,7551.020508,4.295647,0,0,0,0,,,,,,,,
7591.836914,4.295647,0,0,0,0,,,7591.836914,4.295647,0,0,0,0,,,,,,,,
7632.65332,4.295647,0,0,0,0,,,7632.65332,4.295647,0,0,0,0,,,,,,,,
7673.469238,4.295647,0,0,0,0,,,7673.469238,4.295647,0,0,0,0,,,,,,,,
7714.285645,4.295647,0,0,0,0,,,7714.285645,4.295647,0,0,0,0,,,,,,,,
7755.102051,4.295647,0,0,0,0,,,7755.102051,4.295647,0,0,0,0,,,,,,,,
7795.918457,4.295647,0,0,0,0,,,7795.918457,4.295647,0,0,0,0,,,,,,,,
7836.734863,4.295647,0,0,0,0,,,7836.734863,4.295647,0,0,0,0,,,,,,,,
7877.550781,4.295647,0,0,0,0,,,7877.550781,4.295647,0,0,0,0,,,,,,,,
7918.367188,4.295647,0,0,0,0,,,7918.367188,4.295647,0,0,0,0,,,,,,,,
7959.183594,4.295647,0,0,0,0,,,7959.183594,4.295647,0,0,0,0,,,,,,,,
8000,4.295647,0,0,0,0,,,8000,4.295647,0,0,0,0,,,,,,,,
8040.816406,4.295647,0,0,0,0,,,8040.816406,4.295647,0,0,0,0,,,,,,,,
8081.632812,4.295647,0,0,0,0,,,8081.632812,4.295647,0,0,0,0,,,,,,,,
8122.449219,4.295647,0,0,0,0,,,8122.449219,4.295647,0,0,0,0,,,,,,,,
8163.265137,4.295647,0,0,0,0,,,8163.265137,4.295647,0,0,0,0,,,,,,,,
8204.082031,4.295647,0,0,0,0,,,8204.082031,4.295647,0,0,0,0,,,,,,,,
8244.898438,4.295647,0,0,0,0,,,8244.898438,4.295647,0,0,0,0,,,,,,,,
8285.713867,4.295647,0,0,0,0,,,8285.713867,4.295647,0,0,0,0,,,,,,,,
8326.530273,4.295647,0,0,0,0,,,8326.530273,4.295647,0,0,0,0,,,,,,,,
8367.34668,4.295647,0,0,0,0,,,8367.34668,4.295647,0,0,0,0,,,,,,,,
8408.163086,4.295647,0,0,0,0,,,8408.163086,4.295647,0,0,0,0,,,,,,,,
8448.979492,4.295647,0,0,0,0,,,8448.979492,4.295647,0,0,0,0,,,,,,,,
8489.795898,4.295647,0,0,0,0,,,8489.795898,4.295647,0,0,0,0,,,,,,,,
8530.612305,4.295647,0,0,0,0,,,8530.612305,4.295647,0,0,0,0,,,,,,,,
8571.428711,4.295647,0,0,0,0,,,8571.428711,4.295647,0,0,0,0,,,,,,,,
8612.245117,4.295647,0,0,0,0,,,8612.245117,4.295647,0,0,0,0,,,,,,,,
8653.061523,4.295647,0,0,0,0,,,8653.061523,4.295647,0,0,0,0,,,,,,,,
8693.87793,4.295647,0,0,0,0,,,8693.87793,4.295647,0,0,0,0,,,,,,,,
8734.693359,4.295647,0,0,0,0,,,8734.693359,4.295647,0,0,0,0,,,,,,,,
8775.509766,4.295647,0,0,0,0,,,8775.509766,4.295647,0,0,0,0,,,,,,,,
8816.326172,4.295647,0,0,0,0,,,8816.326172,4.295647,0,0,0,0,,,,,,,,
8857.142578,4.295647,0,0,0,0,,,8857.142578,4.295647,0,0,0,0,,,,,,,,
8897.958984,4.295647,0,0,0,0,,,8897.958984,4.295647,0,0,0,0,,,,,,,,
8938.775391,4.295647,0,0,0,0,,,8938.775391,4.295647,0,0,0,0,,,,,,,,
8979.591797,4.295647,0,0,0,0,,,8979.591797,4.295647,0,0,0,0,,,,,,,,
7020.408203,4.680332,0,0,0,0,,,7020.408203,4.680332,0,0,0,0,,,,,,,,
7061.224609,4.680332,0,0,0,0,,,7061.224609,4.680332,0,0,0,0,,,,,,,,
7102.041016,4.680332,0,0,0,0,,,7102.041016,4.680332,0,0,0,0,,,,,,,,
7142.857422,4.680332,0,0,0,0,,,7142.857422,4.680332,0,0,0,0,,,,,,,,
7183.67334,4.680332,0,0,0,0,,,7183.67334,4.680332,0,0,0,0,,,,,,,,
7224.489746,4.680332,0,0,0,0,,,7224.489746,4.680332,0,0,0,0,,,,,,,,
7265.306152,4.680332,0,0,0,0,,,7265.306152,4.680332,0,0,0,0,,,,,,,,
7306.122559,4.680332,0,0,0,0,,,7306.122559,4.680332,0,0,0,0,,,,,,,,
7346.938965,4.680332,0,0,0,0,,,7346.938965,4.680332,0,0,0,0,,,,,,,,
7387.754883,4.680332,0,0,0,0,,,7387.754883,4.680332,0,0,0,0,,,,,,,,
7428.571289,4.680332,0,0,0,0,,,7428.571289,4.680332,0,0,0,0,,,,,,,,
7469.387695,4.680332,0,0,0,0,,,7469.387695,4.680332,0,0,0,0,,,,,,,,
7510.204102,4.680332,0,0,0,0,,,7510.204102,4.680332,0,0,0,0,,,,,,,,
7551.020508,4.680332,0,0,0,0,,,7551.020508,4.680332,0,0,0,0,,,,,,,,
7591.836914,4.680332,0,0,0,0,,,7591.836914,4.680332,0,0,0,0,,,,,,,,
7632.65332,4.680332,0,0,0,0,,,7632.65332,4.680332,0,0,0,0,,,,,,,,
7673.469238,4.680332,0,0,0,0,,,7673.469238,4.680332,0,0,0,0,,,,,,,,
7714.285645,4.680332,0,0,0,0,,,7714.285645,4.680332,0,0,0,0,,,,,,,,
7755.102051,4.680332,0,0,0,0,,,7755.102051,4.680332,0,0,0,0,,,,,,,,
7795.918457,4.680332,0,0,0,0,,,7795.918457,4.680332,0,0,0,0,,,,,,,,
7836.734863,4.680332,0,0,0,0,,,7836.734863,4.680332,0,0,0,0,,,,,,,,
7877.550781,4.680332,0,0,0,0,,,7877.550781,4.680332,0,0,0,0,,,,,,,,
7918.367188,4.680332,0,0,0,0,,,7918.367188,4.680332,0,0,0,0,,,,,,,,
7959.183594,4.680332,0,0,0,0,,,7959.183594,4.680332,0,0,0,0,,,,,,,,
8000,4.680332,0,0,0,0,,,8000,4.680332,0,0,0,0,,,,,,,,
8040.816406,4.680332,0,0,0,0,,,8040.816406,4.680332,0,0,0,0,,,,,,,,
8081.632812,4.680332,0,0,0,0,,,8081.632812,4.680332,0,0,0,0,,,,,,,,
8122.449219,4.680332,0,0,0,0,,,8122.449219,4.680332,0,0,0,0,,,,,,,,
8163.265137,4.680332,0,0,0,0,,,8163.265137,4.680332,0,0,0,0,,,,,,,,
8204.082031,4.680332,0,0,0,0,,,8204.082031,4.680332,0,0,0,0,,,,,,,,
8244.898438,4.680332,0,0,0,0,,,8244.898438,4.680332,0,0,0,0,,,,,,,,
8285.713867,4.680332,0,0,0,0,,,8285.713867,4.680332,0,0,0,0,,,,,,,,
8326.530273,4.680332,0,0,0,0,,,8326.530273,4.680332,0,0,0,0,,,,,,,,
8367.34668,4.680332,0,0,0,0,,,8367.34668,4.680332,0,0,0,0,,,,,,,,
8408.163086,4.680332,0,0,0,0,,,8408.163086,4.680332,0,0,0,0,,,,,,,,
8448.979492,4.680332,0,0,0,0,,,8448.979492,4.680332,0,0,0,0,,,,,,,,
8489.795898,4.680332,0,0,0,0,,,8489.795898,4.680332,0,0,0,0,,,,,,,,
8530.612305,4.680332,0,0,0,0,,,8530.612305,4.680332,0,0,0,0,,,,,,,,
8571.428711,4.680332,0,0,0,0,,,8571.428711,4.680332,0,0,0,0,,,,,,,,
8612.245117,4.680332,0,0,0,0,,,8612.245117,4.680332,0,0,0,0,,,,,,,,
8653.061523,4.680332,0,0,0,0,,,8653.061523,4.680332,0,0,0,0,,,,,,,,
8693.87793,4.680332,0,0,0,0,,,8693.87793,4.680332,0,0,0,0,,,,,,,,
8734.693359,4.680332,0,0,0,0,,,8734.693359,4.680332,0,0,0,0,,,,,,,,
8775.509766,4.680332,0,0,0,0,,,8775.509766,4.680332,0,0,0,0,,,,,,,,
8816.326172,4.680332,0,0,0,0,,,8816.326172,4.680332,0,0,0,0,,,,,,,,
8857.142578,4.680332,0,0,0,0,,,8857.142578,4.680332,0,0,0,0,,,,,,,,
8897.958984,4.680332,0,0,0,0,,,8897.958984,4.680332,0,0,0,0,,,,,,,,
8938.775391,4.680332,0,0,0,0,,,8938.775391,4.680332,0,0,0,0,,,,,,,,
8979.591797,4.680332,0,0,0,0,,,8979.591797,4.680332,0,0,0,0,,,,,,,,
7020.408203,5.065017,0,0,0,0,,,7020.408203,5.065017,0,0,0,0,,,,,,,,
7061.224609,5.065017,0,0,0,0,,,7061.224609,5.065017,0,0,0,0,,,,,,,,
7102.041016,5.065017,0,0,0,0,,,7102.041016,5.065017,0,0,0,0,,,,,,,,
7142.857422,5.065017,0,0,0,0,,,7142.857422,5.065017,0,0,0,0,,,,,,,,
7183.67334,5.065017,0,0,0,0,,,7183.67334,5.065017,0,0,0,0,,,,,,,,
7224.489746,5.065017,0,0,0,0,,,7224.489746,5.065017,0,0,0,0,,,,,,,,
7265.306152,5.065017,0,0,0,0,,,7265.306152,5.065017,0,0,0,0,,,,,,,,
7306.122559,5.065017,0,0,0,0,,,7306.122559,5.065017,0,0,0,0,,,,,,,,
7346.938965,5.065017,0,0,0,0,,,7346.938965,5.065017,0,0,0,0,,,,,,,,
7387.754883,5.065017,0,0,0,0,,,7387.754883,5.065017,0,0,0,0,,,,,,,,
7428.571289,5.065017,0,0,0,0,,,7428.571289,5.065017,0,0,0,0,,,,,,,,
7469.387695,5.065017,0,0,0,0,,,7469.387695,5.065017,0,0,0,0,,,,,,,,
7510.204102,5.065017,0,0,0,0,,,7510.204102,5.065017,0,0,0,0,,,,,,,,
7551.020508,5.065017,0,0,0,0,,,7551.020508,5.065017,0,0,0,0,,,,,,,,
7591.836914,5.065017,0,0,0,0,,,7591.836914,5.065017,0,0,0,0,,,,,,,,
7632.65332,5.065017,0,0,0,0,,,7632.65332,5.065017,0,0,0,0,,,,,,,,
7673.469238,5.065017,0,0,0,0,,,7673.469238,5.065017,0,0,0,0,,,,,,,,
7714.285645,5.065017,0,0,0,0,,,7714.285645,5.065017,0,0,0,0,,,,,,,,
7755.102051,5.065017,0,0,0,0,,,7755.102051,5.065017,0,0,0,0,,,,,,,,
7795.918457,5.065017,0,0,0,0,,,7795.918457,5.065017,0,0,0,0,,,,,,,,
7836.734863,5.065017,0,0,0,0,,,7836.734863,5.065017,0,0,0,0,,,,,,,,
7877.550781,5.065017,0,0,0,0,,,7877.550781,5.065017,0,0,0,0,,,,,,,,
7918.367188,5.065017,0,0,0,0,,,7918.367188,5.065017,0,0,0,0,,,,,,,,
7959.183594,5.065017,0,0,0,0,,,7959.183594,5.065017,0,0,0,0,,,,,,,,
8000,5.065017,0,0,0,0,,,8000,5.065017,0,0,0,0,,,,,,,,
8040.816406,5.065017,0,0,0,0,,,8040.816406,5.065017,0,0,0,0,,,,,,,,
8081.632812,5.065017,0,0,0,0,,,8081.632812,5.065017,0,0,0,0,,,,,,,,
8122.449219,5.065017,0,0,0,0,,,8122.449219,5.065017,0,0,0,0,,,,,,,,
8163.265137,5.065017,0,0,0,0,,,8163.265137,5.065017,0,0,0,0,,,,,,,,
8204.082031,5.065017,0,0,0,0,,,8204.082031,5.065017,0,0,0,0,,,,,,,,
8244.898438,5.065017,0,0,0,0,,,8244.898438,5.065017,0,0,0,0,,,,,,,,
8285.713867,5.065017,0,0,0,0,,,8285.713867,5.065017,0,0,0,0,,,,,,,,
8326.530273,5.065017,0,0,0,0,,,8326.530273,5.065017,0,0,0,0,,,,,,,,
8367.34668,5.065017,0,0,0,0,,,8367.34668,5.065017,0,0,0,0,,,,,,,,
8408.163086,5.065017,0,0,0,0,,,8408.163086,5.065017,0,0,0,0,,,,,,,,
8448.979492,5.065017,0,0,0,0,,,8448.979492,5.065017,0,0,0,0,,,,,,,,
8489.795898,5.065017,0,0,0,0,,,8489.795898,5.065017,0,0,0,0,,,,,,,,
8530.612305,5.065017,0,0,0,0,,,8530.612305,5.065017,0,0,0,0,,,,,,,,
8571.428711,5.065017,0,0,0,0,,,8571.428711,5.065017,0,0,0,0,,,,,,,,
8612.245117,5.065017,0,0,0,0,,,8612.245117,5.065017,0,0,0,0,,,,,,,,
8653.061523,5.065017,0,0,0,0,,,8653.061523,5.065017,0,0,0,0,,,,,,,,
8693.87793,5.065017,0,0,0,0,,,8693.87793,5.065017,0,0,0,0,,,,,,,,
8734.693359,5.065017,0,0,0,0,,,8734.693359,5.065017,0,0,0,0,,,,,,,,
8775.509766,5.065017,0,0,0,0,,,8775.509766,5.065017,0,0,0,0,,,,,,,,
8816.326172,5.065017,0,0,0,0,,,8816.326172,5.065017,0,0,0,0,,,,,,,,
8857.142578,5.065017,0,0,0,0,,,8857.142578,5.065017,0,0,0,0,,,,,,,,
8897.958984,5.065017,0,0,0,0,,,8897.958984,5.065017,0,0,0,0,,,,,,,,
8938.775391,5.065017,0,0,0,0,,,8938.775391,5.065017,0,0,0,0,,,,,,,,
8979.591797,5.065017,0,0,0,0,,,8979.591797,5.065017,0,0,0,0,,,,,,,,
7020.408203,5.449702,0,0,0,0,,,7020.408203,5.449702,0,0,0,0,,,,,,,,
7061.224609,5.449702,0,0,0,0,,,7061.224609,5.449702,0,0,0,0,,,,,,,,
7102.041016,5.449702,0,0,0,0,,,7102.041016,5.449702,0,0,0,0,,,,,,,,
7142.857422,5.449702,0,0,0,0,,,7142.857422,5.449702,0,0,0,0,,,,,,,,
7183.67334,5.449702,0,0,0,0,,,7183.67334,5.449702,0,0,0,0,,,,,,,,
7224.489746,5.449702,0,0,0,0,,,7224.489746,5.449702,0,0,0,0,,,,,,,,
7265.306152,5.449702,0,0,0,0,,,7265.306152,5.449702,0,0,0,0,,,,,,,,
7306.122559,5.449702,0,0,0,0,,,7306.122559,5.449702,0,0,0,0,,,,,,,,
7346.938965,5.449702,0,0,0,0,,,7346.938965,5.449702,0,0,0,0,,,,,,,,
7387.754883,5.449702,0,0,0,0,,,7387.754883,5.449702,0,0,0,0,,,,,,,,
7428.571289,5.449702,0,0,0,0,,,7428.571289,5.449702,0,0,0,0,,,,,,,,
7469.387695,5.449702,0,0,0,0,,,7469.387695,5.449702,0,0,0,0,,,,,,,,
7510.204102,5.449702,0,0,0,0,,,7510.204102,5.449702,0,0,0,0,,,,,,,,
7551.020508,5.449702,0,0,0,0,,,7551.020508,5.449702,0,0,0,0,,,,,,,,
7591.836914,5.449702,0,0,0,0,,,7591.836914,5.449702,0,0,0,0,,,,,,,,
7632.65332,5.449702,0,0,0,0,,,7632.65332,5.449702,0,0,0,0,,,,,,,,
7673.469238,5.449702,0,0,0,0,,,7673.469238,5.449702,0,0,0,0,,,,,,,,
7714.285645,5.449702,0,0,0,0,,,7714.285645,5.449702,0,0,0,0,,,,,,,,
7755.102051,5.449702,0,0,0,0,,,7755.102051,5.449702,0,0,0,0,,,,,,,,
7795.918457,5.449702,0,0,0,0,,,7795.918457,5.449702,0,0,0,0,,,,,,,,
7836.734863,5.449702,0,0,0,0,,,7836.734863,5.449702,0,0,0,0,,,,,,,,
7877.550781,5.449702,0,0,0,0,,,7877.550781,5.449702,0,0,0,0,,,,,,,,
7918.367188,5.449702,0,0,0,0,,,7918.367188,5.449702,0,0,0,0,,,,,,,,
7959.183594,5.449702,0,0,0,0,,,7959.183594,5.449702,0,0,0,0,,,,,,,,
8000,5.449702,0,0,0,0,,,8000,5.449702,0,0,0,0,,,,,,,,
8040.816406,5.449702,0,0,0,0,,,8040.816406,5.449702,0,0,0,0,,,,,,,,
8081.632812,5.449702,0,0,0,0,,,8081.632812,5.449702,0,0,0,0,,,,,,,,
8122.449219,5.449702,0,0,0,0,,,8122.449219,5.449702,0,0,0,0,,,,,,,,
8163.265137,5.449702,0,0,0,0,,,8163.265137,5.449702,0,0,0,0,,,,,,,,
8204.082031,5.449702,0,0,0,0,,,8204.082031,5.449702,0,0,0,0,,,,,,,,
8244.898438,5.449702,0,0,0,0,,,8244.898438,5.449702,0,0,0,0,,,,,,,,
8285.713867,5.449702,0,0,0,0,,,8285.713867,5.449702,0,0,0,0,,,,,,,,
8326.530273,5.449702,0,0,0,0,,,8326.530273,5.449702,0,0,0,0,,,,,,,,
8367.34668,5.449702,0,0,0,0,,,8367.34668,5.449702,0,0,0,0,,,,,,,,
8408.163086,5.449702,0,0,0,0,,,8408.163086,5.449702,0,0,0,0,,,,,,,,
8448.979492,5.449702,0,0,0,0,,,8448.979492,5.449702,0,0,0,0,,,,,,,,
8489.795898,5.449702,0,0,0,0,,,8489.795898,5.449702,0,0,0,0,,,,,,,,
8530.612305,5.449702,0,0,0,0,,,8530.612305,5.449702,0,0,0,0,,,,,,,,
8571.428711,5.449702,0,0,0,0,,,8571.428711,5.449702,0,0,0,0,,,,,,,,
8612.245117,5.449702,0,0,0,0,,,8612.245117,5.449702,0,0,0,0,,,,,,,,
8653.061523,5.449702,0,0,0,0,,,8653.061523,5.449702,0,0,0,0,,,,,,,,
8693.87793,5.449702,0,0,0,0,,,8693.87793,5.449702,0,0,0,0,,,,,,,,
8734.693359,5.449702,0,0,0,0,,,8734.693359,5.449702,0,0,0,0,,,,,,,,
8775.509766,5.449702,0,0,0,0,,,8775.509766,5.449702,0,0,0,0,,,,,,,,
8816.326172,5.449702,0,0,0,0,,,8816.326172,5.449702,0,0,0,0,,,,,,,,
8857.142578,5.449702,0,0,0,0,,,8857.142578,5.449702,0,0,0,0,,,,,,,,
8897.958984,5.449702,0,0,0,0,,,8897.958984,5.449702,0,0,0,0,,,,,,,,
8938.775391,5.449702,0,0,0,0,,,8938.775391,5.449702,0,0,0,0,,,,,,,,
8979.591797,5.449702,0,0,0,0,,,8979.591797,5.449702,0,0,0,0,,,,,,,,
7020.408203,5.834387,0,0,0,0,,,7020.408203,5.834387,0,0,0,0,,,,,,,,
7061.224609,5.834387,0,0,0,0,,,7061.224609,5.834387,0,0,0,0,,,,,,,,
7102.041016,5.834387,0,0,0,0,,,7102.041016,5.834387,0,0,0,0,,,,,,,,
7142.857422,5.834387,0,0,0,0,,,7142.857422,5.834387,0,0,0,0,,,,,,,,
7183.67334,5.834387,0,0,0,0,,,7183.67334,5.834387,0,0,0,0,,,,,,,,
7224.489746,5.834387,0,0,0,0,,,7224.489746,5.834387,0,0,0,0,,,,,,,,
7265.306152,5.834387,0,0,0,0,,,7265.306152,5.834387,0,0,0,0,,,,,,,,
7306.122559,5.834387,0,0,0,0,,,7306.122559,5.834387,0,0,0,0,,,,,,,,
7346.938965,5.834387,0,0,0,0,,,7346.938965,5.834387,0,0,0,0,,,,,,,,
7387.754883,5.834387,0,0,0,0,,,7387.754883,5.834387,0,0,0,0,,,,,,,,
7428.571289,5.834387,0,0,0,0,,,7428.571289,5.834387,0,0,0,0,,,,,,,,
7469.387695,5.834387,0,0,0,0,,,7469.387695,5.834387,0,0,0,0,,,,,,,,
7510.204102,5.834387,0,0,0,0,,,7510.204102,5.834387,0,0,0,0,,,,,,,,
7551.020508,5.834387,0,0,0,0,,,7551.020508,5.834387,0,0,0,0,,,,,,,,
7591.836914,5.834387,0,0,0,0,,,7591.836914,5.834387,0,0,0,0,,,,,,,,
7632.65332,5.834387,0,0,0,0,,,7632.65332,5.834387,0,0,0,0,,,,,,,,
7673.469238,5.834387,0,0,0,0,,,7673.469238,5.834387,0,0,0,0,,,,,,,,
7714.285645,5.834387,0,0,0,0,,,7714.285645,5.834387,0,0,0,0,,,,,,,,
7755.102051,5.834387,0,0,0,0,,,7755.102051,5.834387,0,0,0,0,,,,,,,,
7795.918457,5.834387,0,0,0,0,,,7795.918457,5.834387,0,0,0,0,,,,,,,,
7836.734863,5.834387,0,0,0,0,,,7836.734863,5.834387,0,0,0,0,,,,,,,,
7877.550781,5.834387,0,0,0,0,,,7877.550781,5.834387,0,0,0,0,,,,,,,,
7918.367188,5.834387,0,0,0,0,,,7918.367188,5.834387,0,0,0,0,,,,,,,,
7959.183594,5.834387,0,0,0,0,,,7959.183594,5.834387,0,0,0,0,,,,,,,,
8000,5.834387,0,0,0,0,,,8000,5.834387,0,0,0,0,,,,,,,,
8040.816406,5.834387,0,0,0,0,,,8040.816406,5.834387,0,0,0,0,,,,,,,,
8081.632812,5.834387,0,0,0,0,,,8081.632812,5.834387,0,0,0,0,,,,,,,,
8122.449219,5.834387,0,0,0,0,,,8122.449219,5.834387,0,0,0,0,,,,,,,,
8163.265137,5.834387,0,0,0,0,,,8163.265137,5.834387,0,0,0,0,,,,,,,,
8204.082031,5.834387,0,0,0,0,,,8204.082031,5.834387,0,0,0,0,,,,,,,,
8244.898438,5.834387,0,0,0,0,,,8244.898438,5.834387,0,0,0,0,,,,,,,,
8285.713867,5.834387,0,0,0,0,,,8285.713867,5.834387,0,0,0,0,,,,,,,,
8326.530273,5.834387,0,0,0,0,,,8326.530273,5.834387,0,0,0,0,,,,,,,,
8367.34668,5.834387,0,0,0,0,,,8367.34668,5.834387,0,0,0,0,,,,,,,,
8408.163086,5.834387,0,0,0,0,,,8408.163086,5.834387,0,0,0,0,,,,,,,,
8448.979492,5.834387,0,0,0,0,,,8448.979492,5.834387,0,0,0,0,,,,,,,,
8489.795898,5.834387,0,0,0,0,,,8489.795898,5.834387,0,0,0,0,,,,,,,,
8530.612305,5.834387,0,0,0,0,,,8530.612305,5.834387,0,0,0,0,,,,,,,,
8571.428711,5.834387,0,0,0,0,,,8571.428711,5.834387,0,0,0,0,,,,,,,,
8612.245117,5.834387,0,0,0,0,,,8612.245117,5.834387,0,0,0,0,,,,,,,,
8653.061523,5.834387,0,0,0,0,,,8653.061523,5.834387,0,0,0,0,,,,,,,,
8693.87793,5.834387,0,0,0,0,,,8693.87793,5.834387,0,0,0,0,,,,,,,,
8734.693359,5.834387,0,0,0,0,,,8734.693359,5.834387,0,0,0,0,,,,,,,,
8775.509766,5.834387,0,0,0,0,,,8775.509766,5.834387,0,0,0,0,,,,,,,,
8816.326172,5.834387,0,0,0,0,,,8816.326172,5.834387,0,0,0,0,,,,,,,,
8857.142578,5.834387,0,0,0,0,,,8857.142578,5.834387,0,0,0,0,,,,,,,,
8897.958984,5.834387,0,0,0,0,,,8897.958984,5.834387,0,0,0,0,,,,,,,,
8938.775391,5.834387,0,0,0,0,,,8938.775391,5.834387,0,0,0,0,,,,,,,,
8979.591797,5.834387,0,0,0,0,,,8979.591797,5.834387,0,0,0,0,,,,,,,,
7020.408203,6.219071,0,0,0,0,,,7020.408203,6.219071,0,0,0,0,,,,,,,,
7061.224609,6.219071,0,0,0,0,,,7061.224609,6.219071,0,0,0,0,,,,,,,,
7102.041016,6.219071,0,0,0,0,,,7102.041016,6.219071,0,0,0,0,,,,,,,,
7142.857422,6.219071,0,0,0,0,,,7142.857422,6.219071,0,0,0,0,,,,,,,,
7183.67334,6.219071,0,0,0,0,,,7183.67334,6.219071,0,0,0,0,,,,,,,,
7224.489746,6.219071,0,0,0,0,,,7224.489746,6.219071,0,0,0,0,,,,,,,,
7265.306152,6.219071,0,0,0,0,,,7265.306152,6.219071,0,0,0,0,,,,,,,,
7306.122559,6.219071,0,0,0,0,,,7306.122559,6.219071,0,0,0,0,,,,,,,,
7346.938965,6.219071,0,0,0,0,,,7346.938965,6.219071,0,0,0,0,,,,,,,,
7387.754883,6.219071,0,0,0,0,,,7387.754883,6.219071,0,0,0,0,,,,,,,,
7428.571289,6.219071,0,0,0,0,,,7428.571289,6.219071,0,0,0,0,,,,,,,,
7469.387695,6.219071,0,0,0,0,,,7469.387695,6.219071,0,0,0,0,,,,,,,,
7510.204102,6.219071,0,0,0,0,,,7510.204102,6.219071,0,0,0,0,,,,,,,,
7551.020508,6.219071,0,0,0,0,,,7551.020508,6.219071,0,0,0,0,,,,,,,,
7591.836914,6.219071,0,0,0,0,,,7591.836914,6.219071,0,0,0,0,,,,,,,,
7632.65332,6.219071,0,0,0,0,,,7632.65332,6.219071,0,0,0,0,,,,,,,,
7673.469238,6.219071,0,0,0,0,,,7673.469238,6.219071,0,0,0,0,,,,,,,,
7714.285645,6.219071,0,0,0,0,,,7714.285645,6.219071,0,0,0,0,,,,,,,,
7755.102051,6.219071,0,0,0,0,,,7755.102051,6.219071,0,0,0,0,,,,,,,,
7795.918457,6.219071,0,0,0,0,,,7795.918457,6.219071,0,0,0,0,,,,,,,,
7836.734863,6.219071,0,0,0,0,,,7836.734863,6.219071,0,0,0,0,,,,,,,,
7877.550781,6.219071,0,0,0,0,,,7877.550781,6.219071,0,0,0,0,,,,,,,,
7918.367188,6.219071,0,0,0,0,,,7918.367188,6.219071,0,0,0,0,,,,,,,,
7959.183594,6.219071,0,0,0,0,,,7959.183594,6.219071,0,0,0,0,,,,,,,,
8000,6.219071,0,0,0,0,,,8000,6.219071,0,0,0,0,,,,,,,,
8040.816406,6.219071,0,0,0,0,,,8040.816406,6.219071,0,0,0,0,,,,,,,,
8081.632812,6.219071,0,0,0,0,,,8081.632812,6.219071,0,0,0,0,,,,,,,,
8122.449219,6.219071,0,0,0,0,,,8122.449219,6.219071,0,0,0,0,,,,,,,,
8163.265137,6.219071,0,0,0,0,,,8163.265137,6.219071,0,0,0,0,,,,,,,,
8204.082031,6.219071,0,0,0,0,,,8204.082031,6.219071,0,0,0,0,,,,,,,,
8244.898438,6.219071,0,0,0,0,,,8244.898438,6.219071,0,0,0,0,,,,,,,,
8285.713867,6.219071,0,0,0,0,,,8285.713867,6.219071,0,0,0,0,,,,,,,,
8326.530273,6.219071,0,0,0,0,,,8326.530273,6.219071,0,0,0,0,,,,,,,,
8367.34668,6.219071,0,0,0,0,,,8367.34668,6.219071,0,0,0,0,,,,,,,,
8408.163086,6.219071,0,0,0,0,,,8408.163086,6.219071,0,0,0,0,,,,,,,,
8448.979492,6.219071,0,0,0,0,,,8448.979492,6.219071,0,0,0,0,,,,,,,,
8489.795898,6.219071,0,0,0,0,,,8489.795898,6.219071,0,0,0,0,,,,,,,,
8530.612305,6.219071,0,0,0,0,,,8530.612305,6.219071,0,0,0,0,,,,,,,,
8571.428711,6.219071,0,0,0,0,,,8571.428711,6.219071,0,0,0,0,,,,,,,,
8612.245117,6.219071,0,0,0,0,,,8612.245117,6.219071,0,0,0,0,,,,,,,,
8653.061523,6.219071,0,0,0,0,,,8653.061523,6.219071,0,0,0,0,,,,,,,,
8693.87793,6.219071,0,0,0,0,,,8693.87793,6.219071,0,0,0,0,,,,,,,,
8734.693359,6.219071,0,0,0,0,,,8734.693359,6.219071,0,0,0,0,,,,,,,,
8775.509766,6.219071,0,0,0,0,,,8775.509766,6.219071,0,0,0,0,,,,,,,,
8816.326172,6.219071,0,0,0,0,,,8816.326172,6.219071,0,0,0,0,,,,,,,,
8857.142578,6.219071,0,0,0,0,,,8857.142578,6.219071,0,0,0,0,,,,,,,,
8897.958984,6.219071,0,0,0,0,,,8897.958984,6.219071,0,0,0,0,,,,,,,,
8938.775391,6.219071,0,0,0,0,,,8938.775391,6.219071,0,0,0,0,,,,,,,,
8979.591797,6.219071,0,0,0,0,,,8979.591797,6.219071,0,0,0,0,,,,,,,,
7020.408203,6.603756,0,0,0,0,,,7020.408203,6.603756,0,0,0,0,,,,,,,,
7061.224609,6.603756,0,0,0,0,,,7061.224609,6.603756,0,0,0,0,,,,,,,,
7102.041016,6.603756,0,0,0,0,,,7102.041016,6.603756,0,0,0,0,,,,,,,,
7142.857422,6.603756,0,0,0,0,,,7142.857422,6.603756,0,0,0,0,,,,,,,,
7183.67334,6.603756,0,0,0,0,,,7183.67334,6.603756,0,0,0,0,,,,,,,,
7224.489746,6.603756,0,0,0,0,,,7224.489746,6.603756,0,0,0,0,,,,,,,,
7265.306152,6.603756,0,0,0,0,,,7265.306152,6.603756,0,0,0,0,,,,,,,,
7306.122559,6.603756,0,0,0,0,,,7306.122559,6.603756,0,0,0,0,,,,,,,,
7346.938965,6.603756,0,0,0,0,,,7346.938965,6.603756,0,0,0,0,,,,,,,,
7387.754883,6.603756,0,0,0,0,,,7387.754883,6.603756,0,0,0,0,,,,,,,,
7428.571289,6.603756,0,0,0,0,,,7428.571289,6.603756,0,0,0,0,,,,,,,,
7469.387695,6.603756,0,0,0,0,,,7469.387695,6.603756,0,0,0,0,,,,,,,,
7510.204102,6.603756,0,0,0,0,,,7510.204102,6.603756,0,0,0,0,,,,,,,,
7551.020508,6.603756,0,0,0,0,,,7551.020508,6.603756,0,0,0,0,,,,,,,,
7591.836914,6.603756,0,0,0,0,,,7591.836914,6.603756,0,0,0,0,,,,,,,,
7632.65332,6.603756,0,0,0,0,,,7632.65332,6.603756,0,0,0,0,,,,,,,,
7673.469238,6.603756,0,0,0,0,,,7673.469238,6.603756,0,0,0,0,,,,,,,,
7714.285645,6.603756,0,0,0,0,,,7714.285645,6.603756,0,0,0,0,,,,,,,,
7755.102051,6.603756,0,0,0,0,,,7755.102051,6.603756,0,0,0,0,,,,,,,,
7795.918457,6.603756,0,0,0,0,,,7795.918457,6.603756,0,0,0,0,,,,,,,,
7836.734863,6.603756,0,0,0,0,,,7836.734863,6.603756,0,0,0,0,,,,,,,,
7877.550781,6.603756,0,0,0,0,,,7877.550781,6.603756,0,0,0,0,,,,,,,,
7918.367188,6.603756,0,0,0,0,,,7918.367188,6.603756,0,0,0,0,,,,,,,,
7959.183594,6.603756,0,0,0,0,,,7959.183594,6.603756,0,0,0,0,,,,,,,,
8000,6.603756,0,0,0,0,,,8000,6.603756,0,0,0,0,,,,,,,,
8040.816406,6.603756,0,0,0,0,,,8040.816406,6.603756,0,0,0,0,,,,,,,,
8081.632812,6.603756,0,0,0,0,,,8081.632812,6.603756,0,0,0,0,,,,,,,,
8122.449219,6.603756,0,0,0,0,,,8122.449219,6.603756,0,0,0,0,,,,,,,,
8163.265137,6.603756,0,0,0,0,,,8163.265137,6.603756,0,0,0,0,,,,,,,,
8204.082031,6.603756,0,0,0,0,,,8204.082031,6.603756,0,0,0,0,,,,,,,,
8244.898438,6.603756,0,0,0,0,,,8244.898438,6.603756,0,0,0,0,,,,,,,,
8285.713867,6.603756,0,0,0,0,,,8285.713867,6.603756,0,0,0,0,,,,,,,,
8326.530273,6.603756,0,0,0,0,,,8326.530273,6.603756,0,0,0,0,,,,,,,,
8367.34668,6.603756,0,0,0,0,,,8367.34668,6.603756,0,0,0,0,,,,,,,,
8408.163086,6.603756,0,0,0,0,,,8408.163086,6.603756,0,0,0,0,,,,,,,,
8448.979492,6.603756,0,0,0,0,,,8448.979492,6.603756,0,0,0,0,,,,,,,,
8489.795898,6.603756,0,0,0,0,,,8489.795898,6.603756,0,0,0,0,,,,,,,,
8530.612305,6.603756,0,0,0,0,,,8530.612305,6.603756,0,0,0,0,,,,,,,,
8571.428711,6.603756,0,0,0,0,,,8571.428711,6.603756,0,0,0,0,,,,,,,,
8612.245117,6.603756,0,0,0,0,,,8612.245117,6.603756,0,0,0,0,,,,,,,,
8653.061523,6.603756,0,0,0,0,,,8653.061523,6.603756,0,0,0,0,,,,,,,,
8693.87793,6.603756,0,0,0,0,,,8693.87793,6.603756,0,0,0,0,,,,,,,,
8734.693359,6.603756,0,0,0,0,,,8734.693359,6.603756,0,0,0,0,,,,,,,,
8775.509766,6.603756,0,0,0,0,,,8775.509766,6.603756,0,0,0,0,,,,,,,,
8816.326172,6.603756,0,0,0,0,,,8816.326172,6.603756,0,0,0,0,,,,,,,,
8857.142578,6.603756,0,0,0,0,,,8857.142578,6.603756,0,0,0,0,,,,,,,,
8897.958984,6.603756,0,0,0,0,,,8897.958984,6.603756,0,0,0,0,,,,,,,,
8938.775391,6.603756,0,0,0,0,,,8938.775391,6.603756,0,0,0,0,,,,,,,,
8979.591797,6.603756,0,0,0,0,,,8979.591797,6.603756,0,0,0,0,,,,,,,,
7020.408203,6.988441,0,0,0,0,,,7020.408203,6.988441,0,0,0,0,,,,,,,,
7061.224609,6.988441,0,0,0,0,,,7061.224609,6.988441,0,0,0,0,,,,,,,,
7102.041016,6.988441,0,0,0,0,,,7102.041016,6.988441,0,0,0,0,,,,,,,,
7142.857422,6.988441,0,0,0,0,,,7142.857422,6.988441,0,0,0,0,,,,,,,,
7183.67334,6.988441,0,0,0,0,,,7183.67334,6.988441,0,0,0,0,,,,,,,,
7224.489746,6.988441,0,0,0,0,,,7224.489746,6.988441,0,0,0,0,,,,,,,,
7265.306152,6.988441,0,0,0,0,,,7265.306152,6.988441,0,0,0,0,,,,,,,,
7306.122559,6.988441,0,0,0,0,,,7306.122559,6.988441,0,0,0,0,,,,,,,,
7346.938965,6.988441,0,0,0,0,,,7346.938965,6.988441,0,0,0,0,,,,,,,,
7387.754883,6.988441,0,0,0,0,,,7387.754883,6.988441,0,0,0,0,,,,,,,,
7428.571289,6.988441,0,0,0,0,,,7428.571289,6.988441,0,0,0,0,,,,,,,,
7469.387695,6.988441,0,0,0,0,,,7469.387695,6.988441,0,0,0,0,,,,,,,,
7510.204102,6.988441,0,0,0,0,,,7510.204102,6.988441,0,0,0,0,,,,,,,,
7551.020508,6.988441,0,0,0,0,,,7551.020508,6.988441,0,0,0,0,,,,,,,,
7591.836914,6.988441,0,0,0,0,,,7591.836914,6.988441,0,0,0,0,,,,,,,,
7632.65332,6.988441,0,0,0,0,,,7632.65332,6.988441,0,0,0,0,,,,,,,,
7673.469238,6.988441,0,0,0,0,,,7673.469238,6.988441,0,0,0,0,,,,,,,,
7714.285645,6.988441,0,0,0,0,,,7714.285645,6.988441,0,0,0,0,,,,,,,,
7755.102051,6.988441,0,0,0,0,,,7755.102051,6.988441,0,0,0,0,,,,,,,,
7795.918457,6.988441,0,0,0,0,,,7795.918457,6.988441,0,0,0,0,,,,,,,,
7836.734863,6.988441,0,0,0,0,,,7836.734863,6.988441,0,0,0,0,,,,,,,,
7877.550781,6.988441,0,0,0,0,,,7877.550781,6.988441,0,0,0,0,,,,,,,,
7918.367188,6.988441,0,0,0,0,,,7918.367188,6.988441,0,0,0,0,,,,,,,,
7959.183594,6.988441,0,0,0,0,,,7959.183594,6.988441,0,0,0,0,,,,,,,,
8000,6.988441,0,0,0,0,,,8000,6.988441,0,0,0,0,,,,,,,,
8040.816406,6.988441,0,0,0,0,,,8040.816406,6.988441,0,0,0,0,,,,,,,,
8081.632812,6.988441,0,0,0,0,,,8081.632812,6.988441,0,0,0,0,,,,,,,,
8122.449219,6.988441,0,0,0,0,,,8122.449219,6.988441,0,0,0,0,,,,,,,,
8163.265137,6.988441,0,0,0,0,,,8163.265137,6.988441,0,0,0,0,,,,,,,,
8204.082031,6.988441,0,0,0,0,,,8204.082031,6.988441,0,0,0,0,,,,,,,,
8244.898438,6.988441,0,0,0,0,,,8244.898438,6.988441,0,0,0,0,,,,,,,,
8285.713867,6.988441,0,0,0,0,,,8285.713867,6.988441,0,0,0,0,,,,,,,,
8326.530273,6.988441,0,0,0,0,,,8326.530273,6.988441,0,0,0,0,,,,,,,,
8367.34668,6.988441,0,0,0,0,,,8367.34668,6.988441,0,0,0,0,,,,,,,,
8408.163086,6.988441,0,0,0,0,,,8408.163086,6.988441,0,0,0,0,,,,,,,,
8448.979492,6.988441,0,0,0,0,,,8448.979492,6.988441,0,0,0,0,,,,,,,,
8489.795898,6.988441,0,0,0,0,,,8489.795898,6.988441,0,0,0,0,,,,,,,,
8530.612305,6.988441,0,0,0,0,,,8530.612305,6.988441,0,0,0,0,,,,,,,,
8571.428711,6.988441,0,0,0,0,,,8571.428711,6.988441,0,0,0,0,,,,,,,,
8612.245117,6.988441,0,0,0,0,,,8612.245117,6.988441,0,0,0,0,,,,,,,,
8653.061523,6.988441,0,0,0,0,,,8653.061523,6.988441,0,0,0,0,,,,,,,,
8693.87793,6.988441,0,0,0,0,,,8693.87793,6.988441,0,0,0,0,,,,,,,,
8734.693359,6.988441,0,0,0,0,,,8734.693359,6.988441,0,0,0,0,,,,,,,,
8775.509766,6.988441,0,0,0,0,,,8775.509766,6.988441,0,0,0,0,,,,,,,,
8816.326172,6.988441,0,0,0,0,,,8816.326172,6.988441,0,0,0,0,,,,,,,,
8857.142578,6.988441,0,0,0,0,,,8857.142578,6.988441,0,0,0,0,,,,,,,,
8897.958984,6.988441,0,0,0,0,,,8897.958984,6.988441,0,0,0,0,,,,,,,,
8938.775391,6.988441,0,0,0,0,,,8938.775391,6.988441,0,0,0,0,,,,,,,,
8979.591797,6.988441,0,0,0,0,,,8979.591797,6.988441,0,0,0,0,,,,,,,,
7020.408203,7.373126,0,0,0,0,,,7020.408203,7.373126,0,0,0,0,,,,,,,,
7061.224609,7.373126,0,0,0,0,,,7061.224609,7.373126,0,0,0,0,,,,,,,,
7102.041016,7.373126,0,0,0,0,,,7102.041016,7.373126,0,0,0,0,,,,,,,,
7142.857422,7.373126,0,0,0,0,,,7142.857422,7.373126,0,0,0,0,,,,,,,,
7183.67334,7.373126,0,0,0,0,,,7183.67334,7.373126,0,0,0,0,,,,,,,,
7224.489746,7.373126,0,0,0,0,,,7224.489746,7.373126,0,0,0,0,,,,,,,,
7265.306152,7.373126,0,0,0,0,,,7265.306152,7.373126,0,0,0,0,,,,,,,,
7306.122559,7.373126,0,0,0,0,,,7306.122559,7.373126,0,0,0,0,,,,,,,,
7346.938965,7.373126,0,0,0,0,,,7346.938965,7.373126,0,0,0,0,,,,,,,,
7387.754883,7.373126,0,0,0,0,,,7387.754883,7.373126,0,0,0,0,,,,,,,,
7428.571289,7.373126,0,0,0,0,,,7428.571289,7.373126,0,0,0,0,,,,,,,,
7469.387695,7.373126,0,0,0,0,,,7469.387695,7.373126,0,0,0,0,,,,,,,,
7510.204102,7.373126,0,0,0,0,,,7510.204102,7.373126,0,0,0,0,,,,,,,,
7551.020508,7.373126,0,0,0,0,,,7551.020508,7.373126,0,0,0,0,,,,,,,,
7591.836914,7.373126,0,0,0,0,,,7591.836914,7.373126,0,0,0,0,,,,,,,,
7632.65332,7.373126,0,0,0,0,,,7632.65332,7.373126,0,0,0,0,,,,,,,,
7673.469238,7.373126,0,0,0,0,,,7673.469238,7.373126,0,0,0,0,,,,,,,,
7714.285645,7.373126,0,0,0,0,,,7714.285645,7.373126,0,0,0,0,,,,,,,,
7755.102051,7.373126,0,0,0,0,,,7755.102051,7.373126,0,0,0,0,,,,,,,,
7795.918457,7.373126,0,0,0,0,,,7795.918457,7.373126,0,0,0,0,,,,,,,,
7836.734863,7.373126,0,0,0,0,,,7836.734863,7.373126,0,0,0,0,,,,,,,,
7877.550781,7.373126,0,0,0,0,,,7877.550781,7.373126,0,0,0,0,,,,,,,,
7918.367188,7.373126,0,0,0,0,,,7918.367188,7.373126,0,0,0,0,,,,,,,,
7959.183594,7.373126,0,0,0,0,,,7959.183594,7.373126,0,0,0,0,,,,,,,,
8000,7.373126,0,0,0,0,,,8000,7.373126,0,0,0,0,,,,,,,,
8040.816406,7.373126,0,0,0,0,,,8040.816406,7.373126,0,0,0,0,,,,,,,,
8081.632812,7.373126,0,0,0,0,,,8081.632812,7.373126,0,0,0,0,,,,,,,,
8122.449219,7.373126,0,0,0,0,,,8122.449219,7.373126,0,0,0,0,,,,,,,,
8163.265137,7.373126,0,0,0,0,,,8163.265137,7.373126,0,0,0,0,,,,,,,,
8204.082031,7.373126,0,0,0,0,,,8204.082031,7.373126,0,0,0,0,,,,,,,,
8244.898438,7.373126,0,0,0,0,,,8244.898438,7.373126,0,0,0,0,,,,,,,,
8285.713867,7.373126,0,0,0,0,,,8285.713867,7.373126,0,0,0,0,,,,,,,,
8326.530273,7.373126,0,0,0,0,,,8326.530273,7.373126,0,0,0,0,,,,,,,,
8367.34668,7.373126,0,0,0,0,,,8367.34668,7.373126,0,0,0,0,,,,,,,,
8408.163086,7.373126,0,0,0,0,,,8408.163086,7.373126,0,0,0,0,,,,,,,,
8448.979492,7.373126,0,0,0,0,,,8448.979492,7.373126,0,0,0,0,,,,,,,,
8489.795898,7.373126,0,0,0,0,,,8489.795898,7.373126,0,0,0,0,,,,,,,,
8530.612305,7.373126,0,0,0,0,,,8530.612305,7.373126,0,0,0,0,,,,,,,,
8571.428711,7.373126,0,0,0,0,,,8571.428711,7.373126,0,0,0,0,,,,,,,,
8612.245117,7.373126,0,0,0,0,,,8612.245117,7.373126,0,0,0,0,,,,,,,,
8653.061523,7.373126,0,0,0,0,,,8653.061523,7.373126,0,0,0,0,,,,,,,,
8693.87793,7.373126,0,0,0,0,,,8693.87793,7.373126,0,0,0,0,,,,,,,,
8734.693359,7.373126,0,0,0,0,,,8734.693359,7.373126,0,0,0,0,,,,,,,,
8775.509766,7.373126,0,0,0,0,,,8775.509766,7.373126,0,0,0,0,,,,,,,,
8816.326172,7.373126,0,0,0,0,,,8816.326172,7.373126,0,0,0,0,,,,,,,,
8857.142578,7.373126,0,0,0,0,,,8857.142578,7.373126,0,0,0,0,,,,,,,,
8897.958984,7.373126,0,0,0,0,,,8897.958984,7.373126,0,0,0,0,,,,,,,,
8938.775391,7.373126,0,0,0,0,,,8938.775391,7.373126,0,0,0,0,,,,,,,,
8979.591797,7.373126,0,0,0,0,,,8979.591797,7.373126,0,0,0,0,,,,,,,,
7020.408203,7.757811,0,0,0,0,,,7020.408203,7.757811,0,0,0,0,,,,,,,,
7061.224609,7.757811,0,0,0,0,,,7061.224609,7.757811,0,0,0,0,,,,,,,,
7102.041016,7.757811,0,0,0,0,,,7102.041016,7.757811,0,0,0,0,,,,,,,,
7142.857422,7.757811,0,0,0,0,,,7142.857422,7.757811,0,0,0,0,,,,,,,,
7183.67334,7.757811,0,0,0,0,,,7183.67334,7.757811,0,0,0,0,,,,,,,,
7224.489746,7.757811,0,0,0,0,,,7224.489746,7.757811,0,0,0,0,,,,,,,,
7265.306152,7.757811,0,0,0,0,,,7265.306152,7.757811,0,0,0,0,,,,,,,,
7306.122559,7.757811,0,0,0,0,,,7306.122559,7.757811,0,0,0,0,,,,,,,,
7346.938965,7.757811,0,0,0,0,,,7346.938965,7.757811,0,0,0,0,,,,,,,,
7387.754883,7.757811,0,0,0,0,,,7387.754883,7.757811,0,0,0,0,,,,,,,,
7428.571289,7.757811,0,0,0,0,,,7428.571289,7.757811,0,0,0,0,,,,,,,,
7469.387695,7.757811,0,0,0,0,,,7469.387695,7.757811,0,0,0,0,,,,,,,,
7510.204102,7.757811,0,0,0,0,,,7510.204102,7.757811,0,0,0,0,,,,,,,,
7551.020508,7.757811,0,0,0,0,,,7551.020508,7.757811,0,0,0,0,,,,,,,,
7591.836914,7.757811,0,0,0,0,,,7591.836914,7.757811,0,0,0,0,,,,,,,,
7632.65332,7.757811,0,0,0,0,,,7632.65332,7.757811,0,0,0,0,,,,,,,,
7673.469238,7.757811,0,0,0,0,,,7673.469238,7.757811,0,0,0,0,,,,,,,,
7714.285645,7.757811,0,0,0,0,,,7714.285645,7.757811,0,0,0,0,,,,,,,,
7755.102051,7.757811,0,0,0,0,,,7755.102051,7.757811,0,0,0,0,,,,,,,,
7795.918457,7.757811,0,0,0,0,,,7795.918457,7.757811,0,0,0,0,,,,,,,,
7836.734863,7.757811,0,0,0,0,,,7836.734863,7.757811,0,0,0,0,,,,,,,,
7877.550781,7.757811,0,0,0,0,,,7877.550781,7.757811,0,0,0,0,,,,,,,,
7918.367188,7.757811,0,0,0,0,,,7918.367188,7.757811,0,0,0,0,,,,,,,,
7959.183594,7.757811,0,0,0,0,,,7959.183594,7.757811,0,0,0,0,,,,,,,,
8000,7.757811,0,0,0,0,,,8000,7.757811,0,0,0,0,,,,,,,,
8040.816406,7.757811,0,0,0,0,,,8040.816406,7.757811,0,0,0,0,,,,,,,,
8081.632812,7.757811,0,0,0,0,,,8081.632812,7.757811,0,0,0,0,,,,,,,,
8122.449219,7.757811,0,0,0,0,,,8122.449219,7.757811,0,0,0,0,,,,,,,,
8163.265137,7.757811,0,0,0,0,,,8163.265137,7.757811,0,0,0,0,,,,,,,,
8204.082031,7.757811,0,0,0,0,,,8204.082031,7.757811,0,0,0,0,,,,,,,,
8244.898438,7.757811,0,0,0,0,,,8244.898438,7.757811,0,0,0,0,,,,,,,,
8285.713867,7.757811,0,0,0,0,,,8285.713867,7.757811,0,0,0,0,,,,,,,,
8326.530273,7.757811,0,0,0,0,,,8326.530273,7.757811,0,0,0,0,,,,,,,,
8367.34668,7.757811,0,0,0,0,,,8367.34668,7.757811,0,0,0,0,,,,,,,,
8408.163086,7.757811,0,0,0,0,,,8408.163086,7.757811,0,0,0,0,,,,,,,,
8448.979492,7.757811,0,0,0,0,,,8448.979492,7.757811,0,0,0,0,,,,,,,,
8489.795898,7.757811,0,0,0,0,,,8489.795898,7.757811,0,0,0,0,,,,,,,,
8530.612305,7.757811,0,0,0,0,,,8530.612305,7.757811,0,0,0,0,,,,,,,,
8571.428711,7.757811,0,0,0,0,,,8571.428711,7.757811,0,0,0,0,,,,,,,,
8612.245117,7.757811,0,0,0,0,,,8612.245117,7.757811,0,0,0,0,,,,,,,,
8653.061523,7.757811,0,0,0,0,,,8653.061523,7.757811,0,0,0,0,,,,,,,,
8693.87793,7.757811,0,0,0,0,,,8693.87793,7.757811,0,0,0,0,,,,,,,,
8734.693359,7.757811,0,0,0,0,,,8734.693359,7.757811,0,0,0,0,,,,,,,,
8775.509766,7.757811,0,0,0,0,,,8775.509766,7.757811,0,0,0,0,,,,,,,,
8816.326172,7.757811,0,0,0,0,,,8816.326172,7.757811,0,0,0,0,,,,,,,,
8857.142578,7.757811,0,0,0,0,,,8857.142578,7.757811,0,0,0,0,,,,,,,,
8897.958984,7.757811,0,0,0,0,,,8897.958984,7.757811,0,0,0,0,,,,,,,,
8938.775391,7.757811,0,0,0,0,,,8938.775391,7.757811,0,0,0,0,,,,,,,,
8979.591797,7.757811,0,0,0,0,,,8979.591797,7.757811,0,0,0,0,,,,,,,,
7020.408203,8.142495,0,0,0,0,,,7020.408203,8.142495,0,0,0,0,,,,,,,,
7061.224609,8.142495,0,0,0,0,,,7061.224609,8.142495,0,0,0,0,,,,,,,,
7102.041016,8.142495,0,0,0,0,,,7102.041016,8.142495,0,0,0,0,,,,,,,,
7142.857422,8.142495,0,0,0,0,,,7142.857422,8.142495,0,0,0,0,,,,,,,,
7183.67334,8.142495,0,0,0,0,,,7183.67334,8.142495,0,0,0,0,,,,,,,,
7224.489746,8.142495,0,0,0,0,,,7224.489746,8.142495,0,0,0,0,,,,,,,,
7265.306152,8.142495,0,0,0,0,,,7265.306152,8.142495,0,0,0,0,,,,,,,,
7306.122559,8.142495,0,0,0,0,,,7306.122559,8.142495,0,0,0,0,,,,,,,,
7346.938965,8.142495,0,0,0,0,,,7346.938965,8.142495,0,0,0,0,,,,,,,,
7387.754883,8.142495,0,0,0,0,,,7387.754883,8.142495,0,0,0,0,,,,,,,,
7428.571289,8.142495,0,0,0,0,,,7428.571289,8.142495,0,0,0,0,,,,,,,,
7469.387695,8.142495,0,0,0,0,,,7469.387695,8.142495,0,0,0,0,,,,,,,,
7510.204102,8.142495,0,0,0,0,,,7510.204102,8.142495,0,0,0,0,,,,,,,,
7551.020508,8.142495,0,0,0,0,,,7551.020508,8.142495,0,0,0,0,,,,,,,,
7591.836914,8.142495,0,0,0,0,,,7591.836914,8.142495,0,0,0,0,,,,,,,,
7632.65332,8.142495,0,0,0,0,,,7632.65332,8.142495,0,0,0,0,,,,,,,,
7673.469238,8.142495,0,0,0,0,,,7673.469238,8.142495,0,0,0,0,,,,,,,,
7714.285645,8.142495,0,0,0,0,,,7714.285645,8.142495,0,0,0,0,,,,,,,,
7755.102051,8.142495,0,0,0,0,,,7755.102051,8.142495,0,0,0,0,,,,,,,,
7795.918457,8.142495,0,0,0,0,,,7795.918457,8.142495,0,0,0,0,,,,,,,,
7836.734863,8.142495,0,0,0,0,,,7836.734863,8.142495,0,0,0,0,,,,,,,,
7877.550781,8.142495,0,0,0,0,,,7877.550781,8.142495,0,0,0,0,,,,,,,,
7918.367188,8.142495,0,0,0,0,,,7918.367188,8.142495,0,0,0,0,,,,,,,,
7959.183594,8.142495,0,0,0,0,,,7959.183594,8.142495,0,0,0,0,,,,,,,,
8000,8.142495,0,0,0,0,,,8000,8.142495,0,0,0,0,,,,,,,,
8040.816406,8.142495,0,0,0,0,,,8040.816406,8.142495,0,0,0,0,,,,,,,,
8081.632812,8.142495,0,0,0,0,,,8081.632812,8.142495,0,0,0,0,,,,,,,,
8122.449219,8.142495,0,0,0,0,,,8122.449219,8.142495,0,0,0,0,,,,,,,,
8163.265137,8.142495,0,0,0,0,,,8163.265137,8.142495,0,0,0,0,,,,,,,,
8204.082031,8.142495,0,0,0,0,,,8204.082031,8.142495,0,0,0,0,,,,,,,,
8244.898438,8.142495,0,0,0,0,,,8244.898438,8.142495,0,0,0,0,,,,,,,,
8285.713867,8.142495,0,0,0,0,,,8285.713867,8.142495,0,0,0,0,,,,,,,,
8326.530273,8.142495,0,0,0,0,,,8326.530273,8.142495,0,0,0,0,,,,,,,,
8367.34668,8.142495,0,0,0,0,,,8367.34668,8.142495,0,0,0,0,,,,,,,,
8408.163086,8.142495,0,0,0,0,,,8408.163086,8.142495,0,0,0,0,,,,,,,,
8448.979492,8.142495,0,0,0,0,,,8448.979492,8.142495,0,0,0,0,,,,,,,,
8489.795898,8.142495,0,0,0,0,,,8489.795898,8.142495,0,0,0,0,,,,,,,,
8530.612305,8.142495,0,0,0,0,,,8530.612305,8.142495,0,0,0,0,,,,,,,,
8571.428711,8.142495,0,0,0,0,,,8571.428711,8.142495,0,0,0,0,,,,,,,,
8612.245117,8.142495,0,0,0,0,,,8612.245117,8.142495,0,0,0,0,,,,,,,,
8653.061523,8.142495,0,0,0,0,,,8653.061523,8.142495,0,0,0,0,,,,,,,,
8693.87793,8.142495,0,0,0,0,,,8693.87793,8.142495,0,0,0,0,,,,,,,,
8734.693359,8.142495,0,0,0,0,,,8734.693359,8.142495,0,0,0,0,,,,,,,,
8775.509766,8.142495,0,0,0,0,,,8775.509766,8.142495,0,0,0,0,,,,,,,,
8816.326172,8.142495,0,0,0,0,,,8816.326172,8.142495,0,0,0,0,,,,,,,,
8857.142578,8.142495,0,0,0,0,,,8857.142578,8.142495,0,0,0,0,,,,,,,,
8897.958984,8.142495,0,0,0,0,,,8897.958984,8.142495,0,0,0,0,,,,,,,,
8938.775391,8.142495,0,0,0,0,,,8938.775391,8.142495,0,0,0,0,,,,,,,,
8979.591797,8.142495,0,0,0,0,,,8979.591797,8.142495,0,0,0,0,,,,,,,,
7020.408203,8.52718,0,0,0,0,,,7020.408203,8.52718,0,0,0,0,,,,,,,,
7061.224609,8.52718,0,0,0,0,,,7061.224609,8.52718,0,0,0,0,,,,,,,,
7102.041016,8.52718,0,0,0,0,,,7102.041016,8.52718,0,0,0,0,,,,,,,,
7142.857422,8.52718,0,0,0,0,,,7142.857422,8.52718,0,0,0,0,,,,,,,,
7183.67334,8.52718,0,0,0,0,,,7183.67334,8.52718,0,0,0,0,,,,,,,,
7224.489746,8.52718,0,0,0,0,,,7224.489746,8.52718,0,0,0,0,,,,,,,,
7265.306152,8.52718,0,0,0,0,,,7265.306152,8.52718,0,0,0,0,,,,,,,,
7306.122559,8.52718,0,0,0,0,,,7306.122559,8.52718,0,0,0,0,,,,,,,,
7346.938965,8.52718,0,0,0,0,,,7346.938965,8.52718,0,0,0,0,,,,,,,,
7387.754883,8.52718,0,0,0,0,,,7387.754883,8.52718,0,0,0,0,,,,,,,,
7428.571289,8.52718,0,0,0,0,,,7428.571289,8.52718,0,0,0,0,,,,,,,,
7469.387695,8.52718,0,0,0,0,,,7469.387695,8.52718,0,0,0,0,,,,,,,,
7510.204102,8.52718,0,0,0,0,,,7510.204102,8.52718,0,0,0,0,,,,,,,,
7551.020508,8.52718,0,0,0,0,,,7551.020508,8.52718,0,0,0,0,,,,,,,,
7591.836914,8.52718,0,0,0,0,,,7591.836914,8.52718,0,0,0,0,,,,,,,,
7632.65332,8.52718,0,0,0,0,,,7632.65332,8.52718,0,0,0,0,,,,,,,,
7673.469238,8.52718,0,0,0,0,,,7673.469238,8.52718,0,0,0,0,,,,,,,,
7714.285645,8.52718,0,0,0,0,,,7714.285645,8.52718,0,0,0,0,,,,,,,,
7755.102051,8.52718,0,0,0,0,,,7755.102051,8.52718,0,0,0,0,,,,,,,,
7795.918457,8.52718,0,0,0,0,,,7795.918457,8.52718,0,0,0,0,,,,,,,,
7836.734863,8.52718,0,0,0,0,,,7836.734863,8.52718,0,0,0,0,,,,,,,,
7877.550781,8.52718,0,0,0,0,,,7877.550781,8.52718,0,0,0,0,,,,,,,,
7918.367188,8.52718,0,0,0,0,,,7918.367188,8.52718,0,0,0,0,,,,,,,,
7959.183594,8.52718,0,0,0,0,,,7959.183594,8.52718,0,0,0,0,,,,,,,,
8000,8.52718,0,0,0,0,,,8000,8.52718,0,0,0,0,,,,,,,,
8040.816406,8.52718,0,0,0,0,,,8040.816406,8.52718,0,0,0,0,,,,,,,,
8081.632812,8.52718,0,0,0,0,,,8081.632812,8.52718,0,0,0,0,,,,,,,,
8122.449219,8.52718,0,0,0,0,,,8122.449219,8.52718,0,0,0,0,,,,,,,,
8163.265137,8.52718,0,0,0,0,,,8163.265137,8.52718,0,0,0,0,,,,,,,,
8204.082031,8.52718,0,0,0,0,,,8204.082031,8.52718,0,0,0,0,,,,,,,,
8244.898438,8.52718,0,0,0,0,,,8244.898438,8.52718,0,0,0,0,,,,,,,,
8285.713867,8.52718,0,0,0,0,,,8285.713867,8.52718,0,0,0,0,,,,,,,,
8326.530273,8.52718,0,0,0,0,,,8326.530273,8.52718,0,0,0,0,,,,,,,,
8367.34668,8.52718,0,0,0,0,,,8367.34668,8.52718,0,0,0,0,,,,,,,,
8408.163086,8.52718,0,0,0,0,,,8408.163086,8.52718,0,0,0,0,,,,,,,,
8448.979492,8.52718,0,0,0,0,,,8448.979492,8.52718,0,0,0,0,,,,,,,,
8489.795898,8.52718,0,0,0,0,,,8489.795898,8.52718,0,0,0,0,,,,,,,,
8530.612305,8.52718,0,0,0,0,,,8530.612305,8.52718,0,0,0,0,,,,,,,,
8571.428711,8.52718,0,0,0,0,,,8571.428711,8.52718,0,0,0,0,,,,,,,,
8612.245117,8.52718,0,0,0,0,,,8612.245117,8.52718,0,0,0,0,,,,,,,,
8653.061523,8.52718,0,0,0,0,,,8653.061523,8.52718,0,0,0,0,,,,,,,,
8693.87793,8.52718,0,0,0,0,,,8693.87793,8.52718,0,0,0,0,,,,,,,,
8734.693359,8.52718,0,0,0,0,,,8734.693359,8.52718,0,0,0,0,,,,,,,,
8775.509766,8.52718,0,0,0,0,,,8775.509766,8.52718,0,0,0,0,,,,,,,,
8816.326172,8.52718,0,0,0,0,,,8816.326172,8.52718,0,0,0,0,,,,,,,,
8857.142578,8.52718,0,0,0,0,,,8857.142578,8.52718,0,0,0,0,,,,,,,,
8897.958984,8.52718,0,0,0,0,,,8897.958984,8.52718,0,0,0,0,,,,,,,,
8938.775391,8.52718,0,0,0,0,,,8938.775391,8.52718,0,0,0,0,,,,,,,,
8979.591797,8.52718,0,0,0,0,,,8979.591797,8.52718,0,0,0,0,,,,,,,,
7020.408203,8.911865,0,0,0,0,,,7020.408203,8.911865,0,0,0,0,,,,,,,,
7061.224609,8.911865,0,0,0,0,,,7061.224609,8.911865,0,0,0,0,,,,,,,,
7102.041016,8.911865,0,0,0,0,,,7102.041016,8.911865,0,0,0,0,,,,,,,,
7142.857422,8.911865,0,0,0,0,,,7142.857422,8.911865,0,0,0,0,,,,,,,,
7183.67334,8.911865,0,0,0,0,,,7183.67334,8.911865,0,0,0,0,,,,,,,,
7224.489746,8.911865,0,0,0,0,,,7224.489746,8.911865,0,0,0,0,,,,,,,,
7265.306152,8.911865,0,0,0,0,,,7265.306152,8.911865,0,0,0,0,,,,,,,,
7306.122559,8.911865,0,0,0,0,,,7306.122559,8.911865,0,0,0,0,,,,,,,,
7346.938965,8.911865,0,0,0,0,,,7346.938965,8.911865,0,0,0,0,,,,,,,,
7387.754883,8.911865,0,0,0,0,,,7387.754883,8.911865,0,0,0,0,,,,,,,,
7428.571289,8.911865,0,0,0,0,,,7428.571289,8.911865,0,0,0,0,,,,,,,,
7469.387695,8.911865,0,0,0,0,,,7469.387695,8.911865,0,0,0,0,,,,,,,,
7510.204102,8.911865,0,0,0,0,,,7510.204102,8.911865,0,0,0,0,,,,,,,,
7551.020508,8.911865,0,0,0,0,,,7551.020508,8.911865,0,0,0,0,,,,,,,,
7591.836914,8.911865,0,0,0,0,,,7591.836914,8.911865,0,0,0,0,,,,,,,,
7632.65332,8.911865,0,0,0,0,,,7632.65332,8.911865,0,0,0,0,,,,,,,,
7673.469238,8.911865,0,0,0,0,,,7673.469238,8.911865,0,0,0,0,,,,,,,,
7714.285645,8.911865,0,0,0,0,,,7714.285645,8.911865,0,0,0,0,,,,,,,,
7755.102051,8.911865,0,0,0,0,,,7755.102051,8.911865,0,0,0,0,,,,,,,,
7795.918457,8.911865,0,0,0,0,,,7795.918457,8.911865,0,0,0,0,,,,,,,,
7836.734863,8.911865,0,0,0,0,,,7836.734863,8.911865,0,0,0,0,,,,,,,,
7877.550781,8.911865,0,0,0,0,,,7877.550781,8.911865,0,0,0,0,,,,,,,,
7918.367188,8.911865,0,0,0,0,,,7918.367188,8.911865,0,0,0,0,,,,,,,,
7959.183594,8.911865,0,0,0,0,,,7959.183594,8.911865,0,0,0,0,,,,,,,,
8000,8.911865,0,0,0,0,,,8000,8.911865,0,0,0,0,,,,,,,,
8040.816406,8.911865,0,0,0,0,,,8040.816406,8.911865,0,0,0,0,,,,,,,,
8081.632812,8.911865,0,0,0,0,,,8081.632812,8.911865,0,0,0,0,,,,,,,,
8122.449219,8.911865,0,0,0,0,,,8122.449219,8.911865,0,0,0,0,,,,,,,,
8163.265137,8.911865,0,0,0,0,,,8163.265137,8.911865,0,0,0,0,,,,,,,,
8204.082031,8.911865,0,0,0,0,,,8204.082031,8.911865,0,0,0,0,,,,,,,,
8244.898438,8.911865,0,0,0,0,,,8244.898438,8.911865,0,0,0,0,,,,,,,,
8285.713867,8.911865,0,0,0,0,,,8285.713867,8.911865,0,0,0,0,,,,,,,,
8326.530273,8.911865,0,0,0,0,,,8326.530273,8.911865,0,0,0,0,,,,,,,,
8367.34668,8.911865,0,0,0,0,,,8367.34668,8.911865,0,0,0,0,,,,,,,,
8408.163086,8.911865,0,0,0,0,,,8408.163086,8.911865,0,0,0,0,,,,,,,,
8448.979492,8.911865,0,0,0,0,,,8448.979492,8.911865,0,0,0,0,,,,,,,,
8489.795898,8.911865,0,0,0,0,,,8489.795898,8.911865,0,0,0,0,,,,,,,,
8530.612305,8.911865,0,0,0,0,,,8530.612305,8.911865,0,0,0,0,,,,,,,,
8571.428711,8.911865,0,0,0,0,,,8571.428711,8.911865,0,0,0,0,,,,,,,,
8612.245117,8.911865,0,0,0,0,,,8612.245117,8.911865,0,0,0,0,,,,,,,,
8653.061523,8.911865,0,0,0,0,,,8653.061523,8.911865,0,0,0,0,,,,,,,,
8693.87793,8.911865,0,0,0,0,,,8693.87793,8.911865,0,0,0,0,,,,,,,,
8734.693359,8.911865,0,0,0,0,,,8734.693359,8.911865,0,0,0,0,,,,,,,,
8775.509766,8.911865,0,0,0,0,,,8775.509766,8.911865,0,0,0,0,,,,,,,,
8816.326172,8.911865,0,0,0,0,,,8816.326172,8.911865,0,0,0,0,,,,,,,,
8857.142578,8.911865,0,0,0,0,,,8857.142578,8.911865,0,0,0,0,,,,,,,,
8897.958984,8.911865,0,0,0,0,,,8897.958984,8.911865,0,0,0,0,,,,,,,,
8938.775391,8.911865,0,0,0,0,,,8938.775391,8.911865,0,0,0,0,,,,,,,,
8979.591797,8.911865,0,0,0,0,,,8979.591797,8.911865,0,0,0,0,,,,,,,,
7020.408203,9.296551,0,0,0,0,,,7020.408203,9.296551,0,0,0,0,,,,,,,,
7061.224609,9.296551,0,0,0,0,,,7061.224609,9.296551,0,0,0,0,,,,,,,,
7102.041016,9.296551,0,0,0,0,,,7102.041016,9.296551,0,0,0,0,,,,,,,,
7142.857422,9.296551,0,0,0,0,,,7142.857422,9.296551,0,0,0,0,,,,,,,,
7183.67334,9.296551,0,0,0,0,,,7183.67334,9.296551,0,0,0,0,,,,,,,,
7224.489746,9.296551,0,0,0,0,,,7224.489746,9.296551,0,0,0,0,,,,,,,,
7265.306152,9.296551,0,0,0,0,,,7265.306152,9.296551,0,0,0,0,,,,,,,,
7306.122559,9.296551,0,0,0,0,,,7306.122559,9.296551,0,0,0,0,,,,,,,,
7346.938965,9.296551,0,0,0,0,,,7346.938965,9.296551,0,0,0,0,,,,,,,,
7387.754883,9.296551,0,0,0,0,,,7387.754883,9.296551,0,0,0,0,,,,,,,,
7428.571289,9.296551,0,0,0,0,,,7428.571289,9.296551,0,0,0,0,,,,,,,,
7469.387695,9.296551,0,0,0,0,,,7469.387695,9.296551,0,0,0,0,,,,,,,,
7510.204102,9.296551,0,0,0,0,,,7510.204102,9.296551,0,0,0,0,,,,,,,,
7551.020508,9.296551,0,0,0,0,,,7551.020508,9.296551,0,0,0,0,,,,,,,,
7591.836914,9.296551,0,0,0,0,,,7591.836914,9.296551,0,0,0,0,,,,,,,,
7632.65332,9.296551,0,0,0,0,,,7632.65332,9.296551,0,0,0,0,,,,,,,,
7673.469238,9.296551,0,0,0,0,,,7673.469238,9.296551,0,0,0,0,,,,,,,,
7714.285645,9.296551,0,0,0,0,,,7714.285645,9.296551,0,0,0,0,,,,,,,,
7755.102051,9.296551,0,0,0,0,,,7755.102051,9.296551,0,0,0,0,,,,,,,,
7795.918457,9.296551,0,0,0,0,,,7795.918457,9.296551,0,0,0,0,,,,,,,,
7836.734863,9.296551,0,0,0,0,,,7836.734863,9.296551,0,0,0,0,,,,,,,,
7877.550781,9.296551,0,0,0,0,,,7877.550781,9.296551,0,0,0,0,,,,,,,,
7918.367188,9.296551,0,0,0,0,,,7918.367188,9.296551,0,0,0,0,,,,,,,,
7959.183594,9.296551,0,0,0,0,,,7959.183594,9.296551,0,0,0,0,,,,,,,,
8000,9.296551,0,0,0,0,,,8000,9.296551,0,0,0,0,,,,,,,,
8040.816406,9.296551,0,0,0,0,,,8040.816406,9.296551,0,0,0,0,,,,,,,,
8081.632812,9.296551,0,0,0,0,,,8081.632812,9.296551,0,0,0,0,,,,,,,,
8122.449219,9.296551,0,0,0,0,,,8122.449219,9.296551,0,0,0,0,,,,,,,,
8163.265137,9.296551,0,0,0,0,,,8163.265137,9.296551,0,0,0,0,,,,,,,,
8204.082031,9.296551,0,0,0,0,,,8204.082031,9.296551,0,0,0,0,,,,,,,,
8244.898438,9.296551,0,0,0,0,,,8244.898438,9.296551,0,0,0,0,,,,,,,,
8285.713867,9.296551,0,0,0,0,,,8285.713867,9.296551,0,0,0,0,,,,,,,,
8326.530273,9.296551,0,0,0,0,,,8326.530273,9.296551,0,0,0,0,,,,,,,,
8367.34668,9.296551,0,0,0,0,,,8367.34668,9.296551,0,0,0,0,,,,,,,,
8408.163086,9.296551,0,0,0,0,,,8408.163086,9.296551,0,0,0,0,,,,,,,,
8448.979492,9.296551,0,0,0,0,,,8448.979492,9.296551,0,0,0,0,,,,,,,,
8489.795898,9.296551,0,0,0,0,,,8489.795898,9.296551,0,0,0,0,,,,,,,,
8530.612305,9.296551,0,0,0,0,,,8530.612305,9.296551,0,0,0,0,,,,,,,,
8571.428711,9.296551,0,0,0,0,,,8571.428711,9.296551,0,0,0,0,,,,,,,,
8612.245117,9.296551,0,0,0,0,,,8612.245117,9.296551,0,0,0,0,,,,,,,,
8653.061523,9.296551,0,0,0,0,,,8653.061523,9.296551,0,0,0,0,,,,,,,,
8693.87793,9.296551,0,0,0,0,,,8693.87793,9.296551,0,0,0,0,,,,,,,,
8734.693359,9.296551,0,0,0,0,,,8734.693359,9.296551,0,0,0,0,,,,,,,,
8775.509766,9.296551,0,0,0,0,,,8775.509766,9.296551,0,0,0,0,,,,,,,,
8816.326172,9.296551,0,0,0,0,,,8816.326172,9.296551,0,0,0,0,,,,,,,,
8857.142578,9.296551,0,0,0,0,,,8857.142578,9.296551,0,0,0,0,,,,,,,,
8897.958984,9.296551,0,0,0,0,,,8897.958984,9.296551,0,0,0,0,,,,,,,,
8938.775391,9.296551,0,0,0,0,,,8938.775391,9.296551,0,0,0,0,,,,,,,,
8979.591797,9.296551,0,0,0,0,,,8979.591797,9.296551,0,0,0,0,,,,,,,,
7020.408203,9.681234,0,0,0,0,,,7020.408203,9.681234,0,0,0,0,,,,,,,,
7061.224609,9.681234,0,0,0,0,,,7061.224609,9.681234,0,0,0,0,,,,,,,,
7102.041016,9.681234,0,0,0,0,,,7102.041016,9.681234,0,0,0,0,,,,,,,,
7142.857422,9.681234,0,0,0,0,,,7142.857422,9.681234,0,0,0,0,,,,,,,,
7183.67334,9.681234,0,0,0,0,,,7183.67334,9.681234,0,0,0,0,,,,,,,,
7224.489746,9.681234,0,0,0,0,,,7224.489746,9.681234,0,0,0,0,,,,,,,,
7265.306152,9.681234,0,0,0,0,,,7265.306152,9.681234,0,0,0,0,,,,,,,,
7306.122559,9.681234,0,0,0,0,,,7306.122559,9.681234,0,0,0,0,,,,,,,,
7346.938965,9.681234,0,0,0,0,,,7346.938965,9.681234,0,0,0,0,,,,,,,,
7387.754883,9.681234,0,0,0,0,,,7387.754883,9.681234,0,0,0,0,,,,,,,,
7428.571289,9.681234,0,0,0,0,,,7428.571289,9.681234,0,0,0,0,,,,,,,,
7469.387695,9.681234,0,0,0,0,,,7469.387695,9.681234,0,0,0,0,,,,,,,,
7510.204102,9.681234,0,0,0,0,,,7510.204102,9.681234,0,0,0,0,,,,,,,,
7551.020508,9.681234,0,0,0,0,,,7551.020508,9.681234,0,0,0,0,,,,,,,,
7591.836914,9.681234,0,0,0,0,,,7591.836914,9.681234,0,0,0,0,,,,,,,,
7632.65332,9.681234,0,0,0,0,,,7632.65332,9.681234,0,0,0,0,,,,,,,,
7673.469238,9.681234,0,0,0,0,,,7673.469238,9.681234,0,0,0,0,,,,,,,,
7714.285645,9.681234,0,0,0,0,,,7714.285645,9.681234,0,0,0,0,,,,,,,,
7755.102051,9.681234,0,0,0,0,,,7755.102051,9.681234,0,0,0,0,,,,,,,,
7795.918457,9.681234,0,0,0,0,,,7795.918457,9.681234,0,0,0,0,,,,,,,,
7836.734863,9.681234,0,0,0,0,,,7836.734863,9.681234,0,0,0,0,,,,,,,,
7877.550781,9.681234,0,0,0,0,,,7877.550781,9.681234,0,0,0,0,,,,,,,,
7918.367188,9.681234,0,0,0,0,,,7918.367188,9.681234,0,0,0,0,,,,,,,,
7959.183594,9.681234,0,0,0,0,,,7959.183594,9.681234,0,0,0,0,,,,,,,,
8000,9.681234,0,0,0,0,,,8000,9.681234,0,0,0,0,,,,,,,,
8040.816406,9.681234,0,0,0,0,,,8040.816406,9.681234,0,0,0,0,,,,,,,,
8081.632812,9.681234,0,0,0,0,,,8081.632812,9.681234,0,0,0,0,,,,,,,,
8122.449219,9.681234,0,0,0,0,,,8122.449219,9.681234,0,0,0,0,,,,,,,,
8163.265137,9.681234,0,0,0,0,,,8163.265137,9.681234,0,0,0,0,,,,,,,,
8204.082031,9.681234,0,0,0,0,,,8204.082031,9.681234,0,0,0,0,,,,,,,,
8244.898438,9.681234,0,0,0,0,,,8244.898438,9.681234,0,0,0,0,,,,,,,,
8285.713867,9.681234,0,0,0,0,,,8285.713867,9.681234,0,0,0,0,,,,,,,,
8326.530273,9.681234,0,0,0,0,,,8326.530273,9.681234,0,0,0,0,,,,,,,,
8367.34668,9.681234,0,0,0,0,,,8367.34668,9.681234,0,0,0,0,,,,,,,,
8408.163086,9.681234,0,0,0,0,,,8408.163086,9.681234,0,0,0,0,,,,,,,,
8448.979492,9.681234,0,0,0,0,,,8448.979492,9.681234,0,0,0,0,,,,,,,,
8489.795898,9.681234,0,0,0,0,,,8489.795898,9.681234,0,0,0,0,,,,,,,,
8530.612305,9.681234,0,0,0,0,,,8530.612305,9.681234,0,0,0,0,,,,,,,,
8571.428711,9.681234,0,0,0,0,,,8571.428711,9.681234,0,0,0,0,,,,,,,,
8612.245117,9.681234,0,0,0,0,,,8612.245117,9.681234,0,0,0,0,,,,,,,,
8653.061523,9.681234,0,0,0,0,,,8653.061523,9.681234,0,0,0,0,,,,,,,,
8693.87793,9.681234,0,0,0,0,,,8693.87793,9.681234,0,0,0,0,,,,,,,,
8734.693359,9.681234,0,0,0,0,,,8734.693359,9.681234,0,0,0,0,,,,,,,,
8775.509766,9.681234,0,0,0,0,,,8775.509766,9.681234,0,0,0,0,,,,,,,,
8816.326172,9.681234,0,0,0,0,,,8816.326172,9.681234,0,0,0,0,,,,,,,,
8857.142578,9.681234,0,0,0,0,,,8857.142578,9.681234,0,0,0,0,,,,,,,,
8897.958984,9.681234,0,0,0,0,,,8897.958984,9.681234,0,0,0,0,,,,,,,,
8938.775391,9.681234,0,0,0,0,,,8938.775391,9.681234,0,0,0,0,,,,,,,,
8979.591797,9.681234,0,0,0,0,,,8979.591797,9.681234,0,0,0,0,,,,,,,,
7020.408203,10.06592,0,0,0,0,,,7020.408203,10.06592,0,0,0,0,,,,,,,,
7061.224609,10.06592,0,0,0,0,,,7061.224609,10.06592,0,0,0,0,,,,,,,,
7102.041016,10.06592,0,0,0,0,,,7102.041016,10.06592,0,0,0,0,,,,,,,,
7142.857422,10.06592,0,0,0,0,,,7142.857422,10.06592,0,0,0,0,,,,,,,,
7183.67334,10.06592,0,0,0,0,,,7183.67334,10.06592,0,0,0,0,,,,,,,,
7224.489746,10.06592,0,0,0,0,,,7224.489746,10.06592,0,0,0,0,,,,,,,,
7265.306152,10.06592,0,0,0,0,,,7265.306152,10.06592,0,0,0,0,,,,,,,,
7306.122559,10.06592,0,0,0,0,,,7306.122559,10.06592,0,0,0,0,,,,,,,,
7346.938965,10.06592,0,0,0,0,,,7346.938965,10.06592,0,0,0,0,,,,,,,,
7387.754883,10.06592,0,0,0,0,,,7387.754883,10.06592,0,0,0,0,,,,,,,,
7428.571289,10.06592,0,0,0,0,,,7428.571289,10.06592,0,0,0,0,,,,,,,,
7469.387695,10.06592,0,0,0,0,,,7469.387695,10.06592,0,0,0,0,,,,,,,,
7510.204102,10.06592,0,0,0,0,,,7510.204102,10.06592,0,0,0,0,,,,,,,,
7551.020508,10.06592,0,0,0,0,,,7551.020508,10.06592,0,0,0,0,,,,,,,,
7591.836914,10.06592,0,0,0,0,,,7591.836914,10.06592,0,0,0,0,,,,,,,,
7632.65332,10.06592,0,0,0,0,,,7632.65332,10.06592,0,0,0,0,,,,,,,,
7673.469238,10.06592,0,0,0,0,,,7673.469238,10.06592,0,0,0,0,,,,,,,,
7714.285645,10.06592,0,0,0,0,,,7714.285645,10.06592,0,0,0,0,,,,,,,,
7755.102051,10.06592,0,0,0,0,,,7755.102051,10.06592,0,0,0,0,,,,,,,,
7795.918457,10.06592,0,0,0,0,,,7795.918457,10.06592,0,0,0,0,,,,,,,,
7836.734863,10.06592,0,0,0,0,,,7836.734863,10.06592,0,0,0,0,,,,,,,,
7877.550781,10.06592,0,0,0,0,,,7877.550781,10.06592,0,0,0,0,,,,,,,,
7918.367188,10.06592,0,0,0,0,,,7918.367188,10.06592,0,0,0,0,,,,,,,,
7959.183594,10.06592,0,0,0,0,,,7959.183594,10.06592,0,0,0,0,,,,,,,,
8000,10.06592,0,0,0,0,,,8000,10.06592,0,0,0,0,,,,,,,,
8040.816406,10.06592,0,0,0,0,,,8040.816406,10.06592,0,0,0,0,,,,,,,,
8081.632812,10.06592,0,0,0,0,,,8081.632812,10.06592,0,0,0,0,,,,,,,,
8122.449219,10.06592,0,0,0,0,,,8122.449219,10.06592,0,0,0,0,,,,,,,,
8163.265137,10.06592,0,0,0,0,,,8163.265137,10.06592,0,0,0,0,,,,,,,,
8204.082031,10.06592,0,0,0,0,,,8204.082031,10.06592,0,0,0,0,,,,,,,,
8244.898438,10.06592,0,0,0,0,,,8244.898438,10.06592,0,0,0,0,,,,,,,,
8285.713867,10.06592,0,0,0,0,,,8285.713867,10.06592,0,0,0,0,,,,,,,,
8326.530273,10.06592,0,0,0,0,,,8326.530273,10.06592,0,0,0,0,,,,,,,,
8367.34668,10.06592,0,0,0,0,,,8367.34668,10.06592,0,0,0,0,,,,,,,,
8408.163086,10.06592,0,0,0,0,,,8408.163086,10.06592,0,0,0,0,,,,,,,,
8448.979492,10.06592,0,0,0,0,,,8448.979492,10.06592,0,0,0,0,,,,,,,,
8489.795898,10.06592,0,0,0,0,,,8489.795898,10.06592,0,0,0,0,,,,,,,,
8530.612305,10.06592,0,0,0,0,,,8530.612305,10.06592,0,0,0,0,,,,,,,,
8571.428711,10.06592,0,0,0,0,,,8571.428711,10.06592,0,0,0,0,,,,,,,,
8612.245117,10.06592,0,0,0,0,,,8612.245117,10.06592,0,0,0,0,,,,,,,,
8653.061523,10.06592,0,0,0,0,,,8653.061523,10.06592,0,0,0,0,,,,,,,,
8693.87793,10.06592,0,0,0,0,,,8693.87793,10.06592,0,0,0,0,,,,,,,,
8734.693359,10.06592,0,0,0,0,,,8734.693359,10.06592,0,0,0,0,,,,,,,,
8775.509766,10.06592,0,0,0,0,,,8775.509766,10.06592,0,0,0,0,,,,,,,,
8816.326172,10.06592,0,0,0,0,,,8816.326172,10.06592,0,0,0,0,,,,,,,,
8857.142578,10.06592,0,0,0,0,,,8857.142578,10.06592,0,0,0,0,,,,,,,,
8897.958984,10.06592,0,0,0,0,,,8897.958984,10.06592,0,0,0,0,,,,,,,,
8938.775391,10.06592,0,0,0,0,,,8938.775391,10.06592,0,0,0,0,,,,,,,,
8979.591797,10.06592,0,0,0,0,,,8979.591797,10.06592,0,0,0,0,,,,,,,,
7020.408203,10.450604,0,0,0,0,,,7020.408203,10.450604,0,0,0,0,,,,,,,,
7061.224609,10.450604,0,0,0,0,,,7061.224609,10.450604,0,0,0,0,,,,,,,,
7102.041016,10.450604,0,0,0,0,,,7102.041016,10.450604,0,0,0,0,,,,,,,,
7142.857422,10.450604,0,0,0,0,,,7142.857422,10.450604,0,0,0,0,,,,,,,,
7183.67334,10.450604,0,0,0,0,,,7183.67334,10.450604,0,0,0,0,,,,,,,,
7224.489746,10.450604,0,0,0,0,,,7224.489746,10.450604,0,0,0,0,,,,,,,,
7265.306152,10.450604,0,0,0,0,,,7265.306152,10.450604,0,0,0,0,,,,,,,,
7306.122559,10.450604,0,0,0,0,,,7306.122559,10.450604,0,0,0,0,,,,,,,,
7346.938965,10.450604,0,0,0,0,,,7346.938965,10.450604,0,0,0,0,,,,,,,,
7387.754883,10.450604,0,0,0,0,,,7387.754883,10.450604,0,0,0,0,,,,,,,,
7428.571289,10.450604,0,0,0,0,,,7428.571289,10.450604,0,0,0,0,,,,,,,,
7469.387695,10.450604,0,0,0,0,,,7469.387695,10.450604,0,0,0,0,,,,,,,,
7510.204102,10.450604,0,0,0,0,,,7510.204102,10.450604,0,0,0,0,,,,,,,,
7551.020508,10.450604,0,0,0,0,,,7551.020508,10.450604,0,0,0,0,,,,,,,,
7591.836914,10.450604,0,0,0,0,,,7591.836914,10.450604,0,0,0,0,,,,,,,,
7632.65332,10.450604,0,0,0,0,,,7632.65332,10.450604,0,0,0,0,,,,,,,,
7673.469238,10.450604,0,0,0,0,,,7673.469238,10.450604,0,0,0,0,,,,,,,,
7714.285645,10.450604,0,0,0,0,,,7714.285645,10.450604,0,0,0,0,,,,,,,,
7755.102051,10.450604,0,0,0,0,,,7755.102051,10.450604,0,0,0,0,,,,,,,,
7795.918457,10.450604,0,0,0,0,,,7795.918457,10.450604,0,0,0,0,,,,,,,,
7836.734863,10.450604,0,0,0,0,,,7836.734863,10.450604,0,0,0,0,,,,,,,,
7877.550781,10.450604,0,0,0,0,,,7877.550781,10.450604,0,0,0,0,,,,,,,,
7918.367188,10.450604,0,0,0,0,,,7918.367188,10.450604,0,0,0,0,,,,,,,,
7959.183594,10.450604,0,0,0,0,,,7959.183594,10.450604,0,0,0,0,,,,,,,,
8000,10.450604,0,0,0,0,,,8000,10.450604,0,0,0,0,,,,,,,,
8040.816406,10.450604,0,0,0,0,,,8040.816406,10.450604,0,0,0,0,,,,,,,,
8081.632812,10.450604,0,0,0,0,,,8081.632812,10.450604,0,0,0,0,,,,,,,,
8122.449219,10.450604,0,0,0,0,,,8122.449219,10.450604,0,0,0,0,,,,,,,,
8163.265137,10.450604,0,0,0,0,,,8163.265137,10.450604,0,0,0,0,,,,,,,,
8204.082031,10.450604,0,0,0,0,,,8204.082031,10.450604,0,0,0,0,,,,,,,,
8244.898438,10.450604,0,0,0,0,,,8244.898438,10.450604,0,0,0,0,,,,,,,,
8285.713867,10.450604,0,0,0,0,,,8285.713867,10.450604,0,0,0,0,,,,,,,,
8326.530273,10.450604,0,0,0,0,,,8326.530273,10.450604,0,0,0,0,,,,,,,,
8367.34668,10.450604,0,0,0,0,,,8367.34668,10.450604,0,0,0,0,,,,,,,,
8408.163086,10.450604,0,0,0,0,,,8408.163086,10.450604,0,0,0,0,,,,,,,,
8448.979492,10.450604,0,0,0,0,,,8448.979492,10.450604,0,0,0,0,,,,,,,,
8489.795898,10.450604,0,0,0,0,,,8489.795898,10.450604,0,0,0,0,,,,,,,,
8530.612305,10.450604,0,0,0,0,,,8530.612305,10.450604,0,0,0,0,,,,,,,,
8571.428711,10.450604,0,0,0,0,,,8571.428711,10.450604,0,0,0,0,,,,,,,,
8612.245117,10.450604,0,0,0,0,,,8612.245117,10.450604,0,0,0,0,,,,,,,,
8653.061523,10.450604,0,0,0,0,,,8653.061523,10.450604,0,0,0,0,,,,,,,,
8693.87793,10.450604,0,0,0,0,,,8693.87793,10.450604,0,0,0,0,,,,,,,,
8734.693359,10.450604,0,0,0,0,,,8734.693359,10.450604,0,0,0,0,,,,,,,,
8775.509766,10.450604,0,0,0,0,,,8775.509766,10.450604,0,0,0,0,,,,,,,,
8816.326172,10.450604,0,0,0,0,,,8816.326172,10.450604,0,0,0,0,,,,,,,,
8857.142578,10.450604,0,0,0,0,,,8857.142578,10.450604,0,0,0,0,,,,,,,,
8897.958984,10.450604,0,0,0,0,,,8897.958984,10.450604,0,0,0,0,,,,,,,,
8938.775391,10.450604,0,0,0,0,,,8938.775391,10.450604,0,0,0,0,,,,,,,,
8979.591797,10.450604,0,0,0,0,,,8979.591797,10.450604,0,0,0,0,,,,,,,,
7020.408203,10.835289,0,0,0,0,,,7020.408203,10.835289,0,0,0,0,,,,,,,,
7061.224609,10.835289,0,0,0,0,,,7061.224609,10.835289,0,0,0,0,,,,,,,,
7102.041016,10.835289,0,0,0,0,,,7102.041016,10.835289,0,0,0,0,,,,,,,,
7142.857422,10.835289,0,0,0,0,,,7142.857422,10.835289,0,0,0,0,,,,,,,,
7183.67334,10.835289,0,0,0,0,,,7183.67334,10.835289,0,0,0,0,,,,,,,,
7224.489746,10.835289,0,0,0,0,,,7224.489746,10.835289,0,0,0,0,,,,,,,,
7265.306152,10.835289,0,0,0,0,,,7265.306152,10.835289,0,0,0,0,,,,,,,,
7306.122559,10.835289,0,0,0,0,,,7306.122559,10.835289,0,0,0,0,,,,,,,,
7346.938965,10.835289,0,0,0,0,,,7346.938965,10.835289,0,0,0,0,,,,,,,,
7387.754883,10.835289,0,0,0,0,,,7387.754883,10.835289,0,0,0,0,,,,,,,,
7428.571289,10.835289,0,0,0,0,,,7428.571289,10.835289,0,0,0,0,,,,,,,,
7469.387695,10.835289,0,0,0,0,,,7469.387695,10.835289,0,0,0,0,,,,,,,,
7510.204102,10.835289,0,0,0,0,,,7510.204102,10.835289,0,0,0,0,,,,,,,,
7551.020508,10.835289,0,0,0,0,,,7551.020508,10.835289,0,0,0,0,,,,,,,,
7591.836914,10.835289,0,0,0,0,,,7591.836914,10.835289,0,0,0,0,,,,,,,,
7632.65332,10.835289,0,0,0,0,,,7632.65332,10.835289,0,0,0,0,,,,,,,,
7673.469238,10.835289,0,0,0,0,,,7673.469238,10.835289,0,0,0,0,,,,,,,,
7714.285645,10.835289,0,0,0,0,,,7714.285645,10.835289,0,0,0,0,,,,,,,,
7755.102051,10.835289,0,0,0,0,,,7755.102051,10.835289,0,0,0,0,,,,,,,,
7795.918457,10.835289,0,0,0,0,,,7795.918457,10.835289,0,0,0,0,,,,,,,,
7836.734863,10.835289,0,0,0,0,,,7836.734863,10.835289,0,0,0,0,,,,,,,,
7877.550781,10.835289,0,0,0,0,,,7877.550781,10.835289,0,0,0,0,,,,,,,,
7918.367188,10.835289,0,0,0,0,,,7918.367188,10.835289,0,0,0,0,,,,,,,,
7959.183594,10.835289,0,0,0,0,,,7959.183594,10.835289,0,0,0,0,,,,,,,,
8000,10.835289,0,0,0,0,,,8000,10.835289,0,0,0,0,,,,,,,,
8040.816406,10.835289,0,0,0,0,,,8040.816406,10.835289,0,0,0,0,,,,,,,,
8081.632812,10.835289,0,0,0,0,,,8081.632812,10.835289,0,0,0,0,,,,,,,,
8122.449219,10.835289,0,0,0,0,,,8122.449219,10.835289,0,0,0,0,,,,,,,,
8163.265137,10.835289,0,0,0,0,,,8163.265137,10.835289,0,0,0,0,,,,,,,,
8204.082031,10.835289,0,0,0,0,,,8204.082031,10.835289,0,0,0,0,,,,,,,,
8244.898438,10.835289,0,0,0,0,,,8244.898438,10.835289,0,0,0,0,,,,,,,,
8285.713867,10.835289,0,0,0,0,,,8285.713867,10.835289,0,0,0,0,,,,,,,,
8326.530273,10.835289,0,0,0,0,,,8326.530273,10.835289,0,0,0,0,,,,,,,,
8367.34668,10.835289,0,0,0,0,,,8367.34668,10.835289,0,0,0,0,,,,,,,,
8408.163086,10.835289,0,0,0,0,,,8408.163086,10.835289,0,0,0,0,,,,,,,,
8448.979492,10.835289,0,0,0,0,,,8448.979492,10.835289,0,0,0,0,,,,,,,,
8489.795898,10.835289,0,0,0,0,,,8489.795898,10.835289,0,0,0,0,,,,,,,,
8530.612305,10.835289,0,0,0,0,,,8530.612305,10.835289,0,0,0,0,,,,,,,,
8571.428711,10.835289,0,0,0,0,,,8571.428711,10.835289,0,0,0,0,,,,,,,,
8612.245117,10.835289,0,0,0,0,,,8612.245117,10.835289,0,0,0,0,,,,,,,,
8653.061523,10.835289,0,0,0,0,,,8653.061523,10.835289,0,0,0,0,,,,,,,,
8693.87793,10.835289,0,0,0,0,,,8693.87793,10.835289,0,0,0,0,,,,,,,,
8734.693359,10.835289,0,0,0,0,,,8734.693359,10.835289,0,0,0,0,,,,,,,,
8775.509766,10.835289,0,0,0,0,,,8775.509766,10.835289,0,0,0,0,,,,,,,,
8816.326172,10.835289,0,0,0,0,,,8816.326172,10.835289,0,0,0,0,,,,,,,,
8857.142578,10.835289,0,0,0,0,,,8857.142578,10.835289,0,0,0,0,,,,,,,,
8897.958984,10.835289,0,0,0,0,,,8897.958984,10.835289,0,0,0,0,,,,,,,,
8938.775391,10.835289,0,0,0,0,,,8938.775391,10.835289,0,0,0,0,,,,,,,,
8979.591797,10.835289,0,0,0,0,,,8979.591797,10.835289,0,0,0,0,,,,,,,,
7020.408203,11.219975,0,0,0,0,,,7020.408203,11.219975,0,0,0,0,,,,,,,,
7061.224609,11.219975,0,0,0,0,,,7061.224609,11.219975,0,0,0,0,,,,,,,,
7102.041016,11.219975,0,0,0,0,,,7102.041016,11.219975,0,0,0,0,,,,,,,,
7142.857422,11.219975,0,0,0,0,,,7142.857422,11.219975,0,0,0,0,,,,,,,,
7183.67334,11.219975,0,0,0,0,,,7183.67334,11.219975,0,0,0,0,,,,,,,,
7224.489746,11.219975,0,0,0,0,,,7224.489746,11.219975,0,0,0,0,,,,,,,,
7265.306152,11.219975,0,0,0,0,,,7265.306152,11.219975,0,0,0,0,,,,,,,,
7306.122559,11.219975,0,0,0,0,,,7306.122559,11.219975,0,0,0,0,,,,,,,,
7346.938965,11.219975,0,0,0,0,,,7346.938965,11.219975,0,0,0,0,,,,,,,,
7387.754883,11.219975,0,0,0,0,,,7387.754883,11.219975,0,0,0,0,,,,,,,,
7428.571289,11.219975,0,0,0,0,,,7428.571289,11.219975,0,0,0,0,,,,,,,,
7469.387695,11.219975,0,0,0,0,,,7469.387695,11.219975,0,0,0,0,,,,,,,,
7510.204102,11.219975,0,0,0,0,,,7510.204102,11.219975,0,0,0,0,,,,,,,,
7551.020508,11.219975,0,0,0,0,,,7551.020508,11.219975,0,0,0,0,,,,,,,,
7591.836914,11.219975,0,0,0,0,,,7591.836914,11.219975,0,0,0,0,,,,,,,,
7632.65332,11.219975,0,0,0,0,,,7632.65332,11.219975,0,0,0,0,,,,,,,,
7673.469238,11.219975,0,0,0,0,,,7673.469238,11.219975,0,0,0,0,,,,,,,,
7714.285645,11.219975,0,0,0,0,,,7714.285645,11.219975,0,0,0,0,,,,,,,,
7755.102051,11.219975,0,0,0,0,,,7755.102051,11.219975,0,0,0,0,,,,,,,,
7795.918457,11.219975,0,0,0,0,,,7795.918457,11.219975,0,0,0,0,,,,,,,,
7836.734863,11.219975,0,0,0,0,,,7836.734863,11.219975,0,0,0,0,,,,,,,,
7877.550781,11.219975,0,0,0,0,,,7877.550781,11.219975,0,0,0,0,,,,,,,,
7918.367188,11.219975,0,0,0,0,,,7918.367188,11.219975,0,0,0,0,,,,,,,,
7959.183594,11.219975,0,0,0,0,,,7959.183594,11.219975,0,0,0,0,,,,,,,,
8000,11.219975,0,0,0,0,,,8000,11.219975,0,0,0,0,,,,,,,,
8040.816406,11.219975,0,0,0,0,,,8040.816406,11.219975,0,0,0,0,,,,,,,,
8081.632812,11.219975,0,0,0,0,,,8081.632812,11.219975,0,0,0,0,,,,,,,,
8122.449219,11.219975,0,0,0,0,,,8122.449219,11.219975,0,0,0,0,,,,,,,,
8163.265137,11.219975,0,0,0,0,,,8163.265137,11.219975,0,0,0,0,,,,,,,,
8204.082031,11.219975,0,0,0,0,,,8204.082031,11.219975,0,0,0,0,,,,,,,,
8244.898438,11.219975,0,0,0,0,,,8244.898438,11.219975,0,0,0,0,,,,,,,,
8285.713867,11.219975,0,0,0,0,,,8285.713867,11.219975,0,0,0,0,,,,,,,,
8326.530273,11.219975,0,0,0,0,,,8326.530273,11.219975,0,0,0,0,,,,,,,,
8367.34668,11.219975,0,0,0,0,,,8367.34668,11.219975,0,0,0,0,,,,,,,,
8408.163086,11.219975,0,0,0,0,,,8408.163086,11.219975,0,0,0,0,,,,,,,,
8448.979492,11.219975,0,0,0,0,,,8448.979492,11.219975,0,0,0,0,,,,,,,,
8489.795898,11.219975,0,0,0,0,,,8489.795898,11.219975,0,0,0,0,,,,,,,,
8530.612305,11.219975,0,0,0,0,,,8530.612305,11.219975,0,0,0,0,,,,,,,,
8571.428711,11.219975,0,0,0,0,,,8571.428711,11.219975,0,0,0,0,,,,,,,,
8612.245117,11.219975,0,0,0,0,,,8612.245117,11.219975,0,0,0,0,,,,,,,,
8653.061523,11.219975,0,0,0,0,,,8653.061523,11.219975,0,0,0,0,,,,,,,,
8693.87793,11.219975,0,0,0,0,,,8693.87793,11.219975,0,0,0,0,,,,,,,,
8734.693359,11.219975,0,0,0,0,,,8734.693359,11.219975,0,0,0,0,,,,,,,,
8775.509766,11.219975,0,0,0,0,,,8775.509766,11.219975,0,0,0,0,,,,,,,,
8816.326172,11.219975,0,0,0,0,,,8816.326172,11.219975,0,0,0,0,,,,,,,,
8857.142578,11.219975,0,0,0,0,,,8857.142578,11.219975,0,0,0,0,,,,,,,,
8897.958984,11.219975,0,0,0,0,,,8897.958984,11.219975,0,0,0,0,,,,,,,,
8938.775391,11.219975,0,0,0,0,,,8938.775391,11.219975,0,0,0,0,,,,,,,,
8979.591797,11.219975,0,0,0,0,,,8979.591797,11.219975,0,0,0,0,,,,,,,,
7020.408203,11.604658,0,0,0,0,,,7020.408203,11.604658,0,0,0,0,,,,,,,,
7061.224609,11.604658,0,0,0,0,,,7061.224609,11.604658,0,0,0,0,,,,,,,,
7102.041016,11.604658,0,0,0,0,,,7102.041016,11.604658,0,0,0,0,,,,,,,,
7142.857422,11.604658,0,0,0,0,,,7142.857422,11.604658,0,0,0,0,,,,,,,,
7183.67334,11.604658,0,0,0,0,,,7183.67334,11.604658,0,0,0,0,,,,,,,,
7224.489746,11.604658,0,0,0,0,,,7224.489746,11.604658,0,0,0,0,,,,,,,,
7265.306152,11.604658,0,0,0,0,,,7265.306152,11.604658,0,0,0,0,,,,,,,,
7306.122559,11.604658,0,0,0,0,,,7306.122559,11.604658,0,0,0,0,,,,,,,,
7346.938965,11.604658,0,0,0,0,,,7346.938965,11.604658,0,0,0,0,,,,,,,,
7387.754883,11.604658,0,0,0,0,,,7387.754883,11.604658,0,0,0,0,,,,,,,,
7428.571289,11.604658,0,0,0,0,,,7428.571289,11.604658,0,0,0,0,,,,,,,,
7469.387695,11.604658,0,0,0,0,,,7469.387695,11.604658,0,0,0,0,,,,,,,,
7510.204102,11.604658,0,0,0,0,,,7510.204102,11.604658,0,0,0,0,,,,,,,,
7551.020508,11.604658,0,0,0,0,,,7551.020508,11.604658,0,0,0,0,,,,,,,,
7591.836914,11.604658,0,0,0,0,,,7591.836914,11.604658,0,0,0,0,,,,,,,,
7632.65332,11.604658,0,0,0,0,,,7632.65332,11.604658,0,0,0,0,,,,,,,,
7673.469238,11.604658,0,0,0,0,,,7673.469238,11.604658,0,0,0,0,,,,,,,,
7714.285645,11.604658,0,0,0,0,,,7714.285645,11.604658,0,0,0,0,,,,,,,,
7755.102051,11.604658,0,0,0,0,,,7755.102051,11.604658,0,0,0,0,,,,,,,,
7795.918457,11.604658,0,0,0,0,,,7795.918457,11.604658,0,0,0,0,,,,,,,,
7836.734863,11.604658,0,0,0,0,,,7836.734863,11.604658,0,0,0,0,,,,,,,,
7877.550781,11.604658,0,0,0,0,,,7877.550781,11.604658,0,0,0,0,,,,,,,,
7918.367188,11.604658,0,0,0,0,,,7918.367188,11.604658,0,0,0,0,,,,,,,,
7959.183594,11.604658,0,0,0,0,,,7959.183594,11.604658,0,0,0,0,,,,,,,,
8000,11.604658,0,0,0,0,,,8000,11.604658,0,0,0,0,,,,,,,,
8040.816406,11.604658,0,0,0,0,,,8040.816406,11.604658,0,0,0,0,,,,,,,,
8081.632812,11.604658,0,0,0,0,,,8081.632812,11.604658,0,0,0,0,,,,,,,,
8122.449219,11.604658,0,0,0,0,,,8122.449219,11.604658,0,0,0,0,,,,,,,,
8163.265137,11.604658,0,0,0,0,,,8163.265137,11.604658,0,0,0,0,,,,,,,,
8204.082031,11.604658,0,0,0,0,,,8204.082031,11.604658,0,0,0,0,,,,,,,,
8244.898438,11.604658,0,0,0,0,,,8244.898438,11.604658,0,0,0,0,,,,,,,,
8285.713867,11.604658,0,0,0,0,,,8285.713867,11.604658,0,0,0,0,,,,,,,,
8326.530273,11.604658,0,0,0,0,,,8326.530273,11.604658,0,0,0,0,,,,,,,,
8367.34668,11.604658,0,0,0,0,,,8367.34668,11.604658,0,0,0,0,,,,,,,,
8408.163086,11.604658,0,0,0,0,,,8408.163086,11.604658,0,0,0,0,,,,,,,,
8448.979492,11.604658,0,0,0,0,,,8448.979492,11.604658,0,0,0,0,,,,,,,,
8489.795898,11.604658,0,0,0,0,,,8489.795898,11.604658,0,0,0,0,,,,,,,,
8530.612305,11.604658,0,0,0,0,,,8530.612305,11.604658,0,0,0,0,,,,,,,,
8571.428711,11.604658,0,0,0,0,,,8571.428711,11.604658,0,0,0,0,,,,,,,,
8612.245117,11.604658,0,0,0,0,,,8612.245117,11.604658,0,0,0,0,,,,,,,,
8653.061523,11.604658,0,0,0,0,,,8653.061523,11.604658,0,0,0,0,,,,,,,,
8693.87793,11.604658,0,0,0,0,,,8693.87793,11.604658,0,0,0,0,,,,,,,,
8734.693359,11.604658,0,0,0,0,,,8734.693359,11.604658,0,0,0,0,,,,,,,,
8775.509766,11.604658,0,0,0,0,,,8775.509766,11.604658,0,0,0,0,,,,,,,,
8816.326172,11.604658,0,0,0,0,,,8816.326172,11.604658,0,0,0,0,,,,,,,,
8857.142578,11.604658,0,0,0,0,,,8857.142578,11.604658,0,0,0,0,,,,,,,,
8897.958984,11.604658,0,0,0,0,,,8897.958984,11.604658,0,0,0,0,,,,,,,,
8938.775391,11.604658,0,0,0,0,,,8938.775391,11.604658,0,0,0,0,,,,,,,,
8979.591797,11.604658,0,0,0,0,,,8979.591797,11.604658,0,0,0,0,,,,,,,,
7020.408203,11.989344,0,0,0,0,,,7020.408203,11.989344,0,0,0,0,,,,,,,,
7061.224609,11.989344,0,0,0,0,,,7061.224609,11.989344,0,0,0,0,,,,,,,,
7102.041016,11.989344,0,0,0,0,,,7102.041016,11.989344,0,0,0,0,,,,,,,,
7142.857422,11.989344,0,0,0,0,,,7142.857422,11.989344,0,0,0,0,,,,,,,,
7183.67334,11.989344,0,0,0,0,,,7183.67334,11.989344,0,0,0,0,,,,,,,,
7224.489746,11.989344,0,0,0,0,,,7224.489746,11.989344,0,0,0,0,,,,,,,,
7265.306152,11.989344,0,0,0,0,,,7265.306152,11.989344,0,0,0,0,,,,,,,,
7306.122559,11.989344,0,0,0,0,,,7306.122559,11.989344,0,0,0,0,,,,,,,,
7346.938965,11.989344,0,0,0,0,,,7346.938965,11.989344,0,0,0,0,,,,,,,,
7387.754883,11.989344,0,0,0,0,,,7387.754883,11.989344,0,0,0,0,,,,,,,,
7428.571289,11.989344,0,0,0,0,,,7428.571289,11.989344,0,0,0,0,,,,,,,,
7469.387695,11.989344,0,0,0,0,,,7469.387695,11.989344,0,0,0,0,,,,,,,,
7510.204102,11.989344,0,0,0,0,,,7510.204102,11.989344,0,0,0,0,,,,,,,,
7551.020508,11.989344,0,0,0,0,,,7551.020508,11.989344,0,0,0,0,,,,,,,,
7591.836914,11.989344,0,0,0,0,,,7591.836914,11.989344,0,0,0,0,,,,,,,,
7632.65332,11.989344,0,0,0,0,,,7632.65332,11.989344,0,0,0,0,,,,,,,,
7673.469238,11.989344,0,0,0,0,,,7673.469238,11.989344,0,0,0,0,,,,,,,,
7714.285645,11.989344,0,0,0,0,,,7714.285645,11.989344,0,0,0,0,,,,,,,,
7755.102051,11.989344,0,0,0,0,,,7755.102051,11.989344,0,0,0,0,,,,,,,,
7795.918457,11.989344,0,0,0,0,,,7795.918457,11.989344,0,0,0,0,,,,,,,,
7836.734863,11.989344,0,0,0,0,,,7836.734863,11.989344,0,0,0,0,,,,,,,,
7877.550781,11.989344,0,0,0,0,,,7877.550781,11.989344,0,0,0,0,,,,,,,,
7918.367188,11.989344,0,0,0,0,,,7918.367188,11.989344,0,0,0,0,,,,,,,,
7959.183594,11.989344,0,0,0,0,,,7959.183594,11.989344,0,0,0,0,,,,,,,,
8000,11.989344,0,0,0,0,,,8000,11.989344,0,0,0,0,,,,,,,,
8040.816406,11.989344,0,0,0,0,,,8040.816406,11.989344,0,0,0,0,,,,,,,,
8081.632812,11.989344,0,0,0,0,,,8081.632812,11.989344,0,0,0,0,,,,,,,,
8122.449219,11.989344,0,0,0,0,,,8122.449219,11.989344,0,0,0,0,,,,,,,,
8163.265137,11.989344,0,0,0,0,,,8163.265137,11.989344,0,0,0,0,,,,,,,,
8204.082031,11.989344,0,0,0,0,,,8204.082031,11.989344,0,0,0,0,,,,,,,,
8244.898438,11.989344,0,0,0,0,,,8244.898438,11.989344,0,0,0,0,,,,,,,,
8285.713867,11.989344,0,0,0,0,,,8285.713867,11.989344,0,0,0,0,,,,,,,,
8326.530273,11.989344,0,0,0,0,,,8326.530273,11.989344,0,0,0,0,,,,,,,,
8367.34668,11.989344,0,0,0,0,,,8367.34668,11.989344,0,0,0,0,,,,,,,,
8408.163086,11.989344,0,0,0,0,,,8408.163086,11.989344,0,0,0,0,,,,,,,,
8448.979492,11.989344,0,0,0,0,,,8448.979492,11.989344,0,0,0,0,,,,,,,,
8489.795898,11.989344,0,0,0,0,,,8489.795898,11.989344,0,0,0,0,,,,,,,,
8530.612305,11.989344,0,0,0,0,,,8530.612305,11.989344,0,0,0,0,,,,,,,,
8571.428711,11.989344,0,0,0,0,,,8571.428711,11.989344,0,0,0,0,,,,,,,,
8612.245117,11.989344,0,0,0,0,,,8612.245117,11.989344,0,0,0,0,,,,,,,,
8653.061523,11.989344,0,0,0,0,,,8653.061523,11.989344,0,0,0,0,,,,,,,,
8693.87793,11.989344,0,0,0,0,,,8693.87793,11.989344,0,0,0,0,,,,,,,,
8734.693359,11.989344,0,0,0,0,,,8734.693359,11.989344,0,0,0,0,,,,,,,,
8775.509766,11.989344,0,0,0,0,,,8775.509766,11.989344,0,0,0,0,,,,,,,,
8816.326172,11.989344,0,0,0,0,,,8816.326172,11.989344,0,0,0,0,,,,,,,,
8857.142578,11.989344,0,0,0,0,,,8857.142578,11.989344,0,0,0,0,,,,,,,,
8897.958984,11.989344,0,0,0,0,,,8897.958984,11.989344,0,0,0,0,,,,,,,,
8938.775391,11.989344,0,0,0,0,,,8938.775391,11.989344,0,0,0,0,,,,,,,,
8979.591797,11.989344,0,0,0,0,,,8979.591797,11.989344,0,0,0,0,,,,,,,,
7020.408203,12.374029,0,0,0,0,,,7020.408203,12.374029,0,0,0,0,,,,,,,,
7061.224609,12.374029,0,0,0,0,,,7061.224609,12.374029,0,0,0,0,,,,,,,,
7102.041016,12.374029,0,0,0,0,,,7102.041016,12.374029,0,0,0,0,,,,,,,,
7142.857422,12.374029,0,0,0,0,,,7142.857422,12.374029,0,0,0,0,,,,,,,,
7183.67334,12.374029,0,0,0,0,,,7183.67334,12.374029,0,0,0,0,,,,,,,,
7224.489746,12.374029,0,0,0,0,,,7224.489746,12.374029,0,0,0,0,,,,,,,,
7265.306152,12.374029,0,0,0,0,,,7265.306152,12.374029,0,0,0,0,,,,,,,,
7306.122559,12.374029,0,0,0,0,,,7306.122559,12.374029,0,0,0,0,,,,,,,,
7346.938965,12.374029,0,0,0,0,,,7346.938965,12.374029,0,0,0,0,,,,,,,,
7387.754883,12.374029,0,0,0,0,,,7387.754883,12.374029,0,0,0,0,,,,,,,,
7428.571289,12.374029,0,0,0,0,,,7428.571289,12.374029,0,0,0,0,,,,,,,,
7469.387695,12.374029,0,0,0,0,,,7469.387695,12.374029,0,0,0,0,,,,,,,,
7510.204102,12.374029,0,0,0,0,,,7510.204102,12.374029,0,0,0,0,,,,,,,,
7551.020508,12.374029,0,0,0,0,,,7551.020508,12.374029,0,0,0,0,,,,,,,,
7591.836914,12.374029,0,0,0,0,,,7591.836914,12.374029,0,0,0,0,,,,,,,,
7632.65332,12.374029,0,0,0,0,,,7632.65332,12.374029,0,0,0,0,,,,,,,,
7673.469238,12.374029,0,0,0,0,,,7673.469238,12.374029,0,0,0,0,,,,,,,,
7714.285645,12.374029,0,0,0,0,,,7714.285645,12.374029,0,0,0,0,,,,,,,,
7755.102051,12.374029,0,0,0,0,,,7755.102051,12.374029,0,0,0,0,,,,,,,,
7795.918457,12.374029,0,0,0,0,,,7795.918457,12.374029,0,0,0,0,,,,,,,,
7836.734863,12.374029,0,0,0,0,,,7836.734863,12.374029,0,0,0,0,,,,,,,,
7877.550781,12.374029,0,0,0,0,,,7877.550781,12.374029,0,0,0,0,,,,,,,,
7918.367188,12.374029,0,0,0,0,,,7918.367188,12.374029,0,0,0,0,,,,,,,,
7959.183594,12.374029,0,0,0,0,,,7959.183594,12.374029,0,0,0,0,,,,,,,,
8000,12.374029,0,0,0,0,,,8000,12.374029,0,0,0,0,,,,,,,,
8040.816406,12.374029,0,0,0,0,,,8040.816406,12.374029,0,0,0,0,,,,,,,,
8081.632812,12.374029,0,0,0,0,,,8081.632812,12.374029,0,0,0,0,,,,,,,,
8122.449219,12.374029,0,0,0,0,,,8122.449219,12.374029,0,0,0,0,,,,,,,,
8163.265137,12.374029,0,0,0,0,,,8163.265137,12.374029,0,0,0,0,,,,,,,,
8204.082031,12.374029,0,0,0,0,,,8204.082031,12.374029,0,0,0,0,,,,,,,,
8244.898438,12.374029,0,0,0,0,,,8244.898438,12.374029,0,0,0,0,,,,,,,,
8285.713867,12.374029,0,0,0,0,,,8285.713867,12.374029,0,0,0,0,,,,,,,,
8326.530273,12.374029,0,0,0,0,,,8326.530273,12.374029,0,0,0,0,,,,,,,,
8367.34668,12.374029,0,0,0,0,,,8367.34668,12.374029,0,0,0,0,,,,,,,,
8408.163086,12.374029,0,0,0,0,,,8408.163086,12.374029,0,0,0,0,,,,,,,,
8448.979492,12.374029,0,0,0,0,,,8448.979492,12.374029,0,0,0,0,,,,,,,,
8489.795898,12.374029,0,0,0,0,,,8489.795898,12.374029,0,0,0,0,,,,,,,,
8530.612305,12.374029,0,0,0,0,,,8530.612305,12.374029,0,0,0,0,,,,,,,,
8571.428711,12.374029,0,0,0,0,,,8571.428711,12.374029,0,0,0,0,,,,,,,,
8612.245117,12.374029,0,0,0,0,,,8612.245117,12.374029,0,0,0,0,,,,,,,,
8653.061523,12.374029,0,0,0,0,,,8653.061523,12.374029,0,0,0,0,,,,,,,,
8693.87793,12.374029,0,0,0,0,,,8693.87793,12.374029,0,0,0,0,,,,,,,,
8734.693359,12.374029,0,0,0,0,,,8734.693359,12.374029,0,0,0,0,,,,,,,,
8775.509766,12.374029,0,0,0,0,,,8775.509766,12.374029,0,0,0,0,,,,,,,,
8816.326172,12.374029,0,0,0,0,,,8816.326172,12.374029,0,0,0,0,,,,,,,,
8857.142578,12.374029,0,0,0,0,,,8857.142578,12.374029,0,0,0,0,,,,,,,,
8897.958984,12.374029,0,0,0,0,,,8897.958984,12.374029,0,0,0,0,,,,,,,,
8938.775391,12.374029,0,0,0,0,,,8938.775391,12.374029,0,0,0,0,,,,,,,,
8979.591797,12.374029,0,0,0,0,,,8979.591797,12.374029,0,0,0,0,,,,,,,,
,,0.999931724,7999.455086,64005781.66,10130.91405,,,,,1.005301623,8042.681523,64353916.81,12124.75988,,,,,,,,
40.816406,0.384685,,,14499.9824,,,,,,,,-330809.2738,,,,,,,,,