
===== logging start 2025-11-15 10:49:38 =====
--- Save Epoch 1, Loss=1.0222e+04, IC=2.0031e-01, Res=1.0222e+04, Beta=0.00 ---
... RAR IC , Max IC error: 2.2267, t: tensor(0.)
... RAR RES, Max residual error: 428.3462, t: tensor([[0.1672],
        [0.1961],
        [0.0893]])
--- Save Epoch 11, Loss=9.6155e+03, IC=6.5005e+00, Res=9.6090e+03, Beta=0.02 ---
--- Save Epoch 14, Loss=8.9576e+03, IC=1.1312e+01, Res=8.9463e+03, Beta=0.04 ---
--- Save Epoch 15, Loss=8.2274e+03, IC=1.1693e+01, Res=8.2157e+03, Beta=0.06 ---
--- Save Epoch 16, Loss=7.8030e+03, IC=1.2193e+01, Res=7.7908e+03, Beta=0.08 ---
--- Save Epoch 21, Loss=7.2951e+03, IC=1.7570e+01, Res=7.2775e+03, Beta=0.10 ---
--- Save Epoch 24, Loss=6.7423e+03, IC=1.3794e+01, Res=6.7285e+03, Beta=0.12 ---
--- Save Epoch 27, Loss=6.2609e+03, IC=1.8057e+01, Res=6.2428e+03, Beta=0.14 ---
--- Save Epoch 36, Loss=5.6993e+03, IC=3.2864e+01, Res=5.6665e+03, Beta=0.16 ---
--- Save Epoch 37, Loss=5.3626e+03, IC=3.4351e+01, Res=5.3282e+03, Beta=0.18 ---
--- Save Epoch 38, Loss=4.9362e+03, IC=3.7999e+01, Res=4.8982e+03, Beta=0.20 ---
--- Save Epoch 39, Loss=4.3562e+03, IC=4.1551e+01, Res=4.3146e+03, Beta=0.22 ---
--- Save Epoch 41, Loss=4.0356e+03, IC=4.0524e+01, Res=3.9951e+03, Beta=0.24 ---
--- Save Epoch 49, Loss=3.6439e+03, IC=3.9489e+01, Res=3.6044e+03, Beta=0.26 ---
--- Save Epoch 53, Loss=3.1635e+03, IC=4.3132e+01, Res=3.1204e+03, Beta=0.28 ---
--- Save Epoch 66, Loss=2.9788e+03, IC=3.6586e+01, Res=2.9423e+03, Beta=0.30 ---
--- Save Epoch 73, Loss=2.5130e+03, IC=3.0635e+01, Res=2.4823e+03, Beta=0.32 ---
--- Save Epoch 80, Loss=2.3475e+03, IC=3.8208e+01, Res=2.3093e+03, Beta=0.34 ---
--- Save Epoch 81, Loss=2.2173e+03, IC=4.0449e+01, Res=2.1769e+03, Beta=0.36 ---
--- Save Epoch 82, Loss=2.0187e+03, IC=4.2228e+01, Res=1.9765e+03, Beta=0.38 ---
--- Save Epoch 83, Loss=1.9142e+03, IC=3.9209e+01, Res=1.8749e+03, Beta=0.40 ---
--- Save Epoch 89, Loss=1.7822e+03, IC=3.1957e+01, Res=1.7502e+03, Beta=0.42 ---
--- Save Epoch 90, Loss=1.6365e+03, IC=3.2698e+01, Res=1.6038e+03, Beta=0.44 ---
--- Save Epoch 91, Loss=1.4149e+03, IC=3.4502e+01, Res=1.3803e+03, Beta=0.46 ---
--- Save Epoch 92, Loss=1.3408e+03, IC=3.5669e+01, Res=1.3051e+03, Beta=0.48 ---
--- Save Epoch 95, Loss=1.2256e+03, IC=3.4001e+01, Res=1.1916e+03, Beta=0.50 ---
--- Save Epoch 97, Loss=1.0190e+03, IC=2.9743e+01, Res=9.8928e+02, Beta=0.52 ---
--- Save Epoch 100, Loss=8.8324e+02, IC=3.1363e+01, Res=8.5188e+02, Beta=0.54 ---
... RAR IC , Max IC error: 16.3697, t: tensor(0.)
... RAR RES, Max residual error: 199.2546, t: tensor([[0.0025],
        [0.0029],
        [0.0029]])
--- Save Epoch 103, Loss=8.1908e+02, IC=2.8176e+01, Res=7.9090e+02, Beta=0.56 ---
--- Save Epoch 105, Loss=7.5523e+02, IC=2.3667e+01, Res=7.3156e+02, Beta=0.58 ---
--- Save Epoch 106, Loss=6.6872e+02, IC=2.3501e+01, Res=6.4522e+02, Beta=0.60 ---
--- Save Epoch 109, Loss=5.9349e+02, IC=2.3512e+01, Res=5.6998e+02, Beta=0.62 ---
--- Save Epoch 111, Loss=5.0057e+02, IC=2.4974e+01, Res=4.7560e+02, Beta=0.64 ---
--- Save Epoch 115, Loss=3.8814e+02, IC=1.7927e+01, Res=3.7022e+02, Beta=0.66 ---
--- Save Epoch 118, Loss=3.5243e+02, IC=1.8517e+01, Res=3.3391e+02, Beta=0.68 ---
--- Save Epoch 132, Loss=3.1533e+02, IC=1.1520e+01, Res=3.0381e+02, Beta=0.70 ---
--- Save Epoch 136, Loss=2.9357e+02, IC=1.1962e+01, Res=2.8161e+02, Beta=0.72 ---
--- Save Epoch 138, Loss=2.4046e+02, IC=1.0696e+01, Res=2.2976e+02, Beta=0.74 ---
--- Save Epoch 140, Loss=2.1471e+02, IC=9.1472e+00, Res=2.0556e+02, Beta=0.76 ---
--- Save Epoch 143, Loss=1.8238e+02, IC=7.1860e+00, Res=1.7520e+02, Beta=0.78 ---
--- Save Epoch 144, Loss=1.4706e+02, IC=6.0234e+00, Res=1.4104e+02, Beta=0.80 ---
--- Save Epoch 147, Loss=1.2089e+02, IC=6.0412e+00, Res=1.1484e+02, Beta=0.82 ---
--- Save Epoch 148, Loss=8.6502e+01, IC=5.9723e+00, Res=8.0530e+01, Beta=0.84 ---
--- Save Epoch 149, Loss=7.8673e+01, IC=6.2203e+00, Res=7.2453e+01, Beta=0.86 ---
--- Save Epoch 150, Loss=6.5804e+01, IC=5.4231e+00, Res=6.0380e+01, Beta=0.88 ---
--- Save Epoch 153, Loss=6.1960e+01, IC=1.8094e+00, Res=6.0151e+01, Beta=0.90 ---
--- Save Epoch 154, Loss=3.3578e+01, IC=1.5636e+00, Res=3.2014e+01, Beta=0.92 ---
--- Save Epoch 155, Loss=2.9816e+01, IC=1.4686e+00, Res=2.8348e+01, Beta=0.94 ---
--- Save Epoch 156, Loss=2.1388e+01, IC=1.2279e+00, Res=2.0160e+01, Beta=0.96 ---
--- Save Epoch 157, Loss=1.8015e+01, IC=7.2852e-01, Res=1.7287e+01, Beta=0.98 ---
--- Save Epoch 158, Loss=1.4335e+01, IC=4.3709e-01, Res=1.3898e+01, Beta=1.00 ---
--- Save Epoch 160, Loss=1.2215e+01, IC=2.3256e-01, Res=1.1983e+01, Beta=1.00 ---
--- Save Epoch 161, Loss=4.6525e+00, IC=1.4993e-01, Res=4.5026e+00, Beta=1.00 ---
--- Save Epoch 163, Loss=4.3909e+00, IC=7.4535e-02, Res=4.3164e+00, Beta=1.00 ---
--- Save Epoch 164, Loss=3.6634e+00, IC=1.0242e-01, Res=3.5610e+00, Beta=1.00 ---
--- Save Epoch 166, Loss=2.5968e+00, IC=8.9479e-02, Res=2.5074e+00, Beta=1.00 ---
--- Save Epoch 171, Loss=1.7913e+00, IC=8.6403e-02, Res=1.7049e+00, Beta=1.00 ---
--- Save Epoch 175, Loss=1.5517e+00, IC=2.5022e-02, Res=1.5267e+00, Beta=1.00 ---
--- Save Epoch 177, Loss=1.3686e+00, IC=1.1071e-01, Res=1.2579e+00, Beta=1.00 ---
--- Save Epoch 178, Loss=1.2900e+00, IC=8.7398e-02, Res=1.2026e+00, Beta=1.00 ---
--- Save Epoch 179, Loss=8.5635e-01, IC=3.3697e-02, Res=8.2265e-01, Beta=1.00 ---
--- Save Epoch 182, Loss=7.1445e-01, IC=1.9149e-02, Res=6.9530e-01, Beta=1.00 ---
--- Save Epoch 199, Loss=4.9367e-01, IC=8.4835e-03, Res=4.8519e-01, Beta=1.00 ---
... RAR IC , Max IC error: 0.4462, t: tensor(0.)
... RAR RES, Max residual error: 10.5374, t: tensor([[0.1902],
        [0.1973],
        [0.1829]])
--- Save Epoch 478, Loss=4.1619e-01, IC=4.5025e-03, Res=4.1169e-01, Beta=1.00 ---
... RAR IC , Max IC error: 0.4803, t: tensor(0.)
... RAR RES, Max residual error: 8.2234, t: tensor([[0.2000],
        [0.2000],
        [0.1850]])
--- Save Epoch 680, Loss=3.8383e-01, IC=4.8399e-03, Res=3.7899e-01, Beta=1.00 ---
--- Save Epoch 685, Loss=3.5679e-01, IC=5.3140e-03, Res=3.5147e-01, Beta=1.00 ---
... RAR IC , Max IC error: 0.6225, t: tensor(0.)
... RAR RES, Max residual error: 8.9378, t: tensor([[0.1060],
        [0.1951],
        [0.1990]])
--- Save Epoch 944, Loss=2.8724e-01, IC=7.4668e-03, Res=2.7977e-01, Beta=1.00 ---
[info] epoch 1000, lr=9.50e-04
... RAR IC , Max IC error: 0.6529, t: tensor(0.)
... RAR RES, Max residual error: 9.7056, t: tensor([[0.1975],
        [0.1975],
        [0.1153]])
--- Save Epoch 1082, Loss=2.6870e-01, IC=8.5352e-03, Res=2.6017e-01, Beta=1.00 ---
--- Save Epoch 1100, Loss=2.5288e-01, IC=8.5654e-03, Res=2.4432e-01, Beta=1.00 ---
... RAR IC , Max IC error: 0.5411, t: tensor(0.)
... RAR RES, Max residual error: 8.4210, t: tensor([[0.1955],
        [0.1955],
        [0.1282]])
--- Save Epoch 1212, Loss=2.2063e-01, IC=8.3611e-03, Res=2.1227e-01, Beta=1.00 ---
--- Save Epoch 1234, Loss=2.0583e-01, IC=8.1857e-03, Res=1.9764e-01, Beta=1.00 ---
--- Save Epoch 1275, Loss=1.9318e-01, IC=9.5885e-03, Res=1.8360e-01, Beta=1.00 ---
... RAR IC , Max IC error: 0.4969, t: tensor(0.)
... RAR RES, Max residual error: 6.8835, t: tensor([[0.1947],
        [0.1945],
        [0.0640]])
--- Save Epoch 1382, Loss=1.8350e-01, IC=9.1322e-03, Res=1.7437e-01, Beta=1.00 ---
--- Save Epoch 1394, Loss=1.6357e-01, IC=7.9740e-03, Res=1.5559e-01, Beta=1.00 ---
... RAR IC , Max IC error: 0.4445, t: tensor(0.)
... RAR RES, Max residual error: 5.3416, t: tensor([[0.0981],
        [0.1985],
        [0.1773]])
--- Save Epoch 1480, Loss=1.4863e-01, IC=9.0991e-03, Res=1.3954e-01, Beta=1.00 ---
... RAR IC , Max IC error: 0.4544, t: tensor(0.)
... RAR RES, Max residual error: 4.7406, t: tensor([[0.1897],
        [0.1967],
        [0.1989]])
--- Save Epoch 1735, Loss=1.3608e-01, IC=8.6208e-03, Res=1.2746e-01, Beta=1.00 ---
... RAR IC , Max IC error: 0.4453, t: tensor(0.)
... RAR RES, Max residual error: 4.7533, t: tensor([[0.1117],
        [0.0767],
        [0.0758]])
--- Save Epoch 1931, Loss=1.2764e-01, IC=8.8237e-03, Res=1.1881e-01, Beta=1.00 ---
--- Save Epoch 1955, Loss=1.1692e-01, IC=9.1228e-03, Res=1.0780e-01, Beta=1.00 ---
[info] epoch 2000, lr=9.02e-04
... RAR IC , Max IC error: 0.4194, t: tensor(0.)
... RAR RES, Max residual error: 8.2627, t: tensor([[0.0781],
        [0.0882],
        [0.1879]])
--- Save Epoch 2216, Loss=1.0915e-01, IC=8.5877e-03, Res=1.0056e-01, Beta=1.00 ---
... RAR IC , Max IC error: 0.3609, t: tensor(0.)
... RAR RES, Max residual error: 3.3057, t: tensor([[0.1119],
        [0.1309],
        [0.1862]])
--- Save Epoch 2421, Loss=9.9391e-02, IC=1.0282e-02, Res=8.9110e-02, Beta=1.00 ---
... RAR IC , Max IC error: 0.4241, t: tensor(0.)
... RAR RES, Max residual error: 5.0421, t: tensor([[0.0898],
        [0.1190],
        [0.1990]])
--- Save Epoch 2656, Loss=9.1784e-02, IC=8.8657e-03, Res=8.2919e-02, Beta=1.00 ---
... RAR IC , Max IC error: 0.3914, t: tensor(0.)
... RAR RES, Max residual error: 5.8310, t: tensor([[0.1280],
        [0.1304],
        [0.1219]])
--- Save Epoch 2909, Loss=8.1844e-02, IC=8.6124e-03, Res=7.3232e-02, Beta=1.00 ---
[info] epoch 3000, lr=8.57e-04
... RAR IC , Max IC error: 0.3651, t: tensor(0.)
... RAR RES, Max residual error: 8.7884, t: tensor([[0.1950],
        [0.0959],
        [0.1099]])
--- Save Epoch 3051, Loss=7.4592e-02, IC=9.2102e-03, Res=6.5381e-02, Beta=1.00 ---
--- Save Epoch 3094, Loss=6.8158e-02, IC=7.6984e-03, Res=6.0459e-02, Beta=1.00 ---
... RAR IC , Max IC error: 0.3518, t: tensor(0.)
... RAR RES, Max residual error: 4.2168, t: tensor([[0.1153],
        [0.1859],
        [0.1997]])
--- Save Epoch 3371, Loss=6.4404e-02, IC=7.9706e-03, Res=5.6434e-02, Beta=1.00 ---
--- Save Epoch 3387, Loss=6.0140e-02, IC=8.3607e-03, Res=5.1780e-02, Beta=1.00 ---
... RAR IC , Max IC error: 0.3214, t: tensor(0.)
... RAR RES, Max residual error: 8.4390, t: tensor([[0.1165],
        [0.1081],
        [0.0792]])
--- Save Epoch 3691, Loss=5.5089e-02, IC=7.2521e-03, Res=4.7836e-02, Beta=1.00 ---
... RAR IC , Max IC error: 0.3296, t: tensor(0.)
... RAR RES, Max residual error: 5.5233, t: tensor([[0.1988],
        [0.1899],
        [0.1988]])
[info] epoch 4000, lr=8.15e-04
--- Save Epoch 4032, Loss=5.1054e-02, IC=6.7415e-03, Res=4.4313e-02, Beta=1.00 ---
... RAR IC , Max IC error: 0.3011, t: tensor(0.)
... RAR RES, Max residual error: 4.8458, t: tensor([[0.1011],
        [0.1955],
        [0.1335]])
--- Save Epoch 4424, Loss=4.6247e-02, IC=7.4148e-03, Res=3.8833e-02, Beta=1.00 ---
... RAR IC , Max IC error: 0.2492, t: tensor(0.)
... RAR RES, Max residual error: 5.0171, t: tensor([[0.0899],
        [0.0905],
        [0.1913]])
[info] epoch 5000, lr=7.74e-04
--- Save Epoch 5265, Loss=4.3320e-02, IC=5.8325e-03, Res=3.7487e-02, Beta=1.00 ---
... RAR IC , Max IC error: 0.3160, t: tensor(0.)
... RAR RES, Max residual error: 5.7215, t: tensor([[0.1071],
        [0.1345],
        [0.1121]])
--- Save Epoch 5473, Loss=3.5521e-02, IC=5.8443e-03, Res=2.9677e-02, Beta=1.00 ---
... RAR IC , Max IC error: 0.2236, t: tensor(0.)
... RAR RES, Max residual error: 7.2015, t: tensor([[0.1939],
        [0.0889],
        [0.1271]])
[info] epoch 6000, lr=7.35e-04
--- Save Epoch 6114, Loss=3.3735e-02, IC=4.8062e-03, Res=2.8929e-02, Beta=1.00 ---
... RAR IC , Max IC error: 0.2646, t: tensor(0.)
... RAR RES, Max residual error: 4.3414, t: tensor([[0.1174],
        [0.0954],
        [0.1991]])
[info] epoch 7000, lr=6.98e-04
--- Save Epoch 7019, Loss=3.0762e-02, IC=4.2471e-03, Res=2.6515e-02, Beta=1.00 ---
... RAR IC , Max IC error: 0.2107, t: tensor(0.)
... RAR RES, Max residual error: 6.8039, t: tensor([[0.0980],
        [0.1345],
        [0.0672]])
--- Save Epoch 7335, Loss=2.9180e-02, IC=3.8488e-03, Res=2.5331e-02, Beta=1.00 ---
--- Save Epoch 7369, Loss=2.4848e-02, IC=3.8109e-03, Res=2.1037e-02, Beta=1.00 ---
... RAR IC , Max IC error: 0.2140, t: tensor(0.)
... RAR RES, Max residual error: 5.8969, t: tensor([[0.1204],
        [0.1146],
        [0.1116]])
[info] epoch 8000, lr=6.63e-04
--- Save Epoch 8309, Loss=2.1784e-02, IC=3.4331e-03, Res=1.8351e-02, Beta=1.00 ---
... RAR IC , Max IC error: 0.1565, t: tensor(0.)
... RAR RES, Max residual error: 3.4094, t: tensor([[0.1280],
        [0.1964],
        [0.1996]])
[info] epoch 9000, lr=6.30e-04
--- Save Epoch 9038, Loss=2.0562e-02, IC=2.8356e-03, Res=1.7726e-02, Beta=1.00 ---
--- Save Epoch 9072, Loss=1.6198e-02, IC=2.8021e-03, Res=1.3396e-02, Beta=1.00 ---
... RAR IC , Max IC error: 0.1809, t: tensor(0.)
... RAR RES, Max residual error: 3.5239, t: tensor([[0.1982],
        [0.1989],
        [0.0415]])
[info] epoch 10000, lr=5.99e-04
[info] epoch 11000, lr=5.69e-04
--- Save Epoch 11411, Loss=1.4500e-02, IC=2.3163e-03, Res=1.2184e-02, Beta=1.00 ---
... RAR IC , Max IC error: 0.1806, t: tensor(0.)
... RAR RES, Max residual error: 5.5776, t: tensor([[0.1118],
        [0.1821],
        [0.1014]])
[info] epoch 12000, lr=5.40e-04
--- Save Epoch 12158, Loss=1.3505e-02, IC=1.9649e-03, Res=1.1540e-02, Beta=1.00 ---
... RAR IC , Max IC error: 0.1275, t: tensor(0.)
... RAR RES, Max residual error: 4.9801, t: tensor([[0.0848],
        [0.1421],
        [0.1649]])
--- Save Epoch 12756, Loss=1.2550e-02, IC=1.8136e-03, Res=1.0736e-02, Beta=1.00 ---
... RAR IC , Max IC error: 0.1162, t: tensor(0.)
... RAR RES, Max residual error: 5.9659, t: tensor([[0.0905],
        [0.1010],
        [0.1296]])
[info] epoch 13000, lr=5.13e-04
[info] epoch 14000, lr=4.88e-04
--- Save Epoch 14819, Loss=1.1191e-02, IC=1.5098e-03, Res=9.6811e-03, Beta=1.00 ---
... RAR IC , Max IC error: 0.1079, t: tensor(0.)
... RAR RES, Max residual error: 3.5263, t: tensor([[0.1103],
        [0.1083],
        [0.0944]])
[info] epoch 15000, lr=4.63e-04
--- Save Epoch 15180, Loss=1.0351e-02, IC=1.4175e-03, Res=8.9338e-03, Beta=1.00 ---
... RAR IC , Max IC error: 0.1025, t: tensor(0.)
... RAR RES, Max residual error: 2.7943, t: tensor([[0.1348],
        [0.1160],
        [0.1971]])
[info] epoch 16000, lr=4.40e-04
--- Save Epoch 16097, Loss=8.9978e-03, IC=1.1911e-03, Res=7.8067e-03, Beta=1.00 ---
... RAR IC , Max IC error: 0.0996, t: tensor(0.)
... RAR RES, Max residual error: 4.2481, t: tensor([[0.0851],
        [0.1117],
        [0.0780]])
[info] epoch 17000, lr=4.18e-04
--- Save Epoch 17042, Loss=7.9549e-03, IC=1.2209e-03, Res=6.7339e-03, Beta=1.00 ---
... RAR IC , Max IC error: 0.1247, t: tensor(0.)
... RAR RES, Max residual error: 9.3036, t: tensor([[0.0989],
        [0.0918],
        [0.0960]])
[info] epoch 18000, lr=3.97e-04
[info] epoch 19000, lr=3.77e-04
--- Save Epoch 19180, Loss=7.3000e-03, IC=8.6269e-04, Res=6.4373e-03, Beta=1.00 ---
... RAR IC , Max IC error: 0.0860, t: tensor(0.)
... RAR RES, Max residual error: 2.0222, t: tensor([[0.1996],
        [0.1948],
        [0.0956]])
[info] epoch 20000, lr=3.58e-04
===== logging end   2025-11-15 13:45:51 =====

===== logging start 2025-11-15 16:27:37 =====
--- Save Epoch 1, Loss=3.5206e+05, IC=3.6811e+04, Res=3.1525e+05, Beta=0.00 ---
... RAR IC , Max IC error: 262.5251, t: tensor(0.)
... RAR RES, Max residual error: 1407.8389, t: tensor([[0.1489],
        [0.1355],
        [0.1548]])
--- Save Epoch 2, Loss=3.3439e+05, IC=3.2826e+04, Res=3.0156e+05, Beta=0.02 ---
--- Save Epoch 3, Loss=3.1579e+05, IC=2.8873e+04, Res=2.8692e+05, Beta=0.04 ---
--- Save Epoch 4, Loss=2.5465e+05, IC=2.5002e+04, Res=2.2965e+05, Beta=0.06 ---
--- Save Epoch 5, Loss=2.3448e+05, IC=2.1554e+04, Res=2.1292e+05, Beta=0.08 ---
--- Save Epoch 6, Loss=1.9102e+05, IC=1.8488e+04, Res=1.7253e+05, Beta=0.10 ---
--- Save Epoch 8, Loss=1.1696e+05, IC=1.2809e+04, Res=1.0415e+05, Beta=0.12 ---
--- Save Epoch 9, Loss=1.0251e+05, IC=1.0352e+04, Res=9.2160e+04, Beta=0.14 ---
--- Save Epoch 10, Loss=7.0787e+04, IC=8.2878e+03, Res=6.2499e+04, Beta=0.16 ---
--- Save Epoch 12, Loss=4.1325e+04, IC=4.6948e+03, Res=3.6631e+04, Beta=0.18 ---
--- Save Epoch 13, Loss=3.3887e+04, IC=3.3271e+03, Res=3.0560e+04, Beta=0.20 ---
--- Save Epoch 14, Loss=2.6757e+04, IC=2.1871e+03, Res=2.4570e+04, Beta=0.22 ---
--- Save Epoch 15, Loss=1.8180e+04, IC=1.3241e+03, Res=1.6855e+04, Beta=0.24 ---
--- Save Epoch 16, Loss=1.4596e+04, IC=6.8634e+02, Res=1.3909e+04, Beta=0.26 ---
--- Save Epoch 17, Loss=1.2065e+04, IC=3.3232e+02, Res=1.1733e+04, Beta=0.28 ---
--- Save Epoch 27, Loss=1.1255e+04, IC=2.5558e+02, Res=1.0999e+04, Beta=0.30 ---
--- Save Epoch 28, Loss=9.3135e+03, IC=1.6696e+02, Res=9.1465e+03, Beta=0.32 ---
--- Save Epoch 29, Loss=6.8648e+03, IC=1.0325e+02, Res=6.7616e+03, Beta=0.34 ---
--- Save Epoch 30, Loss=5.8096e+03, IC=8.5649e+01, Res=5.7240e+03, Beta=0.36 ---
--- Save Epoch 39, Loss=5.0380e+03, IC=4.7586e+01, Res=4.9904e+03, Beta=0.38 ---
--- Save Epoch 41, Loss=4.7221e+03, IC=5.0022e+01, Res=4.6721e+03, Beta=0.40 ---
--- Save Epoch 45, Loss=4.3061e+03, IC=3.4021e+01, Res=4.2721e+03, Beta=0.42 ---
--- Save Epoch 46, Loss=3.7493e+03, IC=2.2970e+01, Res=3.7263e+03, Beta=0.44 ---
--- Save Epoch 51, Loss=3.4724e+03, IC=3.5145e+01, Res=3.4373e+03, Beta=0.46 ---
--- Save Epoch 52, Loss=2.9285e+03, IC=1.7433e+01, Res=2.9111e+03, Beta=0.48 ---
--- Save Epoch 57, Loss=2.7201e+03, IC=4.1096e+00, Res=2.7160e+03, Beta=0.50 ---
--- Save Epoch 58, Loss=2.5298e+03, IC=6.5757e+00, Res=2.5232e+03, Beta=0.52 ---
--- Save Epoch 60, Loss=2.3268e+03, IC=1.0067e+01, Res=2.3168e+03, Beta=0.54 ---
--- Save Epoch 62, Loss=2.0852e+03, IC=1.2550e+00, Res=2.0839e+03, Beta=0.56 ---
--- Save Epoch 63, Loss=1.9646e+03, IC=5.0742e+00, Res=1.9596e+03, Beta=0.58 ---
--- Save Epoch 65, Loss=1.7933e+03, IC=4.0467e+00, Res=1.7892e+03, Beta=0.60 ---
--- Save Epoch 66, Loss=1.6515e+03, IC=1.8102e+00, Res=1.6497e+03, Beta=0.62 ---
--- Save Epoch 67, Loss=1.4945e+03, IC=2.0981e+00, Res=1.4924e+03, Beta=0.64 ---
--- Save Epoch 68, Loss=1.3120e+03, IC=1.4992e+00, Res=1.3105e+03, Beta=0.66 ---
--- Save Epoch 69, Loss=1.2036e+03, IC=3.3163e+00, Res=1.2003e+03, Beta=0.68 ---
--- Save Epoch 70, Loss=1.0869e+03, IC=4.1843e+00, Res=1.0827e+03, Beta=0.70 ---
--- Save Epoch 71, Loss=8.8543e+02, IC=1.8706e+00, Res=8.8356e+02, Beta=0.72 ---
--- Save Epoch 73, Loss=8.1610e+02, IC=1.5685e+00, Res=8.1453e+02, Beta=0.74 ---
--- Save Epoch 74, Loss=7.0460e+02, IC=6.0464e-01, Res=7.0400e+02, Beta=0.76 ---
--- Save Epoch 75, Loss=5.9695e+02, IC=1.8201e+00, Res=5.9513e+02, Beta=0.78 ---
--- Save Epoch 76, Loss=5.1169e+02, IC=2.9598e+00, Res=5.0873e+02, Beta=0.80 ---
--- Save Epoch 77, Loss=4.1465e+02, IC=1.1926e+00, Res=4.1345e+02, Beta=0.82 ---
--- Save Epoch 78, Loss=3.8652e+02, IC=7.1023e-01, Res=3.8581e+02, Beta=0.84 ---
--- Save Epoch 79, Loss=3.5851e+02, IC=1.2863e+00, Res=3.5722e+02, Beta=0.86 ---
--- Save Epoch 80, Loss=2.5623e+02, IC=4.8622e-01, Res=2.5574e+02, Beta=0.88 ---
--- Save Epoch 81, Loss=1.8624e+02, IC=2.7176e+00, Res=1.8352e+02, Beta=0.90 ---
--- Save Epoch 82, Loss=1.6437e+02, IC=4.7014e+00, Res=1.5966e+02, Beta=0.92 ---
--- Save Epoch 83, Loss=1.1676e+02, IC=2.5951e+00, Res=1.1417e+02, Beta=0.94 ---
--- Save Epoch 84, Loss=1.0914e+02, IC=3.3460e-01, Res=1.0881e+02, Beta=0.96 ---
--- Save Epoch 86, Loss=6.6630e+01, IC=3.2727e-01, Res=6.6303e+01, Beta=0.98 ---
--- Save Epoch 90, Loss=5.9637e+01, IC=2.8194e-01, Res=5.9355e+01, Beta=1.00 ---
--- Save Epoch 92, Loss=4.4896e+01, IC=3.4213e-01, Res=4.4553e+01, Beta=1.00 ---
... RAR IC , Max IC error: 1.3906, t: tensor(0.)
... RAR RES, Max residual error: 27.8114, t: tensor([[0.0634],
        [0.0417],
        [0.0856]])
--- Save Epoch 105, Loss=4.0058e+01, IC=5.9014e-01, Res=3.9468e+01, Beta=1.00 ---
--- Save Epoch 107, Loss=3.4835e+01, IC=2.9701e-01, Res=3.4538e+01, Beta=1.00 ---
--- Save Epoch 113, Loss=2.5963e+01, IC=4.2310e-01, Res=2.5540e+01, Beta=1.00 ---
--- Save Epoch 140, Loss=1.9614e+01, IC=4.4341e-01, Res=1.9171e+01, Beta=1.00 ---
--- Save Epoch 152, Loss=1.8090e+01, IC=4.3634e-01, Res=1.7653e+01, Beta=1.00 ---
--- Save Epoch 164, Loss=1.7037e+01, IC=4.3460e-01, Res=1.6602e+01, Beta=1.00 ---
--- Save Epoch 176, Loss=1.5015e+01, IC=4.3807e-01, Res=1.4577e+01, Beta=1.00 ---
--- Save Epoch 188, Loss=1.3704e+01, IC=4.3536e-01, Res=1.3268e+01, Beta=1.00 ---
... RAR IC , Max IC error: 1.4675, t: tensor(0.)
... RAR RES, Max residual error: 19.0719, t: tensor([[0.1995],
        [0.0015],
        [0.0036]])
--- Save Epoch 224, Loss=1.2603e+01, IC=5.1547e-01, Res=1.2088e+01, Beta=1.00 ---
... RAR IC , Max IC error: 2.0553, t: tensor(0.)
... RAR RES, Max residual error: 23.0176, t: tensor([[0.0661],
        [0.0325],
        [0.0354]])
===== logging end   2025-11-15 16:28:26 =====

===== logging start 2025-11-15 16:28:35 =====
--- Save Epoch 1, Loss=1.3437e+04, IC=2.3528e+02, Res=1.3201e+04, Beta=0.00 ---
... RAR IC , Max IC error: 53.5280, t: tensor(0.)
... RAR RES, Max residual error: 562.6631, t: tensor([[0.0888],
        [0.1137],
        [0.1201]])
--- Save Epoch 4, Loss=1.2148e+04, IC=1.6567e+02, Res=1.1983e+04, Beta=0.02 ---
--- Save Epoch 9, Loss=1.1208e+04, IC=8.5078e+01, Res=1.1122e+04, Beta=0.04 ---
--- Save Epoch 12, Loss=1.0286e+04, IC=5.1327e+01, Res=1.0235e+04, Beta=0.06 ---
--- Save Epoch 17, Loss=9.4089e+03, IC=5.0450e+01, Res=9.3585e+03, Beta=0.08 ---
--- Save Epoch 29, Loss=8.8721e+03, IC=3.2550e+01, Res=8.8396e+03, Beta=0.10 ---
--- Save Epoch 36, Loss=8.2533e+03, IC=7.9328e+00, Res=8.2453e+03, Beta=0.12 ---
--- Save Epoch 52, Loss=7.7211e+03, IC=6.6812e+00, Res=7.7144e+03, Beta=0.14 ---
... RAR IC , Max IC error: 7.4247, t: tensor(0.)
... RAR RES, Max residual error: 383.7480, t: tensor([[0.0990],
        [0.1567],
        [0.0505]])
[info] epoch 1000, lr=9.50e-04
===== logging end   2025-11-15 16:32:12 =====

===== logging start 2025-11-15 16:37:41 =====
--- Save Epoch 1, Loss=5.2457e+04, IC=3.7133e+04, Res=1.5324e+04, Beta=0.00 ---
... RAR IC , Max IC error: 236.8415, t: tensor(0.)
... RAR RES, Max residual error: 501.7349, t: tensor([[0.1740],
        [0.1496],
        [0.1410]])
--- Save Epoch 2, Loss=4.4804e+04, IC=2.9287e+04, Res=1.5517e+04, Beta=0.02 ---
--- Save Epoch 3, Loss=3.6275e+04, IC=2.2234e+04, Res=1.4040e+04, Beta=0.04 ---
--- Save Epoch 4, Loss=2.9625e+04, IC=1.6061e+04, Res=1.3564e+04, Beta=0.06 ---
--- Save Epoch 5, Loss=2.4182e+04, IC=1.0974e+04, Res=1.3208e+04, Beta=0.08 ---
--- Save Epoch 6, Loss=1.9293e+04, IC=6.8997e+03, Res=1.2394e+04, Beta=0.10 ---
--- Save Epoch 7, Loss=1.4850e+04, IC=3.7233e+03, Res=1.1127e+04, Beta=0.12 ---
--- Save Epoch 8, Loss=1.1868e+04, IC=1.5668e+03, Res=1.0301e+04, Beta=0.14 ---
--- Save Epoch 9, Loss=1.0336e+04, IC=3.4480e+02, Res=9.9909e+03, Beta=0.16 ---
--- Save Epoch 10, Loss=9.3272e+03, IC=6.9616e+01, Res=9.2575e+03, Beta=0.18 ---
--- Save Epoch 18, Loss=8.0466e+03, IC=2.9894e+02, Res=7.7477e+03, Beta=0.20 ---
--- Save Epoch 19, Loss=6.9472e+03, IC=9.0887e+01, Res=6.8563e+03, Beta=0.22 ---
--- Save Epoch 27, Loss=6.5304e+03, IC=7.7508e+01, Res=6.4529e+03, Beta=0.24 ---
--- Save Epoch 29, Loss=6.1609e+03, IC=1.0170e+02, Res=6.0592e+03, Beta=0.26 ---
--- Save Epoch 31, Loss=5.6809e+03, IC=1.1660e+02, Res=5.5643e+03, Beta=0.28 ---
--- Save Epoch 33, Loss=5.3681e+03, IC=5.0223e+01, Res=5.3179e+03, Beta=0.30 ---
--- Save Epoch 34, Loss=5.0744e+03, IC=7.8012e+01, Res=4.9964e+03, Beta=0.32 ---
--- Save Epoch 38, Loss=4.7803e+03, IC=8.6901e+01, Res=4.6934e+03, Beta=0.34 ---
--- Save Epoch 42, Loss=4.4358e+03, IC=5.0679e+01, Res=4.3852e+03, Beta=0.36 ---
--- Save Epoch 45, Loss=3.9545e+03, IC=8.8623e+01, Res=3.8658e+03, Beta=0.38 ---
--- Save Epoch 53, Loss=3.7401e+03, IC=3.4778e+01, Res=3.7054e+03, Beta=0.40 ---
--- Save Epoch 55, Loss=3.4824e+03, IC=6.6958e+01, Res=3.4155e+03, Beta=0.42 ---
--- Save Epoch 58, Loss=3.1413e+03, IC=3.3563e+01, Res=3.1077e+03, Beta=0.44 ---
--- Save Epoch 59, Loss=2.9311e+03, IC=2.7832e+01, Res=2.9032e+03, Beta=0.46 ---
--- Save Epoch 82, Loss=2.7331e+03, IC=9.8204e+00, Res=2.7232e+03, Beta=0.48 ---
--- Save Epoch 83, Loss=2.5102e+03, IC=8.3861e+00, Res=2.5018e+03, Beta=0.50 ---
--- Save Epoch 84, Loss=2.3641e+03, IC=7.1453e+00, Res=2.3570e+03, Beta=0.52 ---
--- Save Epoch 87, Loss=2.2350e+03, IC=6.5752e+00, Res=2.2284e+03, Beta=0.54 ---
--- Save Epoch 90, Loss=2.1101e+03, IC=1.1271e+01, Res=2.0988e+03, Beta=0.56 ---
--- Save Epoch 91, Loss=1.9361e+03, IC=4.2962e+00, Res=1.9318e+03, Beta=0.58 ---
--- Save Epoch 92, Loss=1.7200e+03, IC=2.0684e+01, Res=1.6993e+03, Beta=0.60 ---
--- Save Epoch 95, Loss=1.5900e+03, IC=7.3358e+00, Res=1.5826e+03, Beta=0.62 ---
--- Save Epoch 96, Loss=1.4411e+03, IC=1.1765e+01, Res=1.4293e+03, Beta=0.64 ---
--- Save Epoch 100, Loss=1.3418e+03, IC=6.1005e+00, Res=1.3357e+03, Beta=0.66 ---
... RAR IC , Max IC error: 7.1795, t: tensor(0.)
... RAR RES, Max residual error: 145.8564, t: tensor([[0.1976],
        [0.0264],
        [0.0460]])
--- Save Epoch 103, Loss=1.2671e+03, IC=3.2137e+00, Res=1.2639e+03, Beta=0.68 ---
--- Save Epoch 104, Loss=1.1892e+03, IC=1.5778e+01, Res=1.1734e+03, Beta=0.70 ---
--- Save Epoch 106, Loss=1.0815e+03, IC=1.7183e+01, Res=1.0643e+03, Beta=0.72 ---
--- Save Epoch 107, Loss=8.4240e+02, IC=2.8343e+00, Res=8.3956e+02, Beta=0.74 ---
--- Save Epoch 115, Loss=7.9217e+02, IC=4.1205e+00, Res=7.8805e+02, Beta=0.76 ---
--- Save Epoch 116, Loss=6.3770e+02, IC=5.1507e+00, Res=6.3254e+02, Beta=0.78 ---
--- Save Epoch 117, Loss=5.6774e+02, IC=1.6826e+00, Res=5.6606e+02, Beta=0.80 ---
--- Save Epoch 118, Loss=4.4644e+02, IC=2.1631e+00, Res=4.4427e+02, Beta=0.82 ---
--- Save Epoch 121, Loss=3.8595e+02, IC=2.1848e+00, Res=3.8377e+02, Beta=0.84 ---
--- Save Epoch 122, Loss=3.3066e+02, IC=1.8839e+00, Res=3.2878e+02, Beta=0.86 ---
--- Save Epoch 123, Loss=3.0306e+02, IC=5.1514e+00, Res=2.9791e+02, Beta=0.88 ---
--- Save Epoch 124, Loss=2.3862e+02, IC=3.0999e+00, Res=2.3552e+02, Beta=0.90 ---
--- Save Epoch 127, Loss=2.1921e+02, IC=1.2826e+00, Res=2.1793e+02, Beta=0.92 ---
--- Save Epoch 133, Loss=1.8132e+02, IC=1.8537e+00, Res=1.7946e+02, Beta=0.94 ---
--- Save Epoch 142, Loss=1.0806e+02, IC=2.5478e+00, Res=1.0551e+02, Beta=0.96 ---
--- Save Epoch 149, Loss=8.3652e+01, IC=1.5914e+00, Res=8.2061e+01, Beta=0.98 ---
--- Save Epoch 157, Loss=7.3149e+01, IC=8.0241e-01, Res=7.2347e+01, Beta=1.00 ---
--- Save Epoch 162, Loss=6.5463e+01, IC=3.2527e+00, Res=6.2210e+01, Beta=1.00 ---
--- Save Epoch 172, Loss=5.5689e+01, IC=4.6786e-01, Res=5.5221e+01, Beta=1.00 ---
--- Save Epoch 173, Loss=5.2691e+01, IC=5.9803e-01, Res=5.2093e+01, Beta=1.00 ---
--- Save Epoch 176, Loss=4.5775e+01, IC=6.4247e-01, Res=4.5133e+01, Beta=1.00 ---
--- Save Epoch 177, Loss=3.7388e+01, IC=7.6745e-01, Res=3.6620e+01, Beta=1.00 ---
--- Save Epoch 181, Loss=3.5103e+01, IC=6.8629e-01, Res=3.4417e+01, Beta=1.00 ---
--- Save Epoch 191, Loss=2.9183e+01, IC=1.6620e+00, Res=2.7521e+01, Beta=1.00 ---
... RAR IC , Max IC error: 1.3833, t: tensor(0.)
... RAR RES, Max residual error: 30.9804, t: tensor([[0.1955],
        [0.1958],
        [0.1753]])
--- Save Epoch 209, Loss=2.2626e+01, IC=2.5231e-01, Res=2.2374e+01, Beta=1.00 ---
--- Save Epoch 223, Loss=2.1109e+01, IC=8.5948e-01, Res=2.0250e+01, Beta=1.00 ---
--- Save Epoch 233, Loss=1.9591e+01, IC=1.1006e-01, Res=1.9481e+01, Beta=1.00 ---
--- Save Epoch 247, Loss=1.5780e+01, IC=6.8899e-01, Res=1.5091e+01, Beta=1.00 ---
--- Save Epoch 277, Loss=1.4406e+01, IC=4.9081e-02, Res=1.4357e+01, Beta=1.00 ---
... RAR IC , Max IC error: 1.6258, t: tensor(0.)
... RAR RES, Max residual error: 29.1543, t: tensor([[0.0075],
        [0.1963],
        [0.1909]])
[info] epoch 1000, lr=9.50e-04
--- Save Epoch 1117, Loss=1.3522e+01, IC=5.5019e-01, Res=1.2972e+01, Beta=1.00 ---
... RAR IC , Max IC error: 1.0299, t: tensor(0.)
... RAR RES, Max residual error: 20.4168, t: tensor([[0.1956],
        [0.1991],
        [0.1913]])
--- Save Epoch 1631, Loss=1.2838e+01, IC=6.3024e-01, Res=1.2208e+01, Beta=1.00 ---
... RAR IC , Max IC error: 1.0762, t: tensor(0.)
... RAR RES, Max residual error: 16.5810, t: tensor([[0.1979],
        [0.1974],
        [0.1971]])
--- Save Epoch 1893, Loss=1.2096e+01, IC=4.7562e-01, Res=1.1620e+01, Beta=1.00 ---
... RAR IC , Max IC error: 1.0195, t: tensor(0.)
... RAR RES, Max residual error: 13.9369, t: tensor([[0.1892],
        [0.1995],
        [0.1993]])
[info] epoch 2000, lr=9.02e-04
--- Save Epoch 2003, Loss=1.0005e+01, IC=4.4431e-01, Res=9.5611e+00, Beta=1.00 ---
... RAR IC , Max IC error: 0.9420, t: tensor(0.)
... RAR RES, Max residual error: 12.3067, t: tensor([[0.1982],
        [0.0024],
        [0.1930]])
--- Save Epoch 2315, Loss=9.2635e+00, IC=3.7410e-01, Res=8.8894e+00, Beta=1.00 ---
... RAR IC , Max IC error: 0.8428, t: tensor(0.)
... RAR RES, Max residual error: 17.6573, t: tensor([[0.1995],
        [0.2000],
        [0.1924]])
--- Save Epoch 2475, Loss=8.7509e+00, IC=3.1520e-01, Res=8.4357e+00, Beta=1.00 ---
... RAR IC , Max IC error: 0.8153, t: tensor(0.)
... RAR RES, Max residual error: 10.4170, t: tensor([[0.1948],
        [0.1933],
        [0.1893]])
--- Save Epoch 2595, Loss=7.9569e+00, IC=2.9656e-01, Res=7.6604e+00, Beta=1.00 ---
... RAR IC , Max IC error: 0.7735, t: tensor(0.)
... RAR RES, Max residual error: 15.4703, t: tensor([[0.1959],
        [0.1978],
        [0.1985]])
===== logging end   2025-11-15 16:46:22 =====

===== logging start 2025-11-15 16:46:26 =====
--- Save Epoch 1, Loss=1.0520e+04, IC=2.7234e+02, Res=1.0247e+04, Beta=0.00 ---
... RAR IC , Max IC error: 25.2764, t: tensor(0.)
... RAR RES, Max residual error: 442.4008, t: tensor([[0.1935],
        [0.0130],
        [0.0706]])
--- Save Epoch 19, Loss=9.9798e+03, IC=6.9839e+00, Res=9.9728e+03, Beta=0.02 ---
--- Save Epoch 30, Loss=9.4570e+03, IC=9.2054e+00, Res=9.4478e+03, Beta=0.04 ---
--- Save Epoch 48, Loss=8.9630e+03, IC=1.7245e+01, Res=8.9457e+03, Beta=0.06 ---
--- Save Epoch 58, Loss=8.3574e+03, IC=1.8795e+01, Res=8.3386e+03, Beta=0.08 ---
... RAR IC , Max IC error: 19.5020, t: tensor(0.)
... RAR RES, Max residual error: 395.0065, t: tensor([[0.0858],
        [0.0026],
        [0.0379]])
===== logging end   2025-11-15 16:47:10 =====

===== logging start 2025-11-15 16:47:24 =====
--- Save Epoch 1, Loss=3.2188e+04, IC=2.1396e+04, Res=1.0792e+04, Beta=0.00 ---
... RAR IC , Max IC error: 170.2336, t: tensor(0.)
... RAR RES, Max residual error: 509.1493, t: tensor([[0.1818],
        [0.1772],
        [0.1808]])
--- Save Epoch 2, Loss=2.5230e+04, IC=1.2095e+04, Res=1.3135e+04, Beta=0.02 ---
--- Save Epoch 3, Loss=1.7319e+04, IC=6.6361e+03, Res=1.0683e+04, Beta=0.04 ---
--- Save Epoch 4, Loss=1.5131e+04, IC=2.7867e+03, Res=1.2345e+04, Beta=0.06 ---
--- Save Epoch 5, Loss=1.2064e+04, IC=8.0825e+02, Res=1.1255e+04, Beta=0.08 ---
--- Save Epoch 6, Loss=1.0302e+04, IC=4.9188e+02, Res=9.8104e+03, Beta=0.10 ---
--- Save Epoch 7, Loss=9.6686e+03, IC=5.9376e+02, Res=9.0748e+03, Beta=0.12 ---
--- Save Epoch 13, Loss=8.7944e+03, IC=1.2658e+02, Res=8.6678e+03, Beta=0.14 ---
--- Save Epoch 14, Loss=7.6875e+03, IC=1.2017e+02, Res=7.5673e+03, Beta=0.16 ---
--- Save Epoch 15, Loss=7.2562e+03, IC=8.7614e+01, Res=7.1685e+03, Beta=0.18 ---
--- Save Epoch 22, Loss=6.7650e+03, IC=6.5648e+01, Res=6.6994e+03, Beta=0.20 ---
--- Save Epoch 30, Loss=6.3924e+03, IC=2.5072e+01, Res=6.3674e+03, Beta=0.22 ---
--- Save Epoch 33, Loss=5.7043e+03, IC=1.8718e+01, Res=5.6856e+03, Beta=0.24 ---
--- Save Epoch 47, Loss=5.3061e+03, IC=6.5413e+00, Res=5.2996e+03, Beta=0.26 ---
--- Save Epoch 84, Loss=4.8074e+03, IC=5.5624e+00, Res=4.8018e+03, Beta=0.28 ---
... RAR IC , Max IC error: 8.8258, t: tensor(0.)
... RAR RES, Max residual error: 312.8200, t: tensor([[0.0498],
        [0.1927],
        [0.0760]])
===== logging end   2025-11-15 16:49:43 =====

===== logging start 2025-11-15 16:49:56 =====
--- Save Epoch 1, Loss=1.9941e+04, IC=1.0219e+04, Res=9.7222e+03, Beta=0.00 ---
... RAR IC , Max IC error: 107.8918, t: tensor(0.)
... RAR RES, Max residual error: 446.6303, t: tensor([[0.0628],
        [0.0417],
        [0.1772]])
--- Save Epoch 2, Loss=1.2764e+04, IC=1.8684e+03, Res=1.0896e+04, Beta=0.02 ---
--- Save Epoch 3, Loss=1.1805e+04, IC=1.7154e+03, Res=1.0089e+04, Beta=0.04 ---
--- Save Epoch 6, Loss=1.0277e+04, IC=3.4324e+02, Res=9.9339e+03, Beta=0.06 ---
--- Save Epoch 7, Loss=9.7063e+03, IC=5.1845e+02, Res=9.1879e+03, Beta=0.08 ---
--- Save Epoch 14, Loss=8.8139e+03, IC=1.4491e+02, Res=8.6690e+03, Beta=0.10 ---
--- Save Epoch 16, Loss=8.2768e+03, IC=8.1041e+01, Res=8.1958e+03, Beta=0.12 ---
--- Save Epoch 21, Loss=7.6252e+03, IC=4.2540e+01, Res=7.5827e+03, Beta=0.14 ---
--- Save Epoch 33, Loss=7.0648e+03, IC=3.6352e+01, Res=7.0284e+03, Beta=0.16 ---
--- Save Epoch 36, Loss=6.7115e+03, IC=2.1706e+01, Res=6.6897e+03, Beta=0.18 ---
--- Save Epoch 47, Loss=6.3027e+03, IC=2.1738e+01, Res=6.2809e+03, Beta=0.20 ---
--- Save Epoch 61, Loss=5.8436e+03, IC=1.6531e+01, Res=5.8271e+03, Beta=0.22 ---
--- Save Epoch 84, Loss=5.3789e+03, IC=1.0959e+01, Res=5.3679e+03, Beta=0.24 ---
... RAR IC , Max IC error: 16.8205, t: tensor(0.)
... RAR RES, Max residual error: 320.9398, t: tensor([[0.1927],
        [0.0498],
        [0.1740]])
===== logging end   2025-11-15 16:51:25 =====

===== logging start 2025-11-15 16:51:47 =====
--- Save Epoch 1, Loss=5.2457e+04, IC=3.7133e+04, Res=1.5324e+04, Beta=0.00 ---
... RAR IC , Max IC error: 236.8415, t: tensor(0.)
... RAR RES, Max residual error: 501.7349, t: tensor([[0.1740],
        [0.1496],
        [0.1410]])
--- Save Epoch 2, Loss=4.4804e+04, IC=2.9287e+04, Res=1.5517e+04, Beta=0.02 ---
--- Save Epoch 3, Loss=3.6275e+04, IC=2.2234e+04, Res=1.4040e+04, Beta=0.04 ---
--- Save Epoch 4, Loss=2.9625e+04, IC=1.6061e+04, Res=1.3564e+04, Beta=0.06 ---
--- Save Epoch 5, Loss=2.4182e+04, IC=1.0974e+04, Res=1.3208e+04, Beta=0.08 ---
--- Save Epoch 6, Loss=1.9293e+04, IC=6.8997e+03, Res=1.2394e+04, Beta=0.10 ---
--- Save Epoch 7, Loss=1.4850e+04, IC=3.7233e+03, Res=1.1127e+04, Beta=0.12 ---
--- Save Epoch 8, Loss=1.1868e+04, IC=1.5668e+03, Res=1.0301e+04, Beta=0.14 ---
--- Save Epoch 9, Loss=1.0336e+04, IC=3.4480e+02, Res=9.9909e+03, Beta=0.16 ---
--- Save Epoch 10, Loss=9.3272e+03, IC=6.9616e+01, Res=9.2575e+03, Beta=0.18 ---
--- Save Epoch 18, Loss=8.0466e+03, IC=2.9894e+02, Res=7.7477e+03, Beta=0.20 ---
--- Save Epoch 19, Loss=6.9472e+03, IC=9.0887e+01, Res=6.8563e+03, Beta=0.22 ---
--- Save Epoch 27, Loss=6.5304e+03, IC=7.7508e+01, Res=6.4529e+03, Beta=0.24 ---
--- Save Epoch 29, Loss=6.1609e+03, IC=1.0170e+02, Res=6.0592e+03, Beta=0.26 ---
--- Save Epoch 31, Loss=5.6809e+03, IC=1.1660e+02, Res=5.5643e+03, Beta=0.28 ---
--- Save Epoch 33, Loss=5.3681e+03, IC=5.0223e+01, Res=5.3179e+03, Beta=0.30 ---
--- Save Epoch 34, Loss=5.0744e+03, IC=7.8012e+01, Res=4.9964e+03, Beta=0.32 ---
--- Save Epoch 38, Loss=4.7803e+03, IC=8.6901e+01, Res=4.6934e+03, Beta=0.34 ---
--- Save Epoch 42, Loss=4.4358e+03, IC=5.0679e+01, Res=4.3852e+03, Beta=0.36 ---
--- Save Epoch 45, Loss=3.9545e+03, IC=8.8623e+01, Res=3.8658e+03, Beta=0.38 ---
--- Save Epoch 53, Loss=3.7401e+03, IC=3.4778e+01, Res=3.7054e+03, Beta=0.40 ---
--- Save Epoch 55, Loss=3.4824e+03, IC=6.6958e+01, Res=3.4155e+03, Beta=0.42 ---
--- Save Epoch 58, Loss=3.1413e+03, IC=3.3563e+01, Res=3.1077e+03, Beta=0.44 ---
--- Save Epoch 59, Loss=2.9311e+03, IC=2.7832e+01, Res=2.9032e+03, Beta=0.46 ---
--- Save Epoch 82, Loss=2.7331e+03, IC=9.8204e+00, Res=2.7232e+03, Beta=0.48 ---
--- Save Epoch 83, Loss=2.5102e+03, IC=8.3861e+00, Res=2.5018e+03, Beta=0.50 ---
--- Save Epoch 84, Loss=2.3641e+03, IC=7.1453e+00, Res=2.3570e+03, Beta=0.52 ---
--- Save Epoch 87, Loss=2.2350e+03, IC=6.5752e+00, Res=2.2284e+03, Beta=0.54 ---
--- Save Epoch 90, Loss=2.1101e+03, IC=1.1271e+01, Res=2.0988e+03, Beta=0.56 ---
--- Save Epoch 91, Loss=1.9361e+03, IC=4.2962e+00, Res=1.9318e+03, Beta=0.58 ---
--- Save Epoch 92, Loss=1.7200e+03, IC=2.0684e+01, Res=1.6993e+03, Beta=0.60 ---
--- Save Epoch 95, Loss=1.5900e+03, IC=7.3358e+00, Res=1.5826e+03, Beta=0.62 ---
--- Save Epoch 96, Loss=1.4411e+03, IC=1.1765e+01, Res=1.4293e+03, Beta=0.64 ---
--- Save Epoch 100, Loss=1.3418e+03, IC=6.1005e+00, Res=1.3357e+03, Beta=0.66 ---
... RAR IC , Max IC error: 7.1795, t: tensor(0.)
... RAR RES, Max residual error: 145.8564, t: tensor([[0.1976],
        [0.0264],
        [0.0460]])
--- Save Epoch 103, Loss=1.2671e+03, IC=3.2137e+00, Res=1.2639e+03, Beta=0.68 ---
--- Save Epoch 104, Loss=1.1892e+03, IC=1.5778e+01, Res=1.1734e+03, Beta=0.70 ---
--- Save Epoch 106, Loss=1.0815e+03, IC=1.7183e+01, Res=1.0643e+03, Beta=0.72 ---
--- Save Epoch 107, Loss=8.4240e+02, IC=2.8343e+00, Res=8.3956e+02, Beta=0.74 ---
--- Save Epoch 115, Loss=7.9217e+02, IC=4.1205e+00, Res=7.8805e+02, Beta=0.76 ---
--- Save Epoch 116, Loss=6.3770e+02, IC=5.1507e+00, Res=6.3254e+02, Beta=0.78 ---
--- Save Epoch 117, Loss=5.6774e+02, IC=1.6826e+00, Res=5.6606e+02, Beta=0.80 ---
--- Save Epoch 118, Loss=4.4644e+02, IC=2.1631e+00, Res=4.4427e+02, Beta=0.82 ---
--- Save Epoch 121, Loss=3.8595e+02, IC=2.1848e+00, Res=3.8377e+02, Beta=0.84 ---
--- Save Epoch 122, Loss=3.3066e+02, IC=1.8839e+00, Res=3.2878e+02, Beta=0.86 ---
--- Save Epoch 123, Loss=3.0306e+02, IC=5.1514e+00, Res=2.9791e+02, Beta=0.88 ---
--- Save Epoch 124, Loss=2.3862e+02, IC=3.0999e+00, Res=2.3552e+02, Beta=0.90 ---
--- Save Epoch 127, Loss=2.1921e+02, IC=1.2826e+00, Res=2.1793e+02, Beta=0.92 ---
--- Save Epoch 133, Loss=1.8132e+02, IC=1.8537e+00, Res=1.7946e+02, Beta=0.94 ---
--- Save Epoch 142, Loss=1.0806e+02, IC=2.5478e+00, Res=1.0551e+02, Beta=0.96 ---
--- Save Epoch 149, Loss=8.3652e+01, IC=1.5914e+00, Res=8.2061e+01, Beta=0.98 ---
--- Save Epoch 157, Loss=7.3149e+01, IC=8.0241e-01, Res=7.2347e+01, Beta=1.00 ---
--- Save Epoch 162, Loss=6.5463e+01, IC=3.2527e+00, Res=6.2210e+01, Beta=1.00 ---
--- Save Epoch 172, Loss=5.5689e+01, IC=4.6786e-01, Res=5.5221e+01, Beta=1.00 ---
--- Save Epoch 173, Loss=5.2691e+01, IC=5.9803e-01, Res=5.2093e+01, Beta=1.00 ---
--- Save Epoch 176, Loss=4.5775e+01, IC=6.4247e-01, Res=4.5133e+01, Beta=1.00 ---
--- Save Epoch 177, Loss=3.7388e+01, IC=7.6745e-01, Res=3.6620e+01, Beta=1.00 ---
--- Save Epoch 181, Loss=3.5103e+01, IC=6.8629e-01, Res=3.4417e+01, Beta=1.00 ---
--- Save Epoch 191, Loss=2.9183e+01, IC=1.6620e+00, Res=2.7521e+01, Beta=1.00 ---
... RAR IC , Max IC error: 1.3833, t: tensor(0.)
... RAR RES, Max residual error: 30.9804, t: tensor([[0.1955],
        [0.1958],
        [0.1753]])
--- Save Epoch 209, Loss=2.2626e+01, IC=2.5231e-01, Res=2.2374e+01, Beta=1.00 ---
--- Save Epoch 223, Loss=2.1109e+01, IC=8.5948e-01, Res=2.0250e+01, Beta=1.00 ---
--- Save Epoch 233, Loss=1.9591e+01, IC=1.1006e-01, Res=1.9481e+01, Beta=1.00 ---
--- Save Epoch 247, Loss=1.5780e+01, IC=6.8899e-01, Res=1.5091e+01, Beta=1.00 ---
--- Save Epoch 277, Loss=1.4406e+01, IC=4.9081e-02, Res=1.4357e+01, Beta=1.00 ---
... RAR IC , Max IC error: 1.6258, t: tensor(0.)
... RAR RES, Max residual error: 29.1543, t: tensor([[0.0075],
        [0.1963],
        [0.1909]])
[info] epoch 1000, lr=9.50e-04
--- Save Epoch 1117, Loss=1.3522e+01, IC=5.5019e-01, Res=1.2972e+01, Beta=1.00 ---
... RAR IC , Max IC error: 1.0299, t: tensor(0.)
... RAR RES, Max residual error: 20.4168, t: tensor([[0.1956],
        [0.1991],
        [0.1913]])
--- Save Epoch 1631, Loss=1.2838e+01, IC=6.3024e-01, Res=1.2208e+01, Beta=1.00 ---
... RAR IC , Max IC error: 1.0762, t: tensor(0.)
... RAR RES, Max residual error: 16.5810, t: tensor([[0.1979],
        [0.1974],
        [0.1971]])
--- Save Epoch 1893, Loss=1.2096e+01, IC=4.7562e-01, Res=1.1620e+01, Beta=1.00 ---
... RAR IC , Max IC error: 1.0195, t: tensor(0.)
... RAR RES, Max residual error: 13.9369, t: tensor([[0.1892],
        [0.1995],
        [0.1993]])
[info] epoch 2000, lr=9.02e-04
--- Save Epoch 2003, Loss=1.0005e+01, IC=4.4431e-01, Res=9.5611e+00, Beta=1.00 ---
... RAR IC , Max IC error: 0.9420, t: tensor(0.)
... RAR RES, Max residual error: 12.3067, t: tensor([[0.1982],
        [0.0024],
        [0.1930]])
--- Save Epoch 2315, Loss=9.2635e+00, IC=3.7410e-01, Res=8.8894e+00, Beta=1.00 ---
... RAR IC , Max IC error: 0.8428, t: tensor(0.)
... RAR RES, Max residual error: 17.6573, t: tensor([[0.1995],
        [0.2000],
        [0.1924]])
--- Save Epoch 2475, Loss=8.7509e+00, IC=3.1520e-01, Res=8.4357e+00, Beta=1.00 ---
... RAR IC , Max IC error: 0.8153, t: tensor(0.)
... RAR RES, Max residual error: 10.4170, t: tensor([[0.1948],
        [0.1933],
        [0.1893]])
--- Save Epoch 2595, Loss=7.9569e+00, IC=2.9656e-01, Res=7.6604e+00, Beta=1.00 ---
... RAR IC , Max IC error: 0.7735, t: tensor(0.)
... RAR RES, Max residual error: 15.4703, t: tensor([[0.1959],
        [0.1978],
        [0.1985]])
--- Save Epoch 2727, Loss=7.4893e+00, IC=2.5682e-01, Res=7.2325e+00, Beta=1.00 ---
--- Save Epoch 2799, Loss=6.8126e+00, IC=2.2678e-01, Res=6.5858e+00, Beta=1.00 ---
... RAR IC , Max IC error: 0.6571, t: tensor(0.)
... RAR RES, Max residual error: 10.4491, t: tensor([[0.1981],
        [0.1716],
        [0.1832]])
--- Save Epoch 2871, Loss=6.2370e+00, IC=2.1106e-01, Res=6.0259e+00, Beta=1.00 ---
--- Save Epoch 2899, Loss=5.8846e+00, IC=1.9460e-01, Res=5.6900e+00, Beta=1.00 ---
... RAR IC , Max IC error: 0.5868, t: tensor(0.)
... RAR RES, Max residual error: 13.1889, t: tensor([[0.1961],
        [0.1960],
        [0.0659]])
--- Save Epoch 2947, Loss=5.4665e+00, IC=1.7780e-01, Res=5.2887e+00, Beta=1.00 ---
--- Save Epoch 2999, Loss=5.1785e+00, IC=1.5724e-01, Res=5.0212e+00, Beta=1.00 ---
[info] epoch 3000, lr=8.57e-04
... RAR IC , Max IC error: 0.5236, t: tensor(0.)
... RAR RES, Max residual error: 7.7540, t: tensor([[0.1985],
        [0.1989],
        [0.1916]])
--- Save Epoch 3003, Loss=4.8053e+00, IC=1.1672e-01, Res=4.6886e+00, Beta=1.00 ---
--- Save Epoch 3011, Loss=4.3498e+00, IC=1.2966e-01, Res=4.2202e+00, Beta=1.00 ---
--- Save Epoch 3047, Loss=4.0096e+00, IC=1.1877e-01, Res=3.8908e+00, Beta=1.00 ---
--- Save Epoch 3071, Loss=3.7849e+00, IC=1.0710e-01, Res=3.6778e+00, Beta=1.00 ---
--- Save Epoch 3099, Loss=3.5544e+00, IC=9.7206e-02, Res=3.4572e+00, Beta=1.00 ---
... RAR IC , Max IC error: 0.4512, t: tensor(0.)
... RAR RES, Max residual error: 8.2915, t: tensor([[0.1948],
        [0.1999],
        [0.1999]])
--- Save Epoch 3131, Loss=3.3613e+00, IC=8.9498e-02, Res=3.2718e+00, Beta=1.00 ---
--- Save Epoch 3143, Loss=3.1889e+00, IC=8.2765e-02, Res=3.1062e+00, Beta=1.00 ---
--- Save Epoch 3171, Loss=3.0053e+00, IC=7.3437e-02, Res=2.9319e+00, Beta=1.00 ---
--- Save Epoch 3187, Loss=2.6107e+00, IC=6.4314e-02, Res=2.5464e+00, Beta=1.00 ---
... RAR IC , Max IC error: 0.3671, t: tensor(0.)
... RAR RES, Max residual error: 8.3674, t: tensor([[0.0900],
        [0.1962],
        [0.1966]])
--- Save Epoch 3231, Loss=2.4767e+00, IC=5.5232e-02, Res=2.4214e+00, Beta=1.00 ---
--- Save Epoch 3239, Loss=2.3026e+00, IC=5.2511e-02, Res=2.2501e+00, Beta=1.00 ---
--- Save Epoch 3267, Loss=2.1749e+00, IC=4.1891e-02, Res=2.1330e+00, Beta=1.00 ---
--- Save Epoch 3275, Loss=2.0447e+00, IC=3.8141e-02, Res=2.0066e+00, Beta=1.00 ---
--- Save Epoch 3295, Loss=1.9030e+00, IC=3.1022e-02, Res=1.8720e+00, Beta=1.00 ---
... RAR IC , Max IC error: 0.2557, t: tensor(0.)
... RAR RES, Max residual error: 9.7298, t: tensor([[0.0742],
        [0.1923],
        [0.0677]])
--- Save Epoch 3319, Loss=1.7910e+00, IC=2.2511e-02, Res=1.7684e+00, Beta=1.00 ---
--- Save Epoch 3335, Loss=1.6497e+00, IC=1.7641e-02, Res=1.6320e+00, Beta=1.00 ---
--- Save Epoch 3359, Loss=1.5314e+00, IC=9.9087e-03, Res=1.5215e+00, Beta=1.00 ---
--- Save Epoch 3374, Loss=1.4377e+00, IC=8.4056e-03, Res=1.4293e+00, Beta=1.00 ---
--- Save Epoch 3391, Loss=1.3479e+00, IC=3.3996e-03, Res=1.3445e+00, Beta=1.00 ---
--- Save Epoch 3399, Loss=1.2745e+00, IC=2.0013e-03, Res=1.2725e+00, Beta=1.00 ---
... RAR IC , Max IC error: 0.0760, t: tensor(0.)
... RAR RES, Max residual error: 10.8051, t: tensor([[0.1930],
        [0.1986],
        [0.0699]])
[info] epoch 4000, lr=8.15e-04
[info] epoch 5000, lr=7.74e-04
--- Save Epoch 5654, Loss=1.2105e+00, IC=8.1983e-04, Res=1.2097e+00, Beta=1.00 ---
... RAR IC , Max IC error: 0.0686, t: tensor(0.)
... RAR RES, Max residual error: 12.6801, t: tensor([[0.1999],
        [0.1990],
        [0.1999]])
[info] epoch 6000, lr=7.35e-04
[info] epoch 7000, lr=6.98e-04
[info] epoch 8000, lr=6.63e-04
[info] epoch 9000, lr=6.30e-04
[info] epoch 10000, lr=5.99e-04
[info] epoch 11000, lr=5.69e-04
[info] epoch 12000, lr=5.40e-04
[info] epoch 13000, lr=5.13e-04
[info] epoch 14000, lr=4.88e-04
[info] epoch 15000, lr=4.63e-04
--- Save Epoch 15561, Loss=1.1438e+00, IC=1.1134e-03, Res=1.1427e+00, Beta=1.00 ---
... RAR IC , Max IC error: 0.2262, t: tensor(0.)
... RAR RES, Max residual error: 8.6874, t: tensor([[0.1987],
        [0.1737],
        [0.1854]])
[info] epoch 16000, lr=4.40e-04
[info] epoch 17000, lr=4.18e-04
[info] epoch 18000, lr=3.97e-04
[info] epoch 19000, lr=3.77e-04
[info] epoch 20000, lr=3.58e-04
===== logging end   2025-11-15 17:47:15 =====

===== logging start 2025-11-15 17:51:38 =====
--- Save Epoch 1, Loss=1.9941e+04, IC=1.0219e+04, Res=9.7222e+03, Beta=0.00 ---
... RAR IC , Max IC error: 107.8918, t: tensor(0.)
... RAR RES, Max residual error: 446.6303, t: tensor([[0.0628],
        [0.0417],
        [0.1772]])
--- Save Epoch 2, Loss=1.2764e+04, IC=1.8684e+03, Res=1.0896e+04, Beta=0.02 ---
--- Save Epoch 3, Loss=1.1805e+04, IC=1.7154e+03, Res=1.0089e+04, Beta=0.04 ---
--- Save Epoch 6, Loss=1.0277e+04, IC=3.4324e+02, Res=9.9339e+03, Beta=0.06 ---
--- Save Epoch 7, Loss=9.7063e+03, IC=5.1845e+02, Res=9.1879e+03, Beta=0.08 ---
--- Save Epoch 14, Loss=8.8139e+03, IC=1.4491e+02, Res=8.6690e+03, Beta=0.10 ---
--- Save Epoch 16, Loss=8.2768e+03, IC=8.1041e+01, Res=8.1958e+03, Beta=0.12 ---
--- Save Epoch 21, Loss=7.6252e+03, IC=4.2540e+01, Res=7.5827e+03, Beta=0.14 ---
--- Save Epoch 33, Loss=7.0648e+03, IC=3.6352e+01, Res=7.0284e+03, Beta=0.16 ---
--- Save Epoch 36, Loss=6.7115e+03, IC=2.1706e+01, Res=6.6897e+03, Beta=0.18 ---
--- Save Epoch 47, Loss=6.3027e+03, IC=2.1738e+01, Res=6.2809e+03, Beta=0.20 ---
--- Save Epoch 61, Loss=5.8436e+03, IC=1.6531e+01, Res=5.8271e+03, Beta=0.22 ---
--- Save Epoch 84, Loss=5.3789e+03, IC=1.0959e+01, Res=5.3679e+03, Beta=0.24 ---
... RAR IC , Max IC error: 16.8205, t: tensor(0.)
... RAR RES, Max residual error: 320.9398, t: tensor([[0.1927],
        [0.0498],
        [0.1740]])
[info] epoch 1000, lr=9.50e-04
--- Save Epoch 1376, Loss=5.0494e+03, IC=1.2318e+01, Res=5.0371e+03, Beta=0.26 ---
... RAR IC , Max IC error: 26.4664, t: tensor(0.)
... RAR RES, Max residual error: 308.4658, t: tensor([[0.0348],
        [0.0655],
        [0.0289]])
[info] epoch 2000, lr=9.02e-04
--- Save Epoch 2040, Loss=4.7067e+03, IC=2.1296e+01, Res=4.6854e+03, Beta=0.28 ---
... RAR IC , Max IC error: 33.3933, t: tensor(0.)
... RAR RES, Max residual error: 355.0067, t: tensor([[0.1920],
        [0.1584],
        [0.1806]])
--- Save Epoch 2539, Loss=4.4525e+03, IC=2.6691e+01, Res=4.4258e+03, Beta=0.30 ---
--- Save Epoch 2550, Loss=4.2075e+03, IC=1.9464e+01, Res=4.1880e+03, Beta=0.32 ---
--- Save Epoch 2571, Loss=3.9463e+03, IC=1.7195e+01, Res=3.9291e+03, Beta=0.34 ---
--- Save Epoch 2597, Loss=3.7445e+03, IC=1.9933e+01, Res=3.7246e+03, Beta=0.36 ---
... RAR IC , Max IC error: 24.5570, t: tensor(0.)
... RAR RES, Max residual error: 280.9998, t: tensor([[0.0019],
        [0.0121],
        [0.0016]])
--- Save Epoch 2769, Loss=3.5098e+03, IC=2.3142e+01, Res=3.4867e+03, Beta=0.38 ---
... RAR IC , Max IC error: 24.1927, t: tensor(0.)
... RAR RES, Max residual error: 244.0217, t: tensor([[0.0222],
        [0.0092],
        [0.0092]])
===== logging end   2025-11-15 18:02:56 =====

===== logging start 2025-11-15 18:07:13 =====
--- Save Epoch 1, Loss=9.8250e+03, IC=2.6525e+02, Res=9.5598e+03, Beta=0.00 ---
... RAR IC , Max IC error: 32.8501, t: tensor(0.)
... RAR RES, Max residual error: 425.1315, t: tensor([[0.1651],
        [0.1943],
        [0.1772]])
--- Save Epoch 33, Loss=9.3169e+03, IC=9.6031e+01, Res=9.2208e+03, Beta=0.02 ---
--- Save Epoch 55, Loss=8.7400e+03, IC=5.7186e+01, Res=8.6828e+03, Beta=0.04 ---
--- Save Epoch 69, Loss=8.0780e+03, IC=4.1889e+01, Res=8.0361e+03, Beta=0.06 ---
--- Save Epoch 76, Loss=7.4755e+03, IC=3.6403e+01, Res=7.4391e+03, Beta=0.08 ---
... RAR IC , Max IC error: 23.5984, t: tensor(0.)
... RAR RES, Max residual error: 444.4494, t: tensor([[0.1443],
        [0.0512],
        [0.1541]])
--- Save Epoch 205, Loss=7.0547e+03, IC=1.1516e+01, Res=7.0432e+03, Beta=0.10 ---
--- Save Epoch 295, Loss=6.6023e+03, IC=1.9747e+01, Res=6.5825e+03, Beta=0.12 ---
... RAR IC , Max IC error: 32.1894, t: tensor(0.)
... RAR RES, Max residual error: 434.5593, t: tensor([[0.0052],
        [0.0271],
        [0.0271]])
--- Save Epoch 469, Loss=6.2329e+03, IC=2.6306e+01, Res=6.2066e+03, Beta=0.14 ---
... RAR IC , Max IC error: 38.4952, t: tensor(0.)
... RAR RES, Max residual error: 720.7697, t: tensor([[0.1028],
        [0.1927],
        [0.0072]])
===== logging end   2025-11-15 18:10:45 =====

===== logging start 2025-11-15 18:10:56 =====
--- Save Epoch 1, Loss=1.9862e+04, IC=2.6525e+02, Res=1.9597e+04, Beta=1.00 ---
... RAR IC , Max IC error: 35.4873, t: tensor(0.)
... RAR RES, Max residual error: 2957.4846, t: tensor([[0.1182],
        [0.1485],
        [0.0979]])
--- Save Epoch 4, Loss=8.2394e+03, IC=2.4354e+02, Res=7.9959e+03, Beta=1.00 ---
--- Save Epoch 16, Loss=6.7286e+03, IC=1.6503e+02, Res=6.5636e+03, Beta=1.00 ---
--- Save Epoch 22, Loss=4.9978e+03, IC=1.2765e+02, Res=4.8702e+03, Beta=1.00 ---
--- Save Epoch 31, Loss=4.5553e+03, IC=8.1113e+01, Res=4.4741e+03, Beta=1.00 ---
--- Save Epoch 32, Loss=4.0571e+03, IC=7.6906e+01, Res=3.9801e+03, Beta=1.00 ---
--- Save Epoch 38, Loss=3.1007e+03, IC=5.4471e+01, Res=3.0463e+03, Beta=1.00 ---
--- Save Epoch 45, Loss=2.2493e+03, IC=3.1127e+01, Res=2.2181e+03, Beta=1.00 ---
--- Save Epoch 48, Loss=1.4200e+03, IC=2.3620e+01, Res=1.3964e+03, Beta=1.00 ---
--- Save Epoch 52, Loss=1.0099e+03, IC=1.4295e+01, Res=9.9563e+02, Beta=1.00 ---
--- Save Epoch 61, Loss=9.0793e+02, IC=2.9278e+00, Res=9.0500e+02, Beta=1.00 ---
--- Save Epoch 62, Loss=8.5710e+02, IC=2.3237e+00, Res=8.5477e+02, Beta=1.00 ---
--- Save Epoch 67, Loss=5.7466e+02, IC=3.7445e-01, Res=5.7429e+02, Beta=1.00 ---
--- Save Epoch 76, Loss=4.9129e+02, IC=1.7152e-01, Res=4.9112e+02, Beta=1.00 ---
--- Save Epoch 81, Loss=3.9413e+02, IC=2.6070e-01, Res=3.9387e+02, Beta=1.00 ---
--- Save Epoch 85, Loss=3.4511e+02, IC=1.4953e-01, Res=3.4496e+02, Beta=1.00 ---
--- Save Epoch 91, Loss=1.5457e+02, IC=3.0642e-02, Res=1.5453e+02, Beta=1.00 ---
--- Save Epoch 100, Loss=1.0844e+02, IC=6.8965e-02, Res=1.0837e+02, Beta=1.00 ---
... RAR IC , Max IC error: 3.0468, t: tensor(0.)
... RAR RES, Max residual error: 806.7705, t: tensor([[0.1672],
        [0.1941],
        [0.1324]])
--- Save Epoch 105, Loss=9.2379e+01, IC=3.3577e-02, Res=9.2345e+01, Beta=1.00 ---
--- Save Epoch 107, Loss=4.6057e+01, IC=2.3278e-02, Res=4.6034e+01, Beta=1.00 ---
--- Save Epoch 110, Loss=4.1888e+01, IC=4.7792e-03, Res=4.1884e+01, Beta=1.00 ---
--- Save Epoch 114, Loss=3.2681e+01, IC=2.0695e-02, Res=3.2661e+01, Beta=1.00 ---
--- Save Epoch 115, Loss=1.6461e+01, IC=2.7553e-02, Res=1.6433e+01, Beta=1.00 ---
--- Save Epoch 117, Loss=1.2251e+01, IC=1.9814e-03, Res=1.2249e+01, Beta=1.00 ---
--- Save Epoch 122, Loss=8.2445e+00, IC=4.3988e-02, Res=8.2005e+00, Beta=1.00 ---
--- Save Epoch 128, Loss=7.0101e+00, IC=5.8274e-03, Res=7.0042e+00, Beta=1.00 ---
--- Save Epoch 131, Loss=3.5239e+00, IC=1.3980e-02, Res=3.5099e+00, Beta=1.00 ---
--- Save Epoch 154, Loss=2.6645e+00, IC=6.1913e-04, Res=2.6639e+00, Beta=1.00 ---
--- Save Epoch 194, Loss=2.1191e+00, IC=2.0202e-03, Res=2.1170e+00, Beta=1.00 ---
... RAR IC , Max IC error: 0.4316, t: tensor(0.)
... RAR RES, Max residual error: 96.5160, t: tensor([[0.1581],
        [0.1156],
        [0.0657]])
--- Save Epoch 211, Loss=1.5306e+00, IC=7.0942e-04, Res=1.5299e+00, Beta=1.00 ---
--- Save Epoch 261, Loss=1.1895e+00, IC=6.6013e-04, Res=1.1888e+00, Beta=1.00 ---
--- Save Epoch 269, Loss=9.8754e-01, IC=7.6117e-03, Res=9.7993e-01, Beta=1.00 ---
... RAR IC , Max IC error: 0.8449, t: tensor(0.)
... RAR RES, Max residual error: 109.8852, t: tensor([[0.0874],
        [0.0487],
        [0.0493]])
--- Save Epoch 357, Loss=7.9052e-01, IC=3.3069e-05, Res=7.9049e-01, Beta=1.00 ---
... RAR IC , Max IC error: 0.3402, t: tensor(0.)
... RAR RES, Max residual error: 117.9172, t: tensor([[0.1526],
        [0.1693],
        [0.0226]])
--- Save Epoch 411, Loss=7.2320e-01, IC=6.7609e-05, Res=7.2313e-01, Beta=1.00 ---
... RAR IC , Max IC error: 0.4192, t: tensor(0.)
... RAR RES, Max residual error: 154.7398, t: tensor([[0.1225],
        [0.0108],
        [0.0451]])
--- Save Epoch 612, Loss=6.3920e-01, IC=3.3183e-03, Res=6.3588e-01, Beta=1.00 ---
--- Save Epoch 692, Loss=5.9251e-01, IC=3.2696e-03, Res=5.8924e-01, Beta=1.00 ---
... RAR IC , Max IC error: 0.4181, t: tensor(0.)
... RAR RES, Max residual error: 113.2664, t: tensor([[0.0519],
        [0.1395],
        [0.1183]])
--- Save Epoch 834, Loss=5.4172e-01, IC=1.4385e-04, Res=5.4157e-01, Beta=1.00 ---
===== logging end   2025-11-15 18:15:51 =====

===== logging start 2025-11-15 18:16:00 =====
--- Save Epoch 1, Loss=1.0223e+04, IC=2.6381e-12, Res=1.0223e+04, Beta=1.00 ---
... RAR RES, Max residual error: 2741.3083, t: tensor([[0.1485],
        [0.1494],
        [0.1896]])
--- Save Epoch 10, Loss=8.0514e+03, IC=2.2923e-12, Res=8.0514e+03, Beta=1.00 ---
--- Save Epoch 12, Loss=7.4962e+03, IC=2.5830e-12, Res=7.4962e+03, Beta=1.00 ---
--- Save Epoch 17, Loss=6.2410e+03, IC=2.3473e-12, Res=6.2410e+03, Beta=1.00 ---
--- Save Epoch 18, Loss=5.9078e+03, IC=2.4818e-12, Res=5.9078e+03, Beta=1.00 ---
--- Save Epoch 20, Loss=4.7554e+03, IC=2.4751e-12, Res=4.7554e+03, Beta=1.00 ---
--- Save Epoch 25, Loss=4.1687e+03, IC=2.3444e-12, Res=4.1687e+03, Beta=1.00 ---
--- Save Epoch 28, Loss=3.7933e+03, IC=2.5217e-12, Res=3.7933e+03, Beta=1.00 ---
--- Save Epoch 30, Loss=3.4422e+03, IC=2.6807e-12, Res=3.4422e+03, Beta=1.00 ---
--- Save Epoch 32, Loss=3.2510e+03, IC=2.3694e-12, Res=3.2510e+03, Beta=1.00 ---
--- Save Epoch 34, Loss=2.7002e+03, IC=2.5708e-12, Res=2.7002e+03, Beta=1.00 ---
--- Save Epoch 38, Loss=2.1693e+03, IC=2.3543e-12, Res=2.1693e+03, Beta=1.00 ---
--- Save Epoch 41, Loss=1.7716e+03, IC=2.4720e-12, Res=1.7716e+03, Beta=1.00 ---
--- Save Epoch 45, Loss=1.6354e+03, IC=2.4374e-12, Res=1.6354e+03, Beta=1.00 ---
--- Save Epoch 51, Loss=1.0238e+03, IC=2.4726e-12, Res=1.0238e+03, Beta=1.00 ---
--- Save Epoch 52, Loss=9.6059e+02, IC=2.4348e-12, Res=9.6059e+02, Beta=1.00 ---
--- Save Epoch 55, Loss=6.6855e+02, IC=2.3976e-12, Res=6.6855e+02, Beta=1.00 ---
--- Save Epoch 60, Loss=3.4617e+02, IC=2.6496e-12, Res=3.4617e+02, Beta=1.00 ---
--- Save Epoch 65, Loss=2.7016e+02, IC=2.4574e-12, Res=2.7016e+02, Beta=1.00 ---
--- Save Epoch 69, Loss=1.9800e+02, IC=2.3896e-12, Res=1.9800e+02, Beta=1.00 ---
--- Save Epoch 77, Loss=1.0380e+02, IC=2.4789e-12, Res=1.0380e+02, Beta=1.00 ---
--- Save Epoch 88, Loss=7.6791e+01, IC=2.5839e-12, Res=7.6791e+01, Beta=1.00 ---
--- Save Epoch 91, Loss=5.0738e+01, IC=2.5149e-12, Res=5.0738e+01, Beta=1.00 ---
--- Save Epoch 93, Loss=3.8230e+01, IC=2.4138e-12, Res=3.8230e+01, Beta=1.00 ---
--- Save Epoch 100, Loss=3.2987e+01, IC=2.5169e-12, Res=3.2987e+01, Beta=1.00 ---
... RAR RES, Max residual error: 533.3743, t: tensor([[0.1609],
        [0.1788],
        [0.1444]])
--- Save Epoch 107, Loss=2.1434e+01, IC=2.4173e-12, Res=2.1434e+01, Beta=1.00 ---
--- Save Epoch 109, Loss=1.2838e+01, IC=2.2123e-12, Res=1.2838e+01, Beta=1.00 ---
--- Save Epoch 116, Loss=4.6199e+00, IC=2.5173e-12, Res=4.6199e+00, Beta=1.00 ---
--- Save Epoch 124, Loss=3.0292e+00, IC=2.3565e-12, Res=3.0292e+00, Beta=1.00 ---
--- Save Epoch 140, Loss=2.1002e+00, IC=2.5071e-12, Res=2.1002e+00, Beta=1.00 ---
--- Save Epoch 145, Loss=1.9135e+00, IC=2.3797e-12, Res=1.9135e+00, Beta=1.00 ---
--- Save Epoch 166, Loss=1.5736e+00, IC=2.3808e-12, Res=1.5736e+00, Beta=1.00 ---
--- Save Epoch 178, Loss=1.1827e+00, IC=2.4344e-12, Res=1.1827e+00, Beta=1.00 ---
--- Save Epoch 179, Loss=1.0863e+00, IC=2.1787e-12, Res=1.0863e+00, Beta=1.00 ---
... RAR RES, Max residual error: 115.7266, t: tensor([[0.1953],
        [0.1129],
        [0.1820]])
--- Save Epoch 220, Loss=7.8951e-01, IC=2.3994e-12, Res=7.8951e-01, Beta=1.00 ---
--- Save Epoch 262, Loss=6.6146e-01, IC=2.6055e-12, Res=6.6146e-01, Beta=1.00 ---
... RAR RES, Max residual error: 137.5803, t: tensor([[0.1210],
        [0.1998],
        [0.1704]])
--- Save Epoch 373, Loss=5.2336e-01, IC=2.4129e-12, Res=5.2336e-01, Beta=1.00 ---
... RAR RES, Max residual error: 83.5197, t: tensor([[0.1109],
        [0.1433],
        [0.1033]])
--- Save Epoch 523, Loss=4.8571e-01, IC=2.4642e-12, Res=4.8571e-01, Beta=1.00 ---
... RAR RES, Max residual error: 85.8224, t: tensor([[0.1886],
        [0.1653],
        [0.1497]])
--- Save Epoch 798, Loss=4.0694e-01, IC=2.6778e-12, Res=4.0694e-01, Beta=1.00 ---
... RAR RES, Max residual error: 174.9928, t: tensor([[0.1756],
        [0.1756],
        [0.0760]])
===== logging end   2025-11-15 18:20:59 =====

===== logging start 2025-11-15 18:22:11 =====
--- Save Epoch 1, Loss=1.0516e+04, Res=1.0516e+04, Beta=1.00 ---
... RAR RES, Max residual error: 3434.5024, t: tensor([[0.1676],
        [0.1184],
        [0.1303]])
--- Save Epoch 5, Loss=9.8082e+03, Res=9.8082e+03, Beta=1.00 ---
--- Save Epoch 7, Loss=8.7142e+03, Res=8.7142e+03, Beta=1.00 ---
--- Save Epoch 12, Loss=7.2836e+03, Res=7.2836e+03, Beta=1.00 ---
--- Save Epoch 14, Loss=6.4535e+03, Res=6.4535e+03, Beta=1.00 ---
--- Save Epoch 19, Loss=5.9474e+03, Res=5.9474e+03, Beta=1.00 ---
--- Save Epoch 21, Loss=5.5278e+03, Res=5.5278e+03, Beta=1.00 ---
--- Save Epoch 24, Loss=4.5291e+03, Res=4.5291e+03, Beta=1.00 ---
--- Save Epoch 32, Loss=3.7323e+03, Res=3.7323e+03, Beta=1.00 ---
--- Save Epoch 33, Loss=3.2558e+03, Res=3.2558e+03, Beta=1.00 ---
--- Save Epoch 36, Loss=2.9606e+03, Res=2.9606e+03, Beta=1.00 ---
--- Save Epoch 38, Loss=2.3938e+03, Res=2.3938e+03, Beta=1.00 ---
--- Save Epoch 41, Loss=1.9697e+03, Res=1.9697e+03, Beta=1.00 ---
--- Save Epoch 46, Loss=1.6365e+03, Res=1.6365e+03, Beta=1.00 ---
--- Save Epoch 48, Loss=1.1828e+03, Res=1.1828e+03, Beta=1.00 ---
--- Save Epoch 53, Loss=6.7475e+02, Res=6.7475e+02, Beta=1.00 ---
--- Save Epoch 62, Loss=3.1491e+02, Res=3.1491e+02, Beta=1.00 ---
--- Save Epoch 77, Loss=2.4173e+02, Res=2.4173e+02, Beta=1.00 ---
--- Save Epoch 78, Loss=1.8731e+02, Res=1.8731e+02, Beta=1.00 ---
--- Save Epoch 85, Loss=1.2366e+02, Res=1.2366e+02, Beta=1.00 ---
--- Save Epoch 91, Loss=7.9661e+01, Res=7.9661e+01, Beta=1.00 ---
--- Save Epoch 95, Loss=6.0279e+01, Res=6.0279e+01, Beta=1.00 ---
... RAR RES, Max residual error: 655.9631, t: tensor([[0.1961],
        [0.1334],
        [0.1908]])
--- Save Epoch 106, Loss=4.6048e+01, Res=4.6048e+01, Beta=1.00 ---
--- Save Epoch 108, Loss=3.9246e+01, Res=3.9246e+01, Beta=1.00 ---
--- Save Epoch 109, Loss=1.5740e+01, Res=1.5740e+01, Beta=1.00 ---
--- Save Epoch 113, Loss=1.0197e+01, Res=1.0197e+01, Beta=1.00 ---
--- Save Epoch 118, Loss=8.0435e+00, Res=8.0435e+00, Beta=1.00 ---
--- Save Epoch 123, Loss=4.9348e+00, Res=4.9348e+00, Beta=1.00 ---
--- Save Epoch 135, Loss=3.7353e+00, Res=3.7353e+00, Beta=1.00 ---
--- Save Epoch 140, Loss=2.9049e+00, Res=2.9049e+00, Beta=1.00 ---
--- Save Epoch 164, Loss=2.1138e+00, Res=2.1138e+00, Beta=1.00 ---
--- Save Epoch 174, Loss=1.8985e+00, Res=1.8985e+00, Beta=1.00 ---
--- Save Epoch 183, Loss=1.3981e+00, Res=1.3981e+00, Beta=1.00 ---
--- Save Epoch 198, Loss=1.3138e+00, Res=1.3138e+00, Beta=1.00 ---
... RAR RES, Max residual error: 162.6147, t: tensor([[0.0893],
        [0.1543],
        [0.1975]])
--- Save Epoch 208, Loss=1.0692e+00, Res=1.0692e+00, Beta=1.00 ---
--- Save Epoch 220, Loss=8.3529e-01, Res=8.3529e-01, Beta=1.00 ---
--- Save Epoch 244, Loss=7.4140e-01, Res=7.4140e-01, Beta=1.00 ---
--- Save Epoch 259, Loss=6.2627e-01, Res=6.2627e-01, Beta=1.00 ---
... RAR RES, Max residual error: 133.7247, t: tensor([[0.1856],
        [0.1310],
        [0.1859]])
--- Save Epoch 452, Loss=4.9399e-01, Res=4.9399e-01, Beta=1.00 ---
--- Save Epoch 469, Loss=4.4892e-01, Res=4.4892e-01, Beta=1.00 ---
--- Save Epoch 472, Loss=4.0086e-01, Res=4.0086e-01, Beta=1.00 ---
... RAR RES, Max residual error: 44.0460, t: tensor([[0.1806],
        [0.1551],
        [0.1770]])
[info] epoch 1000, lr=9.50e-04
--- Save Epoch 1473, Loss=3.7377e-01, Res=3.7377e-01, Beta=1.00 ---
... RAR RES, Max residual error: 26.7742, t: tensor([[0.1765],
        [0.1739],
        [0.1522]])
[info] epoch 2000, lr=9.02e-04
[info] epoch 3000, lr=8.57e-04
[info] epoch 4000, lr=8.15e-04
[info] epoch 5000, lr=7.74e-04
[info] epoch 6000, lr=7.35e-04
[info] epoch 7000, lr=6.98e-04
[info] epoch 8000, lr=6.63e-04
[info] epoch 9000, lr=6.30e-04
[info] epoch 10000, lr=5.99e-04
[info] epoch 11000, lr=5.69e-04
===== logging end   2025-11-15 19:03:32 =====

===== logging start 2025-11-15 19:03:56 =====
--- Save Epoch 1, Loss=9.8250e+03, IC=2.6525e+02, Res=9.5598e+03, Beta=0.00 ---
... RAR IC , Max IC error: 32.8501, t: tensor(0.)
... RAR RES, Max residual error: 425.1315, t: tensor([[0.1651],
        [0.1943],
        [0.1772]])
--- Save Epoch 33, Loss=9.3169e+03, IC=9.6031e+01, Res=9.2208e+03, Beta=0.02 ---
--- Save Epoch 55, Loss=8.7400e+03, IC=5.7186e+01, Res=8.6828e+03, Beta=0.04 ---
--- Save Epoch 69, Loss=8.0780e+03, IC=4.1889e+01, Res=8.0361e+03, Beta=0.06 ---
--- Save Epoch 76, Loss=7.4755e+03, IC=3.6403e+01, Res=7.4391e+03, Beta=0.08 ---
... RAR IC , Max IC error: 23.5984, t: tensor(0.)
... RAR RES, Max residual error: 444.4494, t: tensor([[0.1443],
        [0.0512],
        [0.1541]])
--- Save Epoch 205, Loss=7.0547e+03, IC=1.1516e+01, Res=7.0432e+03, Beta=0.10 ---
--- Save Epoch 295, Loss=6.6023e+03, IC=1.9747e+01, Res=6.5825e+03, Beta=0.12 ---
... RAR IC , Max IC error: 32.1894, t: tensor(0.)
... RAR RES, Max residual error: 434.5593, t: tensor([[0.0052],
        [0.0271],
        [0.0271]])
--- Save Epoch 469, Loss=6.2329e+03, IC=2.6306e+01, Res=6.2066e+03, Beta=0.14 ---
... RAR IC , Max IC error: 38.4952, t: tensor(0.)
... RAR RES, Max residual error: 720.7697, t: tensor([[0.1028],
        [0.1927],
        [0.0072]])
--- Save Epoch 809, Loss=5.8811e+03, IC=2.7140e+01, Res=5.8540e+03, Beta=0.16 ---
... RAR IC , Max IC error: 29.2530, t: tensor(0.)
... RAR RES, Max residual error: 466.6792, t: tensor([[0.0005],
        [0.1910],
        [0.0315]])
[info] epoch 1000, lr=9.50e-04
--- Save Epoch 1107, Loss=5.5279e+03, IC=3.2612e+01, Res=5.4953e+03, Beta=0.18 ---
--- Save Epoch 1144, Loss=5.1475e+03, IC=2.5754e+01, Res=5.1218e+03, Beta=0.20 ---
--- Save Epoch 1156, Loss=4.8698e+03, IC=2.6825e+01, Res=4.8430e+03, Beta=0.22 ---
--- Save Epoch 1184, Loss=4.5969e+03, IC=2.4115e+01, Res=4.5728e+03, Beta=0.24 ---
... RAR IC , Max IC error: 25.0940, t: tensor(0.)
... RAR RES, Max residual error: 730.5895, t: tensor([[0.1611],
        [0.0075],
        [0.0292]])
--- Save Epoch 1398, Loss=4.2787e+03, IC=1.9865e+01, Res=4.2588e+03, Beta=0.26 ---
... RAR IC , Max IC error: 25.4369, t: tensor(0.)
... RAR RES, Max residual error: 361.2491, t: tensor([[0.0364],
        [0.1161],
        [0.0225]])
--- Save Epoch 1938, Loss=4.0643e+03, IC=1.8118e+01, Res=4.0462e+03, Beta=0.28 ---
--- Save Epoch 1961, Loss=3.8439e+03, IC=1.3850e+01, Res=3.8300e+03, Beta=0.30 ---
[info] epoch 2000, lr=9.02e-04
... RAR IC , Max IC error: 17.0000, t: tensor(0.)
... RAR RES, Max residual error: 419.9516, t: tensor([[0.0343],
        [0.0494],
        [0.1842]])
--- Save Epoch 2535, Loss=3.6484e+03, IC=1.2714e+01, Res=3.6357e+03, Beta=0.32 ---
... RAR IC , Max IC error: 17.6317, t: tensor(0.)
... RAR RES, Max residual error: 406.4383, t: tensor([[0.0178],
        [0.0897],
        [0.0092]])
--- Save Epoch 2866, Loss=3.4135e+03, IC=8.3565e+00, Res=3.4052e+03, Beta=0.34 ---
--- Save Epoch 2881, Loss=3.1874e+03, IC=8.6052e+00, Res=3.1787e+03, Beta=0.36 ---
... RAR IC , Max IC error: 21.6891, t: tensor(0.)
... RAR RES, Max residual error: 478.0921, t: tensor([[0.0488],
        [0.1663],
        [0.1659]])
===== logging end   2025-11-15 19:15:49 =====

===== logging start 2025-11-15 19:16:26 =====
--- Save Epoch 1, Loss=1.9941e+04, IC=1.0219e+04, Res=9.7222e+03, Beta=0.00 ---
... RAR IC , Max IC error: 107.8918, t: tensor(0.)
... RAR RES, Max residual error: 446.6303, t: tensor([[0.0628],
        [0.0417],
        [0.1772]])
--- Save Epoch 2, Loss=1.2764e+04, IC=1.8684e+03, Res=1.0896e+04, Beta=0.02 ---
--- Save Epoch 3, Loss=1.1805e+04, IC=1.7154e+03, Res=1.0089e+04, Beta=0.04 ---
--- Save Epoch 6, Loss=1.0277e+04, IC=3.4324e+02, Res=9.9339e+03, Beta=0.06 ---
--- Save Epoch 7, Loss=9.7063e+03, IC=5.1845e+02, Res=9.1879e+03, Beta=0.08 ---
--- Save Epoch 14, Loss=8.8139e+03, IC=1.4491e+02, Res=8.6690e+03, Beta=0.10 ---
--- Save Epoch 16, Loss=8.2768e+03, IC=8.1041e+01, Res=8.1958e+03, Beta=0.12 ---
--- Save Epoch 21, Loss=7.6252e+03, IC=4.2540e+01, Res=7.5827e+03, Beta=0.14 ---
--- Save Epoch 33, Loss=7.0648e+03, IC=3.6352e+01, Res=7.0284e+03, Beta=0.16 ---
--- Save Epoch 36, Loss=6.7115e+03, IC=2.1706e+01, Res=6.6897e+03, Beta=0.18 ---
--- Save Epoch 47, Loss=6.3027e+03, IC=2.1738e+01, Res=6.2809e+03, Beta=0.20 ---
--- Save Epoch 61, Loss=5.8436e+03, IC=1.6531e+01, Res=5.8271e+03, Beta=0.22 ---
--- Save Epoch 84, Loss=5.3789e+03, IC=1.0959e+01, Res=5.3679e+03, Beta=0.24 ---
... RAR IC , Max IC error: 16.8205, t: tensor(0.)
... RAR RES, Max residual error: 320.9398, t: tensor([[0.1927],
        [0.0498],
        [0.1740]])
[info] epoch 1000, lr=9.50e-04
--- Save Epoch 1376, Loss=5.0494e+03, IC=1.2318e+01, Res=5.0371e+03, Beta=0.26 ---
... RAR IC , Max IC error: 26.4664, t: tensor(0.)
... RAR RES, Max residual error: 308.4658, t: tensor([[0.0348],
        [0.0655],
        [0.0289]])
[info] epoch 2000, lr=9.02e-04
--- Save Epoch 2040, Loss=4.7067e+03, IC=2.1296e+01, Res=4.6854e+03, Beta=0.28 ---
... RAR IC , Max IC error: 33.3933, t: tensor(0.)
... RAR RES, Max residual error: 355.0067, t: tensor([[0.1920],
        [0.1584],
        [0.1806]])
===== logging end   2025-11-15 19:23:58 =====

===== logging start 2025-11-15 19:24:03 =====
--- Save Epoch 1, Loss=1.9941e+04, IC=1.0219e+04, Res=9.7222e+03, Beta=0.00 ---
... RAR IC , Max IC error: 107.8918, t: tensor(0.)
... RAR RES, Max residual error: 446.6303, t: tensor([[0.0628],
        [0.0417],
        [0.1772]])
--- Save Epoch 2, Loss=1.2764e+04, IC=1.8684e+03, Res=1.0896e+04, Beta=0.02 ---
--- Save Epoch 3, Loss=1.1805e+04, IC=1.7154e+03, Res=1.0089e+04, Beta=0.04 ---
--- Save Epoch 6, Loss=1.0277e+04, IC=3.4324e+02, Res=9.9339e+03, Beta=0.06 ---
--- Save Epoch 7, Loss=9.7063e+03, IC=5.1845e+02, Res=9.1879e+03, Beta=0.08 ---
--- Save Epoch 14, Loss=8.8139e+03, IC=1.4491e+02, Res=8.6690e+03, Beta=0.10 ---
--- Save Epoch 16, Loss=8.2768e+03, IC=8.1041e+01, Res=8.1958e+03, Beta=0.12 ---
--- Save Epoch 21, Loss=7.6252e+03, IC=4.2540e+01, Res=7.5827e+03, Beta=0.14 ---
--- Save Epoch 33, Loss=7.0648e+03, IC=3.6352e+01, Res=7.0284e+03, Beta=0.16 ---
--- Save Epoch 36, Loss=6.7115e+03, IC=2.1706e+01, Res=6.6897e+03, Beta=0.18 ---
--- Save Epoch 47, Loss=6.3027e+03, IC=2.1738e+01, Res=6.2809e+03, Beta=0.20 ---
--- Save Epoch 61, Loss=5.8436e+03, IC=1.6531e+01, Res=5.8271e+03, Beta=0.22 ---
--- Save Epoch 84, Loss=5.3789e+03, IC=1.0959e+01, Res=5.3679e+03, Beta=0.24 ---
... RAR IC , Max IC error: 16.8205, t: tensor(0.)
... RAR RES, Max residual error: 320.9398, t: tensor([[0.1927],
        [0.0498],
        [0.1740]])
[info] epoch 1000, lr=9.50e-04
--- Save Epoch 1376, Loss=5.0494e+03, IC=1.2318e+01, Res=5.0371e+03, Beta=0.26 ---
... RAR IC , Max IC error: 26.4664, t: tensor(0.)
... RAR RES, Max residual error: 308.4658, t: tensor([[0.0348],
        [0.0655],
        [0.0289]])
[info] epoch 2000, lr=9.02e-04
--- Save Epoch 2040, Loss=4.7067e+03, IC=2.1296e+01, Res=4.6854e+03, Beta=0.28 ---
... RAR IC , Max IC error: 33.3933, t: tensor(0.)
... RAR RES, Max residual error: 355.0067, t: tensor([[0.1920],
        [0.1584],
        [0.1806]])
--- Save Epoch 2539, Loss=4.4525e+03, IC=2.6691e+01, Res=4.4258e+03, Beta=0.30 ---
--- Save Epoch 2550, Loss=4.2075e+03, IC=1.9464e+01, Res=4.1880e+03, Beta=0.32 ---
--- Save Epoch 2571, Loss=3.9463e+03, IC=1.7195e+01, Res=3.9291e+03, Beta=0.34 ---
--- Save Epoch 2597, Loss=3.7445e+03, IC=1.9933e+01, Res=3.7246e+03, Beta=0.36 ---
... RAR IC , Max IC error: 24.5570, t: tensor(0.)
... RAR RES, Max residual error: 280.9998, t: tensor([[0.0019],
        [0.0121],
        [0.0016]])
--- Save Epoch 2769, Loss=3.5098e+03, IC=2.3142e+01, Res=3.4867e+03, Beta=0.38 ---
... RAR IC , Max IC error: 24.1927, t: tensor(0.)
... RAR RES, Max residual error: 244.0217, t: tensor([[0.0222],
        [0.0092],
        [0.0092]])
[info] epoch 3000, lr=8.57e-04
--- Save Epoch 3022, Loss=3.3274e+03, IC=2.1118e+01, Res=3.3063e+03, Beta=0.40 ---
--- Save Epoch 3046, Loss=3.1264e+03, IC=2.0999e+01, Res=3.1054e+03, Beta=0.42 ---
--- Save Epoch 3047, Loss=2.9313e+03, IC=2.0250e+01, Res=2.9110e+03, Beta=0.44 ---
--- Save Epoch 3049, Loss=2.6959e+03, IC=1.9049e+01, Res=2.6769e+03, Beta=0.46 ---
--- Save Epoch 3067, Loss=2.5605e+03, IC=2.0439e+01, Res=2.5401e+03, Beta=0.48 ---
--- Save Epoch 3068, Loss=2.4088e+03, IC=2.3996e+01, Res=2.3848e+03, Beta=0.50 ---
--- Save Epoch 3070, Loss=2.1805e+03, IC=1.7054e+01, Res=2.1634e+03, Beta=0.52 ---
--- Save Epoch 3078, Loss=2.0546e+03, IC=2.0710e+01, Res=2.0339e+03, Beta=0.54 ---
--- Save Epoch 3080, Loss=1.9320e+03, IC=1.7758e+01, Res=1.9142e+03, Beta=0.56 ---
--- Save Epoch 3083, Loss=1.8066e+03, IC=1.5207e+01, Res=1.7914e+03, Beta=0.58 ---
--- Save Epoch 3087, Loss=1.7155e+03, IC=1.4473e+01, Res=1.7011e+03, Beta=0.60 ---
--- Save Epoch 3088, Loss=1.5853e+03, IC=1.3275e+01, Res=1.5720e+03, Beta=0.62 ---
--- Save Epoch 3089, Loss=1.4366e+03, IC=1.2315e+01, Res=1.4243e+03, Beta=0.64 ---
--- Save Epoch 3092, Loss=1.2436e+03, IC=1.1965e+01, Res=1.2316e+03, Beta=0.66 ---
--- Save Epoch 3098, Loss=1.1719e+03, IC=9.4187e+00, Res=1.1625e+03, Beta=0.68 ---
--- Save Epoch 3099, Loss=1.0605e+03, IC=8.6843e+00, Res=1.0518e+03, Beta=0.70 ---
--- Save Epoch 3100, Loss=9.7619e+02, IC=7.9433e+00, Res=9.6825e+02, Beta=0.72 ---
... RAR IC , Max IC error: 24.6156, t: tensor(0.)
... RAR RES, Max residual error: 481.5101, t: tensor([[0.0972],
        [0.1405],
        [0.1882]])
--- Save Epoch 3117, Loss=9.1719e+02, IC=5.8534e+00, Res=9.1134e+02, Beta=0.74 ---
--- Save Epoch 3119, Loss=8.4219e+02, IC=9.8351e+00, Res=8.3235e+02, Beta=0.76 ---
--- Save Epoch 3120, Loss=7.8702e+02, IC=8.8319e+00, Res=7.7819e+02, Beta=0.78 ---
--- Save Epoch 3121, Loss=6.7599e+02, IC=5.0799e+00, Res=6.7091e+02, Beta=0.80 ---
--- Save Epoch 3122, Loss=6.3928e+02, IC=5.3597e+00, Res=6.3392e+02, Beta=0.82 ---
--- Save Epoch 3123, Loss=5.9326e+02, IC=6.1797e+00, Res=5.8708e+02, Beta=0.84 ---
--- Save Epoch 3124, Loss=5.1036e+02, IC=5.6198e+00, Res=5.0474e+02, Beta=0.86 ---
--- Save Epoch 3128, Loss=4.7685e+02, IC=3.9871e+00, Res=4.7286e+02, Beta=0.88 ---
--- Save Epoch 3130, Loss=4.3682e+02, IC=4.8521e+00, Res=4.3196e+02, Beta=0.90 ---
--- Save Epoch 3133, Loss=3.5977e+02, IC=4.2794e+00, Res=3.5549e+02, Beta=0.92 ---
--- Save Epoch 3135, Loss=3.3903e+02, IC=4.3885e+00, Res=3.3464e+02, Beta=0.94 ---
--- Save Epoch 3138, Loss=2.8832e+02, IC=4.6081e+00, Res=2.8372e+02, Beta=0.96 ---
--- Save Epoch 3143, Loss=2.7100e+02, IC=3.3211e+00, Res=2.6768e+02, Beta=0.98 ---
--- Save Epoch 3149, Loss=2.2853e+02, IC=1.9036e+00, Res=2.2663e+02, Beta=1.00 ---
--- Save Epoch 3158, Loss=1.9925e+02, IC=3.0151e+00, Res=1.9624e+02, Beta=1.00 ---
--- Save Epoch 3161, Loss=1.8254e+02, IC=1.3535e+00, Res=1.8118e+02, Beta=1.00 ---
--- Save Epoch 3165, Loss=1.6898e+02, IC=1.2365e+00, Res=1.6775e+02, Beta=1.00 ---
--- Save Epoch 3176, Loss=1.3348e+02, IC=9.9068e-01, Res=1.3249e+02, Beta=1.00 ---
--- Save Epoch 3179, Loss=1.2243e+02, IC=1.3018e+00, Res=1.2113e+02, Beta=1.00 ---
--- Save Epoch 3186, Loss=1.1627e+02, IC=2.2383e+00, Res=1.1403e+02, Beta=1.00 ---
--- Save Epoch 3192, Loss=9.3878e+01, IC=9.0640e-01, Res=9.2971e+01, Beta=1.00 ---
... RAR IC , Max IC error: 8.5480, t: tensor(0.)
... RAR RES, Max residual error: 246.9600, t: tensor([[0.1910],
        [0.0056],
        [0.1435]])
--- Save Epoch 3227, Loss=8.7918e+01, IC=1.2271e+00, Res=8.6691e+01, Beta=1.00 ---
--- Save Epoch 3230, Loss=7.8508e+01, IC=1.1475e+00, Res=7.7360e+01, Beta=1.00 ---
--- Save Epoch 3237, Loss=7.4236e+01, IC=8.0503e-01, Res=7.3431e+01, Beta=1.00 ---
--- Save Epoch 3239, Loss=6.8013e+01, IC=9.2356e-01, Res=6.7089e+01, Beta=1.00 ---
--- Save Epoch 3243, Loss=6.0412e+01, IC=9.3259e-01, Res=5.9479e+01, Beta=1.00 ---
--- Save Epoch 3253, Loss=5.6082e+01, IC=5.9863e-01, Res=5.5483e+01, Beta=1.00 ---
--- Save Epoch 3261, Loss=4.8688e+01, IC=5.0339e-01, Res=4.8184e+01, Beta=1.00 ---
--- Save Epoch 3270, Loss=4.6115e+01, IC=9.7513e-01, Res=4.5140e+01, Beta=1.00 ---
--- Save Epoch 3278, Loss=4.2901e+01, IC=9.0033e-01, Res=4.2001e+01, Beta=1.00 ---
--- Save Epoch 3279, Loss=3.9324e+01, IC=8.0192e-01, Res=3.8522e+01, Beta=1.00 ---
--- Save Epoch 3287, Loss=3.7035e+01, IC=6.7614e-01, Res=3.6359e+01, Beta=1.00 ---
--- Save Epoch 3290, Loss=3.3330e+01, IC=6.8741e-01, Res=3.2642e+01, Beta=1.00 ---
... RAR IC , Max IC error: 2.3882, t: tensor(0.)
... RAR RES, Max residual error: 73.1410, t: tensor([[0.1712],
        [0.0060],
        [0.0173]])
--- Save Epoch 3330, Loss=3.1525e+01, IC=7.2816e-01, Res=3.0797e+01, Beta=1.00 ---
--- Save Epoch 3335, Loss=2.9521e+01, IC=6.3491e-01, Res=2.8886e+01, Beta=1.00 ---
--- Save Epoch 3343, Loss=2.7963e+01, IC=6.0723e-01, Res=2.7356e+01, Beta=1.00 ---
--- Save Epoch 3347, Loss=2.5779e+01, IC=7.2265e-01, Res=2.5056e+01, Beta=1.00 ---
--- Save Epoch 3357, Loss=2.4418e+01, IC=3.7492e-01, Res=2.4043e+01, Beta=1.00 ---
--- Save Epoch 3363, Loss=2.2286e+01, IC=5.6309e-01, Res=2.1723e+01, Beta=1.00 ---
--- Save Epoch 3371, Loss=2.1014e+01, IC=4.1972e-01, Res=2.0594e+01, Beta=1.00 ---
--- Save Epoch 3383, Loss=1.9344e+01, IC=5.0190e-01, Res=1.8843e+01, Beta=1.00 ---
--- Save Epoch 3399, Loss=1.8168e+01, IC=4.5648e-01, Res=1.7711e+01, Beta=1.00 ---
... RAR IC , Max IC error: 1.8526, t: tensor(0.)
... RAR RES, Max residual error: 43.2706, t: tensor([[0.1404],
        [0.1679],
        [0.1887]])
--- Save Epoch 3427, Loss=1.6368e+01, IC=3.2517e-01, Res=1.6043e+01, Beta=1.00 ---
--- Save Epoch 3434, Loss=1.5451e+01, IC=3.6227e-01, Res=1.5089e+01, Beta=1.00 ---
--- Save Epoch 3439, Loss=1.4037e+01, IC=3.0514e-01, Res=1.3732e+01, Beta=1.00 ---
--- Save Epoch 3455, Loss=1.2796e+01, IC=2.9966e-01, Res=1.2496e+01, Beta=1.00 ---
--- Save Epoch 3491, Loss=1.1976e+01, IC=2.6705e-01, Res=1.1709e+01, Beta=1.00 ---
--- Save Epoch 3499, Loss=1.1160e+01, IC=2.8880e-01, Res=1.0871e+01, Beta=1.00 ---
... RAR IC , Max IC error: 1.5987, t: tensor(0.)
... RAR RES, Max residual error: 20.7039, t: tensor([[0.1844],
        [0.1071],
        [0.1596]])
--- Save Epoch 3519, Loss=1.0401e+01, IC=2.4248e-01, Res=1.0159e+01, Beta=1.00 ---
--- Save Epoch 3535, Loss=9.7299e+00, IC=2.2666e-01, Res=9.5033e+00, Beta=1.00 ---
--- Save Epoch 3542, Loss=9.1427e+00, IC=2.3547e-01, Res=8.9072e+00, Beta=1.00 ---
--- Save Epoch 3547, Loss=8.4897e+00, IC=2.2667e-01, Res=8.2630e+00, Beta=1.00 ---
... RAR IC , Max IC error: 1.2652, t: tensor(0.)
... RAR RES, Max residual error: 16.5871, t: tensor([[0.0084],
        [0.0059],
        [0.1941]])
--- Save Epoch 3611, Loss=8.0604e+00, IC=2.0302e-01, Res=7.8574e+00, Beta=1.00 ---
--- Save Epoch 3615, Loss=7.6091e+00, IC=2.0156e-01, Res=7.4075e+00, Beta=1.00 ---
--- Save Epoch 3627, Loss=7.0551e+00, IC=1.9844e-01, Res=6.8567e+00, Beta=1.00 ---
--- Save Epoch 3651, Loss=6.4378e+00, IC=1.5030e-01, Res=6.2875e+00, Beta=1.00 ---
--- Save Epoch 3663, Loss=5.9152e+00, IC=1.4229e-01, Res=5.7729e+00, Beta=1.00 ---
--- Save Epoch 3691, Loss=5.5296e+00, IC=1.4448e-01, Res=5.3851e+00, Beta=1.00 ---
... RAR IC , Max IC error: 1.0765, t: tensor(0.)
... RAR RES, Max residual error: 15.0546, t: tensor([[0.0063],
        [0.0027],
        [0.1956]])
--- Save Epoch 3779, Loss=5.0845e+00, IC=1.5851e-01, Res=4.9260e+00, Beta=1.00 ---
... RAR IC , Max IC error: 0.9374, t: tensor(0.)
... RAR RES, Max residual error: 10.3873, t: tensor([[0.1617],
        [0.0027],
        [0.1965]])
--- Save Epoch 3803, Loss=4.5173e+00, IC=1.1986e-01, Res=4.3975e+00, Beta=1.00 ---
--- Save Epoch 3867, Loss=4.2014e+00, IC=1.1051e-01, Res=4.0909e+00, Beta=1.00 ---
... RAR IC , Max IC error: 0.7919, t: tensor(0.)
... RAR RES, Max residual error: 12.1714, t: tensor([[1.9275e-01],
        [1.8220e-04],
        [1.4116e-01]])
--- Save Epoch 3919, Loss=3.7654e+00, IC=1.0208e-01, Res=3.6633e+00, Beta=1.00 ---
--- Save Epoch 3955, Loss=3.5308e+00, IC=1.0330e-01, Res=3.4275e+00, Beta=1.00 ---
--- Save Epoch 3971, Loss=3.2775e+00, IC=7.4573e-02, Res=3.2029e+00, Beta=1.00 ---
--- Save Epoch 3991, Loss=2.9841e+00, IC=8.9572e-02, Res=2.8945e+00, Beta=1.00 ---
[info] epoch 4000, lr=8.15e-04
... RAR IC , Max IC error: 0.7223, t: tensor(0.)
... RAR RES, Max residual error: 10.8726, t: tensor([[0.1164],
        [0.1875],
        [0.1834]])
--- Save Epoch 4051, Loss=2.6900e+00, IC=5.9371e-02, Res=2.6306e+00, Beta=1.00 ---
--- Save Epoch 4083, Loss=2.5503e+00, IC=6.9712e-02, Res=2.4806e+00, Beta=1.00 ---
... RAR IC , Max IC error: 0.6785, t: tensor(0.)
... RAR RES, Max residual error: 11.4572, t: tensor([[0.1957],
        [0.1195],
        [0.1814]])
--- Save Epoch 4219, Loss=2.3892e+00, IC=7.0134e-02, Res=2.3191e+00, Beta=1.00 ---
--- Save Epoch 4239, Loss=2.2475e+00, IC=6.6319e-02, Res=2.1812e+00, Beta=1.00 ---
--- Save Epoch 4255, Loss=2.0881e+00, IC=5.5327e-02, Res=2.0328e+00, Beta=1.00 ---
... RAR IC , Max IC error: 0.5360, t: tensor(0.)
... RAR RES, Max residual error: 13.9290, t: tensor([[0.1973],
        [0.1935],
        [0.0847]])
--- Save Epoch 4303, Loss=1.9378e+00, IC=5.0994e-02, Res=1.8868e+00, Beta=1.00 ---
--- Save Epoch 4371, Loss=1.7990e+00, IC=4.7788e-02, Res=1.7512e+00, Beta=1.00 ---
... RAR IC , Max IC error: 0.4632, t: tensor(0.)
... RAR RES, Max residual error: 10.2647, t: tensor([[0.1009],
        [0.0786],
        [0.1963]])
--- Save Epoch 4455, Loss=1.6789e+00, IC=3.5345e-02, Res=1.6436e+00, Beta=1.00 ---
... RAR IC , Max IC error: 0.3996, t: tensor(0.)
... RAR RES, Max residual error: 7.8928, t: tensor([[0.0714],
        [0.0744],
        [0.0621]])
--- Save Epoch 4583, Loss=1.5862e+00, IC=2.7154e-02, Res=1.5591e+00, Beta=1.00 ---
... RAR IC , Max IC error: 0.3347, t: tensor(0.)
... RAR RES, Max residual error: 11.4008, t: tensor([[0.1126],
        [0.0797],
        [0.0689]])
--- Save Epoch 4667, Loss=1.5057e+00, IC=1.7117e-02, Res=1.4886e+00, Beta=1.00 ---
... RAR IC , Max IC error: 0.2384, t: tensor(0.)
... RAR RES, Max residual error: 8.9574, t: tensor([[0.0828],
        [0.0765],
        [0.0767]])
--- Save Epoch 4739, Loss=1.4067e+00, IC=1.2034e-02, Res=1.3947e+00, Beta=1.00 ---
... RAR IC , Max IC error: 0.1201, t: tensor(0.)
... RAR RES, Max residual error: 6.1164, t: tensor([[0.0718],
        [0.1335],
        [0.1938]])
[info] epoch 5000, lr=7.74e-04
--- Save Epoch 5019, Loss=1.3302e+00, IC=2.1402e-03, Res=1.3281e+00, Beta=1.00 ---
... RAR IC , Max IC error: 0.1371, t: tensor(0.)
... RAR RES, Max residual error: 10.6383, t: tensor([[0.1992],
        [0.1999],
        [0.1982]])
[info] epoch 6000, lr=7.35e-04
--- Save Epoch 6131, Loss=1.2507e+00, IC=1.4551e-03, Res=1.2493e+00, Beta=1.00 ---
... RAR IC , Max IC error: 0.2511, t: tensor(0.)
... RAR RES, Max residual error: 11.1772, t: tensor([[0.1987],
        [0.0153],
        [0.0720]])
[info] epoch 7000, lr=6.98e-04
--- Save Epoch 7985, Loss=1.1784e+00, IC=1.6044e-03, Res=1.1768e+00, Beta=1.00 ---
[info] epoch 8000, lr=6.63e-04
... RAR IC , Max IC error: 0.3678, t: tensor(0.)
... RAR RES, Max residual error: 9.0467, t: tensor([[0.1959],
        [0.1962],
        [0.1983]])
[info] epoch 9000, lr=6.30e-04
[info] epoch 10000, lr=5.99e-04
--- Save Epoch 10825, Loss=1.1067e+00, IC=2.3483e-03, Res=1.1044e+00, Beta=1.00 ---
... RAR IC , Max IC error: 0.6744, t: tensor(0.)
... RAR RES, Max residual error: 11.3299, t: tensor([[0.1400],
        [0.1053],
        [0.1979]])
[info] epoch 11000, lr=5.69e-04
[info] epoch 12000, lr=5.40e-04
--- Save Epoch 12936, Loss=1.0461e+00, IC=3.8062e-03, Res=1.0423e+00, Beta=1.00 ---
[info] epoch 13000, lr=5.13e-04
... RAR IC , Max IC error: 0.6658, t: tensor(0.)
... RAR RES, Max residual error: 15.0914, t: tensor([[0.1919],
        [0.1967],
        [0.1577]])
[info] epoch 14000, lr=4.88e-04
[info] epoch 15000, lr=4.63e-04
--- Save Epoch 15527, Loss=9.6764e-01, IC=4.2237e-03, Res=9.6341e-01, Beta=1.00 ---
... RAR IC , Max IC error: 0.5957, t: tensor(0.)
... RAR RES, Max residual error: 13.3166, t: tensor([[0.1929],
        [0.1761],
        [0.1585]])
[info] epoch 16000, lr=4.40e-04
[info] epoch 17000, lr=4.18e-04
[info] epoch 18000, lr=3.97e-04
--- Save Epoch 18212, Loss=9.1925e-01, IC=4.0333e-03, Res=9.1522e-01, Beta=1.00 ---
... RAR IC , Max IC error: 0.5849, t: tensor(0.)
... RAR RES, Max residual error: 7.9231, t: tensor([[0.1959],
        [0.1997],
        [0.1075]])
[info] epoch 19000, lr=3.77e-04
[info] epoch 20000, lr=3.58e-04
===== logging end   2025-11-15 20:33:14 =====

===== logging start 2025-11-15 21:48:36 =====
--- Save Epoch 1, Loss=1.0222e+04, IC=2.0031e-01, Res=1.0222e+04, Beta=0.00 ---
... RAR IC , Max IC error: 2.2267, t: tensor(0.)
... RAR RES, Max residual error: 428.3462, t: tensor([[0.1672],
        [0.1961],
        [0.0893]])
--- Save Epoch 11, Loss=9.6155e+03, IC=6.5005e+00, Res=9.6090e+03, Beta=0.02 ---
--- Save Epoch 14, Loss=8.9576e+03, IC=1.1312e+01, Res=8.9463e+03, Beta=0.04 ---
--- Save Epoch 15, Loss=8.2274e+03, IC=1.1693e+01, Res=8.2157e+03, Beta=0.06 ---
--- Save Epoch 16, Loss=7.8030e+03, IC=1.2193e+01, Res=7.7908e+03, Beta=0.08 ---
--- Save Epoch 21, Loss=7.2951e+03, IC=1.7570e+01, Res=7.2775e+03, Beta=0.10 ---
--- Save Epoch 24, Loss=6.7423e+03, IC=1.3794e+01, Res=6.7285e+03, Beta=0.12 ---
--- Save Epoch 27, Loss=6.2609e+03, IC=1.8057e+01, Res=6.2428e+03, Beta=0.14 ---
--- Save Epoch 36, Loss=5.6993e+03, IC=3.2864e+01, Res=5.6665e+03, Beta=0.16 ---
--- Save Epoch 37, Loss=5.3626e+03, IC=3.4351e+01, Res=5.3282e+03, Beta=0.18 ---
--- Save Epoch 38, Loss=4.9362e+03, IC=3.7999e+01, Res=4.8982e+03, Beta=0.20 ---
--- Save Epoch 39, Loss=4.3562e+03, IC=4.1551e+01, Res=4.3146e+03, Beta=0.22 ---
--- Save Epoch 41, Loss=4.0356e+03, IC=4.0524e+01, Res=3.9951e+03, Beta=0.24 ---
--- Save Epoch 49, Loss=3.6439e+03, IC=3.9489e+01, Res=3.6044e+03, Beta=0.26 ---
--- Save Epoch 53, Loss=3.1635e+03, IC=4.3132e+01, Res=3.1204e+03, Beta=0.28 ---
--- Save Epoch 66, Loss=2.9788e+03, IC=3.6586e+01, Res=2.9423e+03, Beta=0.30 ---
--- Save Epoch 73, Loss=2.5130e+03, IC=3.0635e+01, Res=2.4823e+03, Beta=0.32 ---
--- Save Epoch 80, Loss=2.3475e+03, IC=3.8208e+01, Res=2.3093e+03, Beta=0.34 ---
--- Save Epoch 81, Loss=2.2173e+03, IC=4.0449e+01, Res=2.1769e+03, Beta=0.36 ---
--- Save Epoch 82, Loss=2.0187e+03, IC=4.2228e+01, Res=1.9765e+03, Beta=0.38 ---
--- Save Epoch 83, Loss=1.9142e+03, IC=3.9209e+01, Res=1.8749e+03, Beta=0.40 ---
--- Save Epoch 89, Loss=1.7822e+03, IC=3.1957e+01, Res=1.7502e+03, Beta=0.42 ---
--- Save Epoch 90, Loss=1.6365e+03, IC=3.2698e+01, Res=1.6038e+03, Beta=0.44 ---
--- Save Epoch 91, Loss=1.4149e+03, IC=3.4502e+01, Res=1.3803e+03, Beta=0.46 ---
--- Save Epoch 92, Loss=1.3408e+03, IC=3.5669e+01, Res=1.3051e+03, Beta=0.48 ---
--- Save Epoch 95, Loss=1.2256e+03, IC=3.4001e+01, Res=1.1916e+03, Beta=0.50 ---
--- Save Epoch 97, Loss=1.0190e+03, IC=2.9743e+01, Res=9.8928e+02, Beta=0.52 ---
--- Save Epoch 100, Loss=8.8324e+02, IC=3.1363e+01, Res=8.5188e+02, Beta=0.54 ---
... RAR IC , Max IC error: 16.3697, t: tensor(0.)
... RAR RES, Max residual error: 199.2546, t: tensor([[0.0025],
        [0.0029],
        [0.0029]])
--- Save Epoch 103, Loss=8.1908e+02, IC=2.8176e+01, Res=7.9090e+02, Beta=0.56 ---
--- Save Epoch 105, Loss=7.5523e+02, IC=2.3667e+01, Res=7.3156e+02, Beta=0.58 ---
--- Save Epoch 106, Loss=6.6872e+02, IC=2.3501e+01, Res=6.4522e+02, Beta=0.60 ---
--- Save Epoch 109, Loss=5.9349e+02, IC=2.3512e+01, Res=5.6998e+02, Beta=0.62 ---
--- Save Epoch 111, Loss=5.0057e+02, IC=2.4974e+01, Res=4.7560e+02, Beta=0.64 ---
--- Save Epoch 115, Loss=3.8814e+02, IC=1.7927e+01, Res=3.7022e+02, Beta=0.66 ---
--- Save Epoch 118, Loss=3.5243e+02, IC=1.8517e+01, Res=3.3391e+02, Beta=0.68 ---
--- Save Epoch 132, Loss=3.1533e+02, IC=1.1520e+01, Res=3.0381e+02, Beta=0.70 ---
--- Save Epoch 136, Loss=2.9357e+02, IC=1.1962e+01, Res=2.8161e+02, Beta=0.72 ---
--- Save Epoch 138, Loss=2.4046e+02, IC=1.0696e+01, Res=2.2976e+02, Beta=0.74 ---
--- Save Epoch 140, Loss=2.1471e+02, IC=9.1472e+00, Res=2.0556e+02, Beta=0.76 ---
--- Save Epoch 143, Loss=1.8238e+02, IC=7.1860e+00, Res=1.7520e+02, Beta=0.78 ---
--- Save Epoch 144, Loss=1.4706e+02, IC=6.0234e+00, Res=1.4104e+02, Beta=0.80 ---
--- Save Epoch 147, Loss=1.2089e+02, IC=6.0412e+00, Res=1.1484e+02, Beta=0.82 ---
--- Save Epoch 148, Loss=8.6502e+01, IC=5.9723e+00, Res=8.0530e+01, Beta=0.84 ---
--- Save Epoch 149, Loss=7.8673e+01, IC=6.2203e+00, Res=7.2453e+01, Beta=0.86 ---
--- Save Epoch 150, Loss=6.5804e+01, IC=5.4231e+00, Res=6.0380e+01, Beta=0.88 ---
--- Save Epoch 153, Loss=6.1960e+01, IC=1.8094e+00, Res=6.0151e+01, Beta=0.90 ---
--- Save Epoch 154, Loss=3.3578e+01, IC=1.5636e+00, Res=3.2014e+01, Beta=0.92 ---
--- Save Epoch 155, Loss=2.9816e+01, IC=1.4686e+00, Res=2.8348e+01, Beta=0.94 ---
--- Save Epoch 156, Loss=2.1388e+01, IC=1.2279e+00, Res=2.0160e+01, Beta=0.96 ---
--- Save Epoch 157, Loss=1.8015e+01, IC=7.2852e-01, Res=1.7287e+01, Beta=0.98 ---
--- Save Epoch 158, Loss=1.4335e+01, IC=4.3709e-01, Res=1.3898e+01, Beta=1.00 ---
--- Save Epoch 160, Loss=1.2215e+01, IC=2.3256e-01, Res=1.1983e+01, Beta=1.00 ---
--- Save Epoch 161, Loss=4.6525e+00, IC=1.4993e-01, Res=4.5026e+00, Beta=1.00 ---
--- Save Epoch 163, Loss=4.3909e+00, IC=7.4535e-02, Res=4.3164e+00, Beta=1.00 ---
--- Save Epoch 164, Loss=3.6634e+00, IC=1.0242e-01, Res=3.5610e+00, Beta=1.00 ---
--- Save Epoch 166, Loss=2.5968e+00, IC=8.9479e-02, Res=2.5074e+00, Beta=1.00 ---
--- Save Epoch 171, Loss=1.7913e+00, IC=8.6403e-02, Res=1.7049e+00, Beta=1.00 ---
--- Save Epoch 175, Loss=1.5517e+00, IC=2.5022e-02, Res=1.5267e+00, Beta=1.00 ---
--- Save Epoch 177, Loss=1.3686e+00, IC=1.1071e-01, Res=1.2579e+00, Beta=1.00 ---
--- Save Epoch 178, Loss=1.2900e+00, IC=8.7398e-02, Res=1.2026e+00, Beta=1.00 ---
--- Save Epoch 179, Loss=8.5635e-01, IC=3.3697e-02, Res=8.2265e-01, Beta=1.00 ---
--- Save Epoch 182, Loss=7.1445e-01, IC=1.9149e-02, Res=6.9530e-01, Beta=1.00 ---
--- Save Epoch 199, Loss=4.9367e-01, IC=8.4835e-03, Res=4.8519e-01, Beta=1.00 ---
... RAR IC , Max IC error: 0.4462, t: tensor(0.)
... RAR RES, Max residual error: 10.5374, t: tensor([[0.1902],
        [0.1973],
        [0.1829]])
--- Save Epoch 478, Loss=4.1619e-01, IC=4.5025e-03, Res=4.1169e-01, Beta=1.00 ---
... RAR IC , Max IC error: 0.4803, t: tensor(0.)
... RAR RES, Max residual error: 8.2234, t: tensor([[0.2000],
        [0.2000],
        [0.1850]])
--- Save Epoch 680, Loss=3.8383e-01, IC=4.8399e-03, Res=3.7899e-01, Beta=1.00 ---
--- Save Epoch 685, Loss=3.5679e-01, IC=5.3140e-03, Res=3.5147e-01, Beta=1.00 ---
... RAR IC , Max IC error: 0.6225, t: tensor(0.)
... RAR RES, Max residual error: 8.9378, t: tensor([[0.1060],
        [0.1951],
        [0.1990]])
--- Save Epoch 944, Loss=2.8724e-01, IC=7.4668e-03, Res=2.7977e-01, Beta=1.00 ---
[info] epoch 1000, lr=9.50e-04
... RAR IC , Max IC error: 0.6529, t: tensor(0.)
... RAR RES, Max residual error: 9.7056, t: tensor([[0.1975],
        [0.1975],
        [0.1153]])
--- Save Epoch 1082, Loss=2.6870e-01, IC=8.5352e-03, Res=2.6017e-01, Beta=1.00 ---
--- Save Epoch 1100, Loss=2.5288e-01, IC=8.5654e-03, Res=2.4432e-01, Beta=1.00 ---
... RAR IC , Max IC error: 0.5411, t: tensor(0.)
... RAR RES, Max residual error: 8.4210, t: tensor([[0.1955],
        [0.1955],
        [0.1282]])
--- Save Epoch 1212, Loss=2.2063e-01, IC=8.3611e-03, Res=2.1227e-01, Beta=1.00 ---
--- Save Epoch 1234, Loss=2.0583e-01, IC=8.1857e-03, Res=1.9764e-01, Beta=1.00 ---
--- Save Epoch 1275, Loss=1.9318e-01, IC=9.5885e-03, Res=1.8360e-01, Beta=1.00 ---
... RAR IC , Max IC error: 0.4969, t: tensor(0.)
... RAR RES, Max residual error: 6.8835, t: tensor([[0.1947],
        [0.1945],
        [0.0640]])
--- Save Epoch 1382, Loss=1.8350e-01, IC=9.1322e-03, Res=1.7437e-01, Beta=1.00 ---
--- Save Epoch 1394, Loss=1.6357e-01, IC=7.9740e-03, Res=1.5559e-01, Beta=1.00 ---
... RAR IC , Max IC error: 0.4445, t: tensor(0.)
... RAR RES, Max residual error: 5.3416, t: tensor([[0.0981],
        [0.1985],
        [0.1773]])
--- Save Epoch 1480, Loss=1.4863e-01, IC=9.0991e-03, Res=1.3954e-01, Beta=1.00 ---
... RAR IC , Max IC error: 0.4544, t: tensor(0.)
... RAR RES, Max residual error: 4.7406, t: tensor([[0.1897],
        [0.1967],
        [0.1989]])
--- Save Epoch 1735, Loss=1.3608e-01, IC=8.6208e-03, Res=1.2746e-01, Beta=1.00 ---
... RAR IC , Max IC error: 0.4453, t: tensor(0.)
... RAR RES, Max residual error: 4.7533, t: tensor([[0.1117],
        [0.0767],
        [0.0758]])
--- Save Epoch 1931, Loss=1.2764e-01, IC=8.8237e-03, Res=1.1881e-01, Beta=1.00 ---
--- Save Epoch 1955, Loss=1.1692e-01, IC=9.1228e-03, Res=1.0780e-01, Beta=1.00 ---
[info] epoch 2000, lr=9.02e-04
... RAR IC , Max IC error: 0.4194, t: tensor(0.)
... RAR RES, Max residual error: 8.2627, t: tensor([[0.0781],
        [0.0882],
        [0.1879]])
--- Save Epoch 2216, Loss=1.0915e-01, IC=8.5877e-03, Res=1.0056e-01, Beta=1.00 ---
... RAR IC , Max IC error: 0.3609, t: tensor(0.)
... RAR RES, Max residual error: 3.3057, t: tensor([[0.1119],
        [0.1309],
        [0.1862]])
--- Save Epoch 2421, Loss=9.9391e-02, IC=1.0282e-02, Res=8.9110e-02, Beta=1.00 ---
... RAR IC , Max IC error: 0.4241, t: tensor(0.)
... RAR RES, Max residual error: 5.0421, t: tensor([[0.0898],
        [0.1190],
        [0.1990]])
--- Save Epoch 2656, Loss=9.1784e-02, IC=8.8657e-03, Res=8.2919e-02, Beta=1.00 ---
... RAR IC , Max IC error: 0.3914, t: tensor(0.)
... RAR RES, Max residual error: 5.8310, t: tensor([[0.1280],
        [0.1304],
        [0.1219]])
--- Save Epoch 2909, Loss=8.1844e-02, IC=8.6124e-03, Res=7.3232e-02, Beta=1.00 ---
[info] epoch 3000, lr=8.57e-04
... RAR IC , Max IC error: 0.3651, t: tensor(0.)
... RAR RES, Max residual error: 8.7884, t: tensor([[0.1950],
        [0.0959],
        [0.1099]])
--- Save Epoch 3051, Loss=7.4592e-02, IC=9.2102e-03, Res=6.5381e-02, Beta=1.00 ---
--- Save Epoch 3094, Loss=6.8158e-02, IC=7.6984e-03, Res=6.0459e-02, Beta=1.00 ---
... RAR IC , Max IC error: 0.3518, t: tensor(0.)
... RAR RES, Max residual error: 4.2168, t: tensor([[0.1153],
        [0.1859],
        [0.1997]])
--- Save Epoch 3371, Loss=6.4404e-02, IC=7.9706e-03, Res=5.6434e-02, Beta=1.00 ---
--- Save Epoch 3387, Loss=6.0140e-02, IC=8.3607e-03, Res=5.1780e-02, Beta=1.00 ---
... RAR IC , Max IC error: 0.3214, t: tensor(0.)
... RAR RES, Max residual error: 8.4390, t: tensor([[0.1165],
        [0.1081],
        [0.0792]])
--- Save Epoch 3691, Loss=5.5089e-02, IC=7.2521e-03, Res=4.7836e-02, Beta=1.00 ---
... RAR IC , Max IC error: 0.3296, t: tensor(0.)
... RAR RES, Max residual error: 5.5233, t: tensor([[0.1988],
        [0.1899],
        [0.1988]])
[info] epoch 4000, lr=8.15e-04
--- Save Epoch 4032, Loss=5.1054e-02, IC=6.7415e-03, Res=4.4313e-02, Beta=1.00 ---
... RAR IC , Max IC error: 0.3011, t: tensor(0.)
... RAR RES, Max residual error: 4.8458, t: tensor([[0.1011],
        [0.1955],
        [0.1335]])
--- Save Epoch 4424, Loss=4.6247e-02, IC=7.4148e-03, Res=3.8833e-02, Beta=1.00 ---
... RAR IC , Max IC error: 0.2492, t: tensor(0.)
... RAR RES, Max residual error: 5.0171, t: tensor([[0.0899],
        [0.0905],
        [0.1913]])
[info] epoch 5000, lr=7.74e-04
--- Save Epoch 5265, Loss=4.3320e-02, IC=5.8325e-03, Res=3.7487e-02, Beta=1.00 ---
... RAR IC , Max IC error: 0.3160, t: tensor(0.)
... RAR RES, Max residual error: 5.7215, t: tensor([[0.1071],
        [0.1345],
        [0.1121]])
--- Save Epoch 5473, Loss=3.5521e-02, IC=5.8443e-03, Res=2.9677e-02, Beta=1.00 ---
... RAR IC , Max IC error: 0.2236, t: tensor(0.)
... RAR RES, Max residual error: 7.2015, t: tensor([[0.1939],
        [0.0889],
        [0.1271]])
[info] epoch 6000, lr=7.35e-04
--- Save Epoch 6114, Loss=3.3735e-02, IC=4.8062e-03, Res=2.8929e-02, Beta=1.00 ---
... RAR IC , Max IC error: 0.2646, t: tensor(0.)
... RAR RES, Max residual error: 4.3414, t: tensor([[0.1174],
        [0.0954],
        [0.1991]])
[info] epoch 7000, lr=6.98e-04
--- Save Epoch 7019, Loss=3.0762e-02, IC=4.2471e-03, Res=2.6515e-02, Beta=1.00 ---
... RAR IC , Max IC error: 0.2107, t: tensor(0.)
... RAR RES, Max residual error: 6.8039, t: tensor([[0.0980],
        [0.1345],
        [0.0672]])
--- Save Epoch 7335, Loss=2.9180e-02, IC=3.8488e-03, Res=2.5331e-02, Beta=1.00 ---
--- Save Epoch 7369, Loss=2.4848e-02, IC=3.8109e-03, Res=2.1037e-02, Beta=1.00 ---
... RAR IC , Max IC error: 0.2140, t: tensor(0.)
... RAR RES, Max residual error: 5.8969, t: tensor([[0.1204],
        [0.1146],
        [0.1116]])
[info] epoch 8000, lr=6.63e-04
--- Save Epoch 8309, Loss=2.1784e-02, IC=3.4331e-03, Res=1.8351e-02, Beta=1.00 ---
... RAR IC , Max IC error: 0.1565, t: tensor(0.)
... RAR RES, Max residual error: 3.4094, t: tensor([[0.1280],
        [0.1964],
        [0.1996]])
[info] epoch 9000, lr=6.30e-04
--- Save Epoch 9038, Loss=2.0562e-02, IC=2.8356e-03, Res=1.7726e-02, Beta=1.00 ---
--- Save Epoch 9072, Loss=1.6198e-02, IC=2.8021e-03, Res=1.3396e-02, Beta=1.00 ---
... RAR IC , Max IC error: 0.1809, t: tensor(0.)
... RAR RES, Max residual error: 3.5239, t: tensor([[0.1982],
        [0.1989],
        [0.0415]])
[info] epoch 10000, lr=5.99e-04
[info] epoch 11000, lr=5.69e-04
--- Save Epoch 11411, Loss=1.4500e-02, IC=2.3163e-03, Res=1.2184e-02, Beta=1.00 ---
... RAR IC , Max IC error: 0.1806, t: tensor(0.)
... RAR RES, Max residual error: 5.5776, t: tensor([[0.1118],
        [0.1821],
        [0.1014]])
[info] epoch 12000, lr=5.40e-04
--- Save Epoch 12158, Loss=1.3505e-02, IC=1.9649e-03, Res=1.1540e-02, Beta=1.00 ---
... RAR IC , Max IC error: 0.1275, t: tensor(0.)
... RAR RES, Max residual error: 4.9801, t: tensor([[0.0848],
        [0.1421],
        [0.1649]])
--- Save Epoch 12756, Loss=1.2550e-02, IC=1.8136e-03, Res=1.0736e-02, Beta=1.00 ---
... RAR IC , Max IC error: 0.1162, t: tensor(0.)
... RAR RES, Max residual error: 5.9659, t: tensor([[0.0905],
        [0.1010],
        [0.1296]])
[info] epoch 13000, lr=5.13e-04
[info] epoch 14000, lr=4.88e-04
--- Save Epoch 14819, Loss=1.1191e-02, IC=1.5098e-03, Res=9.6811e-03, Beta=1.00 ---
... RAR IC , Max IC error: 0.1079, t: tensor(0.)
... RAR RES, Max residual error: 3.5263, t: tensor([[0.1103],
        [0.1083],
        [0.0944]])
[info] epoch 15000, lr=4.63e-04
--- Save Epoch 15180, Loss=1.0351e-02, IC=1.4175e-03, Res=8.9338e-03, Beta=1.00 ---
... RAR IC , Max IC error: 0.1025, t: tensor(0.)
... RAR RES, Max residual error: 2.7943, t: tensor([[0.1348],
        [0.1160],
        [0.1971]])
[info] epoch 16000, lr=4.40e-04
--- Save Epoch 16097, Loss=8.9978e-03, IC=1.1911e-03, Res=7.8067e-03, Beta=1.00 ---
... RAR IC , Max IC error: 0.0996, t: tensor(0.)
... RAR RES, Max residual error: 4.2481, t: tensor([[0.0851],
        [0.1117],
        [0.0780]])
[info] epoch 17000, lr=4.18e-04
--- Save Epoch 17042, Loss=7.9549e-03, IC=1.2209e-03, Res=6.7339e-03, Beta=1.00 ---
... RAR IC , Max IC error: 0.1247, t: tensor(0.)
... RAR RES, Max residual error: 9.3036, t: tensor([[0.0989],
        [0.0918],
        [0.0960]])
[info] epoch 18000, lr=3.97e-04
[info] epoch 19000, lr=3.77e-04
--- Save Epoch 19180, Loss=7.3000e-03, IC=8.6269e-04, Res=6.4373e-03, Beta=1.00 ---
... RAR IC , Max IC error: 0.0860, t: tensor(0.)
... RAR RES, Max residual error: 2.0222, t: tensor([[0.1996],
        [0.1948],
        [0.0956]])
[info] epoch 20000, lr=3.58e-04
--- Save Epoch 20501, Loss=6.8039e-03, IC=7.5416e-04, Res=6.0497e-03, Beta=1.00 ---
... RAR IC , Max IC error: 0.0872, t: tensor(0.)
... RAR RES, Max residual error: 5.5327, t: tensor([[0.1391],
        [0.0900],
        [0.0749]])
[info] epoch 21000, lr=3.41e-04
--- Save Epoch 21439, Loss=6.4111e-03, IC=6.9859e-04, Res=5.7125e-03, Beta=1.00 ---
... RAR IC , Max IC error: 0.0991, t: tensor(0.)
... RAR RES, Max residual error: 1.5562, t: tensor([[0.1953],
        [0.1089],
        [0.0454]])
[info] epoch 22000, lr=3.24e-04
[info] epoch 23000, lr=3.07e-04
--- Save Epoch 23223, Loss=5.5062e-03, IC=5.8339e-04, Res=4.9228e-03, Beta=1.00 ---
... RAR IC , Max IC error: 0.0732, t: tensor(0.)
... RAR RES, Max residual error: 7.6963, t: tensor([[0.0800],
        [0.0819],
        [0.0898]])
[info] epoch 24000, lr=2.92e-04
[info] epoch 25000, lr=2.77e-04
--- Save Epoch 25145, Loss=4.8045e-03, IC=4.8226e-04, Res=4.3223e-03, Beta=1.00 ---
... RAR IC , Max IC error: 0.0621, t: tensor(0.)
... RAR RES, Max residual error: 4.6497, t: tensor([[0.1018],
        [0.1281],
        [0.1246]])
[info] epoch 26000, lr=2.64e-04
[info] epoch 27000, lr=2.50e-04
--- Save Epoch 27271, Loss=4.5387e-03, IC=4.7577e-04, Res=4.0629e-03, Beta=1.00 ---
... RAR IC , Max IC error: 0.0656, t: tensor(0.)
... RAR RES, Max residual error: 2.8773, t: tensor([[0.1180],
        [0.1212],
        [0.1923]])
[info] epoch 28000, lr=2.38e-04
--- Save Epoch 28320, Loss=4.2788e-03, IC=4.1270e-04, Res=3.8661e-03, Beta=1.00 ---
... RAR IC , Max IC error: 0.0556, t: tensor(0.)
... RAR RES, Max residual error: 4.0724, t: tensor([[0.1980],
        [0.0909],
        [0.1889]])
--- Save Epoch 28949, Loss=4.0118e-03, IC=3.8225e-04, Res=3.6295e-03, Beta=1.00 ---
[info] epoch 29000, lr=2.26e-04
... RAR IC , Max IC error: 0.0557, t: tensor(0.)
... RAR RES, Max residual error: 4.1591, t: tensor([[0.1284],
        [0.0891],
        [0.1205]])
[info] epoch 30000, lr=2.15e-04
===== logging end   2025-11-16 02:17:04 =====

===== logging start 2025-11-16 09:09:43 =====
--- Save Epoch 1, Loss=9.4964e+03, IC=2.0031e-01, Res=9.4962e+03, Beta=0.00 ---
... RAR IC , Max IC error: 2.2022, t: tensor(0.)
... RAR RES, Max residual error: 427.3689, t: tensor([[0.1378],
        [0.0793],
        [0.1724]])
--- Save Epoch 19, Loss=8.9946e+03, IC=9.5455e+00, Res=8.9851e+03, Beta=0.02 ---
--- Save Epoch 20, Loss=8.4064e+03, IC=1.0035e+01, Res=8.3963e+03, Beta=0.04 ---
--- Save Epoch 23, Loss=7.9687e+03, IC=1.1149e+01, Res=7.9576e+03, Beta=0.06 ---
--- Save Epoch 28, Loss=7.0851e+03, IC=1.7946e+01, Res=7.0672e+03, Beta=0.08 ---
--- Save Epoch 31, Loss=6.6390e+03, IC=2.6503e+01, Res=6.6125e+03, Beta=0.10 ---
--- Save Epoch 36, Loss=5.9847e+03, IC=2.5786e+01, Res=5.9589e+03, Beta=0.12 ---
--- Save Epoch 39, Loss=5.4951e+03, IC=3.4216e+01, Res=5.4608e+03, Beta=0.14 ---
--- Save Epoch 44, Loss=5.1709e+03, IC=5.4050e+01, Res=5.1169e+03, Beta=0.16 ---
--- Save Epoch 48, Loss=4.7507e+03, IC=4.2306e+01, Res=4.7084e+03, Beta=0.18 ---
--- Save Epoch 50, Loss=4.3690e+03, IC=5.2555e+01, Res=4.3164e+03, Beta=0.20 ---
--- Save Epoch 53, Loss=4.1186e+03, IC=5.2468e+01, Res=4.0662e+03, Beta=0.22 ---
--- Save Epoch 60, Loss=3.7980e+03, IC=3.3761e+01, Res=3.7643e+03, Beta=0.24 ---
--- Save Epoch 62, Loss=3.5774e+03, IC=3.5701e+01, Res=3.5417e+03, Beta=0.26 ---
--- Save Epoch 64, Loss=3.3654e+03, IC=4.4925e+01, Res=3.3205e+03, Beta=0.28 ---
--- Save Epoch 65, Loss=2.9428e+03, IC=4.7815e+01, Res=2.8950e+03, Beta=0.30 ---
--- Save Epoch 76, Loss=2.7167e+03, IC=2.9234e+01, Res=2.6875e+03, Beta=0.32 ---
--- Save Epoch 80, Loss=2.4249e+03, IC=3.6627e+01, Res=2.3883e+03, Beta=0.34 ---
--- Save Epoch 83, Loss=2.2823e+03, IC=3.4414e+01, Res=2.2479e+03, Beta=0.36 ---
--- Save Epoch 85, Loss=2.0065e+03, IC=3.8103e+01, Res=1.9684e+03, Beta=0.38 ---
--- Save Epoch 88, Loss=1.8143e+03, IC=3.9970e+01, Res=1.7744e+03, Beta=0.40 ---
--- Save Epoch 89, Loss=1.7171e+03, IC=3.9292e+01, Res=1.6778e+03, Beta=0.42 ---
--- Save Epoch 90, Loss=1.5740e+03, IC=3.5760e+01, Res=1.5383e+03, Beta=0.44 ---
--- Save Epoch 92, Loss=1.3777e+03, IC=3.1058e+01, Res=1.3467e+03, Beta=0.46 ---
--- Save Epoch 94, Loss=1.2009e+03, IC=2.6889e+01, Res=1.1740e+03, Beta=0.48 ---
... RAR IC , Max IC error: 14.7815, t: tensor(0.)
... RAR RES, Max residual error: 194.3124, t: tensor([[0.1483],
        [0.1196],
        [0.1416]])
--- Save Epoch 112, Loss=1.1179e+03, IC=2.7895e+01, Res=1.0900e+03, Beta=0.50 ---
--- Save Epoch 118, Loss=9.6814e+02, IC=3.0370e+01, Res=9.3777e+02, Beta=0.52 ---
--- Save Epoch 122, Loss=8.3306e+02, IC=2.9110e+01, Res=8.0394e+02, Beta=0.54 ---
--- Save Epoch 127, Loss=6.7885e+02, IC=2.4440e+01, Res=6.5441e+02, Beta=0.56 ---
--- Save Epoch 132, Loss=6.1248e+02, IC=2.3782e+01, Res=5.8870e+02, Beta=0.58 ---
--- Save Epoch 157, Loss=5.1333e+02, IC=1.6867e+01, Res=4.9647e+02, Beta=0.60 ---
--- Save Epoch 159, Loss=3.8428e+02, IC=1.5292e+01, Res=3.6898e+02, Beta=0.62 ---
--- Save Epoch 165, Loss=3.1845e+02, IC=1.3279e+01, Res=3.0517e+02, Beta=0.64 ---
--- Save Epoch 179, Loss=2.7452e+02, IC=1.2437e+01, Res=2.6208e+02, Beta=0.66 ---
--- Save Epoch 187, Loss=2.0998e+02, IC=1.0863e+01, Res=1.9912e+02, Beta=0.68 ---
--- Save Epoch 194, Loss=1.8578e+02, IC=9.5432e+00, Res=1.7624e+02, Beta=0.70 ---
--- Save Epoch 198, Loss=1.7143e+02, IC=8.8963e+00, Res=1.6253e+02, Beta=0.72 ---
... RAR IC , Max IC error: 12.3961, t: tensor(0.)
... RAR RES, Max residual error: 118.9340, t: tensor([[0.1976],
        [0.1963],
        [0.1858]])
--- Save Epoch 206, Loss=1.4694e+02, IC=7.5907e+00, Res=1.3935e+02, Beta=0.74 ---
--- Save Epoch 219, Loss=1.2984e+02, IC=7.8454e+00, Res=1.2200e+02, Beta=0.76 ---
--- Save Epoch 240, Loss=1.0619e+02, IC=5.8136e+00, Res=1.0037e+02, Beta=0.78 ---
--- Save Epoch 241, Loss=8.1121e+01, IC=7.0411e+00, Res=7.4080e+01, Beta=0.80 ---
--- Save Epoch 248, Loss=7.6699e+01, IC=3.9540e+00, Res=7.2745e+01, Beta=0.82 ---
--- Save Epoch 249, Loss=5.7694e+01, IC=4.7397e+00, Res=5.2954e+01, Beta=0.84 ---
--- Save Epoch 258, Loss=5.2660e+01, IC=2.4126e+00, Res=5.0248e+01, Beta=0.86 ---
--- Save Epoch 259, Loss=3.7270e+01, IC=2.3920e+00, Res=3.4878e+01, Beta=0.88 ---
--- Save Epoch 262, Loss=2.5618e+01, IC=1.9566e+00, Res=2.3661e+01, Beta=0.90 ---
--- Save Epoch 264, Loss=2.1578e+01, IC=1.5224e+00, Res=2.0055e+01, Beta=0.92 ---
--- Save Epoch 265, Loss=1.4342e+01, IC=1.1964e+00, Res=1.3146e+01, Beta=0.94 ---
--- Save Epoch 268, Loss=1.2609e+01, IC=4.2263e-01, Res=1.2187e+01, Beta=0.96 ---
--- Save Epoch 269, Loss=1.0674e+01, IC=4.5543e-01, Res=1.0218e+01, Beta=0.98 ---
--- Save Epoch 271, Loss=7.4002e+00, IC=1.7158e-01, Res=7.2287e+00, Beta=1.00 ---
--- Save Epoch 273, Loss=5.1342e+00, IC=1.6681e-01, Res=4.9674e+00, Beta=1.00 ---
--- Save Epoch 282, Loss=4.5117e+00, IC=6.9760e-02, Res=4.4419e+00, Beta=1.00 ---
--- Save Epoch 283, Loss=3.2951e+00, IC=4.4947e-02, Res=3.2502e+00, Beta=1.00 ---
--- Save Epoch 286, Loss=2.6121e+00, IC=1.0001e-01, Res=2.5121e+00, Beta=1.00 ---
--- Save Epoch 287, Loss=2.4559e+00, IC=2.4846e-02, Res=2.4311e+00, Beta=1.00 ---
--- Save Epoch 289, Loss=2.3268e+00, IC=3.0467e-02, Res=2.2963e+00, Beta=1.00 ---
--- Save Epoch 290, Loss=2.1431e+00, IC=6.2340e-02, Res=2.0808e+00, Beta=1.00 ---
--- Save Epoch 294, Loss=1.9792e+00, IC=2.0651e-02, Res=1.9585e+00, Beta=1.00 ---
--- Save Epoch 300, Loss=1.6933e+00, IC=2.1491e-02, Res=1.6719e+00, Beta=1.00 ---
... RAR IC , Max IC error: 0.8064, t: tensor(0.)
... RAR RES, Max residual error: 9.2387, t: tensor([[0.1934],
        [0.1988],
        [0.1785]])
--- Save Epoch 388, Loss=1.5491e+00, IC=7.4026e-03, Res=1.5417e+00, Beta=1.00 ---
--- Save Epoch 399, Loss=1.4644e+00, IC=9.4661e-03, Res=1.4549e+00, Beta=1.00 ---
... RAR IC , Max IC error: 0.5720, t: tensor(0.)
... RAR RES, Max residual error: 7.9771, t: tensor([[0.1988],
        [0.1988],
        [0.1967]])
--- Save Epoch 468, Loss=1.2569e+00, IC=8.8646e-03, Res=1.2480e+00, Beta=1.00 ---
--- Save Epoch 499, Loss=1.1884e+00, IC=1.2539e-02, Res=1.1758e+00, Beta=1.00 ---
--- Save Epoch 500, Loss=1.1125e+00, IC=1.4536e-02, Res=1.0979e+00, Beta=1.00 ---
... RAR IC , Max IC error: 0.6841, t: tensor(0.)
... RAR RES, Max residual error: 13.0826, t: tensor([[0.1997],
        [0.1997],
        [0.1967]])
--- Save Epoch 556, Loss=1.0211e+00, IC=1.8404e-02, Res=1.0027e+00, Beta=1.00 ---
--- Save Epoch 595, Loss=9.2308e-01, IC=2.0894e-02, Res=9.0219e-01, Beta=1.00 ---
... RAR IC , Max IC error: 0.8991, t: tensor(0.)
... RAR RES, Max residual error: 10.4828, t: tensor([[0.1963],
        [0.1832],
        [0.1963]])
--- Save Epoch 634, Loss=8.3510e-01, IC=2.4497e-02, Res=8.1060e-01, Beta=1.00 ---
--- Save Epoch 662, Loss=7.9261e-01, IC=3.0446e-02, Res=7.6216e-01, Beta=1.00 ---
--- Save Epoch 667, Loss=7.2155e-01, IC=2.7888e-02, Res=6.9366e-01, Beta=1.00 ---
--- Save Epoch 681, Loss=6.6499e-01, IC=2.7903e-02, Res=6.3709e-01, Beta=1.00 ---
... RAR IC , Max IC error: 0.9474, t: tensor(0.)
... RAR RES, Max residual error: 11.9711, t: tensor([[0.1945],
        [0.1961],
        [0.1994]])
--- Save Epoch 794, Loss=5.2728e-01, IC=2.7520e-02, Res=4.9976e-01, Beta=1.00 ---
... RAR IC , Max IC error: 0.8859, t: tensor(0.)
... RAR RES, Max residual error: 9.8697, t: tensor([[0.1994],
        [0.1994],
        [0.1964]])
--- Save Epoch 871, Loss=4.9602e-01, IC=2.6084e-02, Res=4.6993e-01, Beta=1.00 ---
--- Save Epoch 892, Loss=4.2926e-01, IC=2.4985e-02, Res=4.0428e-01, Beta=1.00 ---
... RAR IC , Max IC error: 0.7139, t: tensor(0.)
... RAR RES, Max residual error: 8.3576, t: tensor([[0.1939],
        [0.1604],
        [0.1599]])
[info] epoch 1000, lr=9.50e-04
--- Save Epoch 1031, Loss=3.8692e-01, IC=2.5742e-02, Res=3.6118e-01, Beta=1.00 ---
--- Save Epoch 1065, Loss=3.6565e-01, IC=2.3222e-02, Res=3.4243e-01, Beta=1.00 ---
--- Save Epoch 1067, Loss=2.9840e-01, IC=2.2474e-02, Res=2.7592e-01, Beta=1.00 ---
... RAR IC , Max IC error: 0.6163, t: tensor(0.)
... RAR RES, Max residual error: 7.3662, t: tensor([[0.1968],
        [0.1958],
        [0.1968]])
--- Save Epoch 1211, Loss=2.7914e-01, IC=2.0288e-02, Res=2.5885e-01, Beta=1.00 ---
--- Save Epoch 1267, Loss=2.5817e-01, IC=1.9972e-02, Res=2.3819e-01, Beta=1.00 ---
... RAR IC , Max IC error: 0.6057, t: tensor(0.)
... RAR RES, Max residual error: 6.6299, t: tensor([[0.1954],
        [0.1984],
        [0.1974]])
--- Save Epoch 1444, Loss=2.3460e-01, IC=2.1218e-02, Res=2.1338e-01, Beta=1.00 ---
... RAR IC , Max IC error: 0.6916, t: tensor(0.)
... RAR RES, Max residual error: 6.7420, t: tensor([[0.1950],
        [0.1740],
        [0.1944]])
--- Save Epoch 1650, Loss=2.0034e-01, IC=2.2164e-02, Res=1.7818e-01, Beta=1.00 ---
... RAR IC , Max IC error: 0.6662, t: tensor(0.)
... RAR RES, Max residual error: 5.2052, t: tensor([[0.1925],
        [0.1989],
        [0.1913]])
--- Save Epoch 1776, Loss=1.7283e-01, IC=2.1867e-02, Res=1.5096e-01, Beta=1.00 ---
... RAR IC , Max IC error: 0.5728, t: tensor(0.)
... RAR RES, Max residual error: 5.1843, t: tensor([[0.1963],
        [0.1975],
        [0.1975]])
[info] epoch 2000, lr=9.02e-04
--- Save Epoch 2162, Loss=1.6173e-01, IC=2.0513e-02, Res=1.4122e-01, Beta=1.00 ---
--- Save Epoch 2198, Loss=1.3795e-01, IC=1.9019e-02, Res=1.1893e-01, Beta=1.00 ---
... RAR IC , Max IC error: 0.5024, t: tensor(0.)
... RAR RES, Max residual error: 6.4234, t: tensor([[0.1928],
        [0.1972],
        [0.1995]])
--- Save Epoch 2937, Loss=1.2253e-01, IC=1.7634e-02, Res=1.0489e-01, Beta=1.00 ---
--- Save Epoch 2971, Loss=1.1397e-01, IC=1.7583e-02, Res=9.6382e-02, Beta=1.00 ---
[info] epoch 3000, lr=8.57e-04
... RAR IC , Max IC error: 0.5046, t: tensor(0.)
... RAR RES, Max residual error: 6.6672, t: tensor([[0.1996],
        [0.1996],
        [0.1996]])
--- Save Epoch 3047, Loss=1.0240e-01, IC=1.8796e-02, Res=8.3608e-02, Beta=1.00 ---
... RAR IC , Max IC error: 0.4962, t: tensor(0.)
... RAR RES, Max residual error: 3.4277, t: tensor([[0.1885],
        [0.1917],
        [0.1960]])
--- Save Epoch 3311, Loss=9.6996e-02, IC=1.7749e-02, Res=7.9246e-02, Beta=1.00 ---
... RAR IC , Max IC error: 0.4791, t: tensor(0.)
... RAR RES, Max residual error: 6.0794, t: tensor([[0.1982],
        [0.1961],
        [0.1961]])
--- Save Epoch 3629, Loss=9.2053e-02, IC=1.6886e-02, Res=7.5167e-02, Beta=1.00 ---
... RAR IC , Max IC error: 0.3975, t: tensor(0.)
... RAR RES, Max residual error: 5.5708, t: tensor([[0.1985],
        [0.1956],
        [0.1985]])
--- Save Epoch 3967, Loss=7.9634e-02, IC=1.7336e-02, Res=6.2298e-02, Beta=1.00 ---
[info] epoch 4000, lr=8.15e-04
... RAR IC , Max IC error: 0.4552, t: tensor(0.)
... RAR RES, Max residual error: 5.3903, t: tensor([[0.1992],
        [0.1992],
        [0.1992]])
--- Save Epoch 4321, Loss=6.8831e-02, IC=1.4139e-02, Res=5.4691e-02, Beta=1.00 ---
... RAR IC , Max IC error: 0.4276, t: tensor(0.)
... RAR RES, Max residual error: 4.5890, t: tensor([[0.1996],
        [0.1994],
        [0.1986]])
[info] epoch 5000, lr=7.74e-04
--- Save Epoch 5360, Loss=6.4018e-02, IC=1.2374e-02, Res=5.1644e-02, Beta=1.00 ---
... RAR IC , Max IC error: 0.3366, t: tensor(0.)
... RAR RES, Max residual error: 3.6905, t: tensor([[0.1843],
        [0.1596],
        [0.1957]])
--- Save Epoch 5874, Loss=6.0650e-02, IC=1.0738e-02, Res=4.9912e-02, Beta=1.00 ---
--- Save Epoch 5896, Loss=5.7193e-02, IC=1.0363e-02, Res=4.6831e-02, Beta=1.00 ---
... RAR IC , Max IC error: 0.3172, t: tensor(0.)
... RAR RES, Max residual error: 3.7411, t: tensor([[0.1955],
        [0.1995],
        [0.1812]])
[info] epoch 6000, lr=7.35e-04
--- Save Epoch 6362, Loss=5.3973e-02, IC=1.0560e-02, Res=4.3413e-02, Beta=1.00 ---
... RAR IC , Max IC error: 0.2927, t: tensor(0.)
... RAR RES, Max residual error: 4.4480, t: tensor([[0.1988],
        [0.1987],
        [0.1987]])
--- Save Epoch 6761, Loss=4.9768e-02, IC=1.1216e-02, Res=3.8552e-02, Beta=1.00 ---
--- Save Epoch 6779, Loss=4.6807e-02, IC=1.0078e-02, Res=3.6729e-02, Beta=1.00 ---
... RAR IC , Max IC error: 0.2704, t: tensor(0.)
... RAR RES, Max residual error: 5.2616, t: tensor([[0.1990],
        [0.1991],
        [0.1991]])
[info] epoch 7000, lr=6.98e-04
--- Save Epoch 7504, Loss=3.6920e-02, IC=9.0007e-03, Res=2.7919e-02, Beta=1.00 ---
... RAR IC , Max IC error: 0.2704, t: tensor(0.)
... RAR RES, Max residual error: 2.6520, t: tensor([[0.1970],
        [0.1970],
        [0.1796]])
[info] epoch 8000, lr=6.63e-04
--- Save Epoch 8720, Loss=3.3895e-02, IC=6.7013e-03, Res=2.7194e-02, Beta=1.00 ---
--- Save Epoch 8724, Loss=3.1943e-02, IC=6.6589e-03, Res=2.5284e-02, Beta=1.00 ---
... RAR IC , Max IC error: 0.2449, t: tensor(0.)
... RAR RES, Max residual error: 5.1997, t: tensor([[0.1936],
        [0.1997],
        [0.1848]])
[info] epoch 9000, lr=6.30e-04
--- Save Epoch 9963, Loss=2.6301e-02, IC=5.6742e-03, Res=2.0627e-02, Beta=1.00 ---
[info] epoch 10000, lr=5.99e-04
... RAR IC , Max IC error: 0.2566, t: tensor(0.)
... RAR RES, Max residual error: 8.3195, t: tensor([[0.1988],
        [0.1955],
        [0.1988]])
[info] epoch 11000, lr=5.69e-04
--- Save Epoch 11192, Loss=2.4304e-02, IC=4.7973e-03, Res=1.9506e-02, Beta=1.00 ---
... RAR IC , Max IC error: 0.2007, t: tensor(0.)
... RAR RES, Max residual error: 4.9473, t: tensor([[0.1979],
        [0.1979],
        [0.1638]])
--- Save Epoch 11690, Loss=2.2799e-02, IC=4.8625e-03, Res=1.7936e-02, Beta=1.00 ---
... RAR IC , Max IC error: 0.2082, t: tensor(0.)
... RAR RES, Max residual error: 3.3674, t: tensor([[0.1982],
        [0.1865],
        [0.1969]])
[info] epoch 12000, lr=5.40e-04
--- Save Epoch 12368, Loss=1.6918e-02, IC=4.1084e-03, Res=1.2810e-02, Beta=1.00 ---
... RAR IC , Max IC error: 0.1947, t: tensor(0.)
... RAR RES, Max residual error: 3.5416, t: tensor([[0.1891],
        [0.1990],
        [0.1990]])
[info] epoch 13000, lr=5.13e-04
[info] epoch 14000, lr=4.88e-04
[info] epoch 15000, lr=4.63e-04
--- Save Epoch 15034, Loss=1.4984e-02, IC=2.8211e-03, Res=1.2163e-02, Beta=1.00 ---
... RAR IC , Max IC error: 0.1676, t: tensor(0.)
... RAR RES, Max residual error: 4.7734, t: tensor([[0.1993],
        [0.1996],
        [0.1993]])
[info] epoch 16000, lr=4.40e-04
[info] epoch 17000, lr=4.18e-04
--- Save Epoch 17029, Loss=1.4050e-02, IC=2.3582e-03, Res=1.1692e-02, Beta=1.00 ---
--- Save Epoch 17039, Loss=1.2127e-02, IC=2.3476e-03, Res=9.7792e-03, Beta=1.00 ---
... RAR IC , Max IC error: 0.1585, t: tensor(0.)
... RAR RES, Max residual error: 1.7748, t: tensor([[0.1927],
        [0.1727],
        [0.1895]])
[info] epoch 18000, lr=3.97e-04
[info] epoch 19000, lr=3.77e-04
--- Save Epoch 19048, Loss=1.0196e-02, IC=1.9417e-03, Res=8.2541e-03, Beta=1.00 ---
... RAR IC , Max IC error: 0.1453, t: tensor(0.)
... RAR RES, Max residual error: 3.4783, t: tensor([[0.1981],
        [0.1986],
        [0.1986]])
[info] epoch 20000, lr=3.58e-04
--- Save Epoch 20810, Loss=9.4008e-03, IC=1.4750e-03, Res=7.9258e-03, Beta=1.00 ---
... RAR IC , Max IC error: 0.1311, t: tensor(0.)
... RAR RES, Max residual error: 3.0554, t: tensor([[0.1986],
        [0.1682],
        [0.1899]])
[info] epoch 21000, lr=3.41e-04
===== logging end   2025-11-16 12:28:40 =====

===== logging start 2025-11-16 13:15:31 =====
--- Save Epoch 1, Loss=9.4963e+03, IC=4.2376e-12, Res=9.4963e+03, Beta=0.00 ---
... RAR RES, Max residual error: 433.6428, t: tensor([[0.1378],
        [0.0793],
        [0.1724]])
--- Save Epoch 25, Loss=8.9939e+03, IC=3.7653e-12, Res=8.9939e+03, Beta=0.02 ---
--- Save Epoch 28, Loss=8.5174e+03, IC=4.5103e-12, Res=8.5174e+03, Beta=0.04 ---
--- Save Epoch 31, Loss=7.8157e+03, IC=4.2371e-12, Res=7.8157e+03, Beta=0.06 ---
--- Save Epoch 36, Loss=7.3505e+03, IC=4.0074e-12, Res=7.3505e+03, Beta=0.08 ---
--- Save Epoch 42, Loss=6.9364e+03, IC=4.4589e-12, Res=6.9364e+03, Beta=0.10 ---
--- Save Epoch 45, Loss=6.2446e+03, IC=4.1324e-12, Res=6.2446e+03, Beta=0.12 ---
--- Save Epoch 48, Loss=5.8359e+03, IC=3.8780e-12, Res=5.8359e+03, Beta=0.14 ---
--- Save Epoch 52, Loss=5.5339e+03, IC=4.0747e-12, Res=5.5339e+03, Beta=0.16 ---
--- Save Epoch 53, Loss=5.1898e+03, IC=3.9231e-12, Res=5.1898e+03, Beta=0.18 ---
--- Save Epoch 54, Loss=4.8064e+03, IC=4.0333e-12, Res=4.8064e+03, Beta=0.20 ---
--- Save Epoch 60, Loss=4.3384e+03, IC=4.0056e-12, Res=4.3384e+03, Beta=0.22 ---
--- Save Epoch 69, Loss=3.9131e+03, IC=3.9359e-12, Res=3.9131e+03, Beta=0.24 ---
--- Save Epoch 80, Loss=3.7166e+03, IC=4.1466e-12, Res=3.7166e+03, Beta=0.26 ---
--- Save Epoch 81, Loss=3.4745e+03, IC=4.4350e-12, Res=3.4745e+03, Beta=0.28 ---
--- Save Epoch 84, Loss=3.2603e+03, IC=4.5203e-12, Res=3.2603e+03, Beta=0.30 ---
--- Save Epoch 85, Loss=2.9460e+03, IC=4.0882e-12, Res=2.9460e+03, Beta=0.32 ---
--- Save Epoch 94, Loss=2.4892e+03, IC=4.1148e-12, Res=2.4892e+03, Beta=0.34 ---
--- Save Epoch 100, Loss=2.2822e+03, IC=3.9629e-12, Res=2.2822e+03, Beta=0.36 ---
... RAR RES, Max residual error: 273.5755, t: tensor([[0.1483],
        [0.1416],
        [0.1779]])
--- Save Epoch 115, Loss=2.1492e+03, IC=4.2186e-12, Res=2.1492e+03, Beta=0.38 ---
--- Save Epoch 116, Loss=1.9596e+03, IC=4.4492e-12, Res=1.9596e+03, Beta=0.40 ---
--- Save Epoch 123, Loss=1.7994e+03, IC=4.3523e-12, Res=1.7994e+03, Beta=0.42 ---
--- Save Epoch 127, Loss=1.6636e+03, IC=4.1774e-12, Res=1.6636e+03, Beta=0.44 ---
--- Save Epoch 130, Loss=1.5005e+03, IC=4.0092e-12, Res=1.5005e+03, Beta=0.46 ---
--- Save Epoch 132, Loss=1.4010e+03, IC=3.9503e-12, Res=1.4010e+03, Beta=0.48 ---
--- Save Epoch 133, Loss=1.2488e+03, IC=4.4032e-12, Res=1.2488e+03, Beta=0.50 ---
--- Save Epoch 134, Loss=1.1774e+03, IC=3.8152e-12, Res=1.1774e+03, Beta=0.52 ---
--- Save Epoch 135, Loss=1.0908e+03, IC=4.3994e-12, Res=1.0908e+03, Beta=0.54 ---
--- Save Epoch 140, Loss=9.7246e+02, IC=4.1679e-12, Res=9.7246e+02, Beta=0.56 ---
--- Save Epoch 149, Loss=8.8856e+02, IC=4.3419e-12, Res=8.8856e+02, Beta=0.58 ---
--- Save Epoch 155, Loss=8.1881e+02, IC=4.2677e-12, Res=8.1881e+02, Beta=0.60 ---
--- Save Epoch 159, Loss=6.8669e+02, IC=3.7788e-12, Res=6.8669e+02, Beta=0.62 ---
--- Save Epoch 164, Loss=5.6312e+02, IC=3.9513e-12, Res=5.6312e+02, Beta=0.64 ---
--- Save Epoch 170, Loss=5.0141e+02, IC=4.2495e-12, Res=5.0141e+02, Beta=0.66 ---
--- Save Epoch 179, Loss=4.6062e+02, IC=3.9155e-12, Res=4.6062e+02, Beta=0.68 ---
--- Save Epoch 183, Loss=4.3733e+02, IC=3.7024e-12, Res=4.3733e+02, Beta=0.70 ---
--- Save Epoch 193, Loss=3.2474e+02, IC=4.6748e-12, Res=3.2474e+02, Beta=0.72 ---
--- Save Epoch 194, Loss=3.0158e+02, IC=4.1930e-12, Res=3.0158e+02, Beta=0.74 ---
--- Save Epoch 195, Loss=2.6595e+02, IC=3.8270e-12, Res=2.6595e+02, Beta=0.76 ---
--- Save Epoch 198, Loss=2.3103e+02, IC=3.8918e-12, Res=2.3103e+02, Beta=0.78 ---
--- Save Epoch 199, Loss=1.9783e+02, IC=3.9580e-12, Res=1.9783e+02, Beta=0.80 ---
--- Save Epoch 200, Loss=1.5360e+02, IC=4.1821e-12, Res=1.5360e+02, Beta=0.82 ---
... RAR RES, Max residual error: 90.4555, t: tensor([[0.1992],
        [0.1992],
        [0.1998]])
--- Save Epoch 204, Loss=1.4312e+02, IC=4.0534e-12, Res=1.4312e+02, Beta=0.84 ---
--- Save Epoch 205, Loss=1.1916e+02, IC=4.1724e-12, Res=1.1916e+02, Beta=0.86 ---
--- Save Epoch 206, Loss=7.6954e+01, IC=4.1806e-12, Res=7.6954e+01, Beta=0.88 ---
--- Save Epoch 207, Loss=6.5040e+01, IC=3.8124e-12, Res=6.5040e+01, Beta=0.90 ---
--- Save Epoch 208, Loss=5.3981e+01, IC=3.8541e-12, Res=5.3981e+01, Beta=0.92 ---
--- Save Epoch 209, Loss=3.8828e+01, IC=4.1799e-12, Res=3.8828e+01, Beta=0.94 ---
--- Save Epoch 210, Loss=2.0351e+01, IC=4.1057e-12, Res=2.0351e+01, Beta=0.96 ---
--- Save Epoch 212, Loss=1.3203e+01, IC=4.3273e-12, Res=1.3203e+01, Beta=0.98 ---
--- Save Epoch 215, Loss=7.9822e+00, IC=3.8642e-12, Res=7.9822e+00, Beta=1.00 ---
--- Save Epoch 218, Loss=4.9636e+00, IC=4.1789e-12, Res=4.9636e+00, Beta=1.00 ---
--- Save Epoch 219, Loss=4.2139e+00, IC=4.1271e-12, Res=4.2139e+00, Beta=1.00 ---
--- Save Epoch 235, Loss=2.7938e+00, IC=4.5918e-12, Res=2.7938e+00, Beta=1.00 ---
--- Save Epoch 241, Loss=1.9518e+00, IC=4.4889e-12, Res=1.9518e+00, Beta=1.00 ---
--- Save Epoch 288, Loss=1.6430e+00, IC=4.3864e-12, Res=1.6430e+00, Beta=1.00 ---
--- Save Epoch 298, Loss=1.5289e+00, IC=4.4333e-12, Res=1.5289e+00, Beta=1.00 ---
... RAR RES, Max residual error: 9.9039, t: tensor([[0.1988],
        [0.1988],
        [0.1785]])
--- Save Epoch 487, Loss=1.4234e+00, IC=4.1767e-12, Res=1.4234e+00, Beta=1.00 ---
... RAR RES, Max residual error: 10.4540, t: tensor([[0.1980],
        [0.1980],
        [0.1980]])
--- Save Epoch 556, Loss=1.3420e+00, IC=4.4431e-12, Res=1.3420e+00, Beta=1.00 ---
--- Save Epoch 594, Loss=1.2589e+00, IC=3.9957e-12, Res=1.2589e+00, Beta=1.00 ---
... RAR RES, Max residual error: 10.3602, t: tensor([[0.1991],
        [0.1864],
        [0.1440]])
--- Save Epoch 624, Loss=1.1631e+00, IC=4.3330e-12, Res=1.1631e+00, Beta=1.00 ---
--- Save Epoch 665, Loss=1.0963e+00, IC=4.6086e-12, Res=1.0963e+00, Beta=1.00 ---
--- Save Epoch 670, Loss=9.9893e-01, IC=4.4293e-12, Res=9.9893e-01, Beta=1.00 ---
... RAR RES, Max residual error: 9.8905, t: tensor([[0.1802],
        [0.1330],
        [0.1905]])
--- Save Epoch 736, Loss=9.2943e-01, IC=4.0442e-12, Res=9.2943e-01, Beta=1.00 ---
--- Save Epoch 743, Loss=8.6243e-01, IC=4.1290e-12, Res=8.6243e-01, Beta=1.00 ---
--- Save Epoch 766, Loss=7.9785e-01, IC=4.5356e-12, Res=7.9785e-01, Beta=1.00 ---
... RAR RES, Max residual error: 7.7347, t: tensor([[0.1997],
        [0.0772],
        [0.0762]])
===== logging end   2025-11-16 13:22:50 =====

===== logging start 2025-11-16 13:58:22 =====
--- Save Epoch 1, Loss=1.9416e+06, IC=3.2626e-12, Res=1.9416e+06, Beta=0.00 ---
... RAR RES, Max residual error: 4257.8130, t: tensor([[0.1935],
        [0.1989],
        [0.1985]])
--- Save Epoch 2, Loss=1.4938e+06, IC=2.8199e-12, Res=1.4938e+06, Beta=0.02 ---
--- Save Epoch 3, Loss=1.0795e+06, IC=2.8583e-12, Res=1.0795e+06, Beta=0.04 ---
--- Save Epoch 4, Loss=1.0211e+06, IC=2.8371e-12, Res=1.0211e+06, Beta=0.06 ---
--- Save Epoch 5, Loss=7.9198e+05, IC=3.0166e-12, Res=7.9198e+05, Beta=0.08 ---
--- Save Epoch 6, Loss=5.2578e+05, IC=2.9906e-12, Res=5.2578e+05, Beta=0.10 ---
--- Save Epoch 7, Loss=3.6557e+05, IC=2.7452e-12, Res=3.6557e+05, Beta=0.12 ---
--- Save Epoch 8, Loss=2.3703e+05, IC=3.0166e-12, Res=2.3703e+05, Beta=0.14 ---
--- Save Epoch 9, Loss=1.9063e+05, IC=3.2969e-12, Res=1.9063e+05, Beta=0.16 ---
--- Save Epoch 10, Loss=1.2180e+05, IC=2.7889e-12, Res=1.2180e+05, Beta=0.18 ---
--- Save Epoch 11, Loss=4.4811e+04, IC=2.9124e-12, Res=4.4811e+04, Beta=0.20 ---
--- Save Epoch 20, Loss=4.1445e+04, IC=2.9021e-12, Res=4.1445e+04, Beta=0.22 ---
--- Save Epoch 21, Loss=2.5819e+04, IC=2.5789e-12, Res=2.5819e+04, Beta=0.24 ---
--- Save Epoch 22, Loss=1.7151e+04, IC=3.0229e-12, Res=1.7151e+04, Beta=0.26 ---
--- Save Epoch 23, Loss=1.2940e+04, IC=2.8147e-12, Res=1.2940e+04, Beta=0.28 ---
--- Save Epoch 27, Loss=1.2046e+04, IC=2.7516e-12, Res=1.2046e+04, Beta=0.30 ---
--- Save Epoch 30, Loss=1.1312e+04, IC=3.2522e-12, Res=1.1312e+04, Beta=0.32 ---
--- Save Epoch 34, Loss=1.0707e+04, IC=3.1380e-12, Res=1.0707e+04, Beta=0.34 ---
--- Save Epoch 36, Loss=8.4242e+03, IC=2.9512e-12, Res=8.4242e+03, Beta=0.36 ---
--- Save Epoch 38, Loss=6.4452e+03, IC=2.8574e-12, Res=6.4452e+03, Beta=0.38 ---
--- Save Epoch 39, Loss=5.5358e+03, IC=2.6103e-12, Res=5.5358e+03, Beta=0.40 ---
--- Save Epoch 40, Loss=5.1614e+03, IC=2.9341e-12, Res=5.1614e+03, Beta=0.42 ---
--- Save Epoch 41, Loss=4.7324e+03, IC=2.9667e-12, Res=4.7324e+03, Beta=0.44 ---
--- Save Epoch 43, Loss=3.6627e+03, IC=2.9672e-12, Res=3.6627e+03, Beta=0.46 ---
--- Save Epoch 55, Loss=3.3929e+03, IC=2.9579e-12, Res=3.3929e+03, Beta=0.48 ---
--- Save Epoch 57, Loss=3.1091e+03, IC=3.1938e-12, Res=3.1091e+03, Beta=0.50 ---
--- Save Epoch 58, Loss=2.8916e+03, IC=2.8192e-12, Res=2.8916e+03, Beta=0.52 ---
--- Save Epoch 59, Loss=2.1856e+03, IC=2.8062e-12, Res=2.1856e+03, Beta=0.54 ---
--- Save Epoch 90, Loss=1.9419e+03, IC=2.9424e-12, Res=1.9419e+03, Beta=0.56 ---
... RAR RES, Max residual error: 215.6688, t: tensor([[0.1217],
        [0.1226],
        [0.1527]])
[info] epoch 1000, lr=9.50e-04
--- Save Epoch 1528, Loss=1.8046e+03, IC=2.9565e-12, Res=1.8046e+03, Beta=0.58 ---
... RAR RES, Max residual error: 178.9495, t: tensor([[0.0186],
        [0.0966],
        [0.1224]])
[info] epoch 2000, lr=9.02e-04
[info] epoch 3000, lr=8.57e-04
===== logging end   2025-11-16 14:05:55 =====

===== logging start 2025-11-16 14:06:06 =====
--- Save Epoch 1, Loss=1.9918e+06, IC=3.2626e-12, Res=1.9918e+06, Beta=0.00 ---
... RAR RES, Max residual error: 4338.2446, t: tensor([[0.1935],
        [0.1985],
        [0.1989]])
--- Save Epoch 2, Loss=1.5577e+06, IC=2.8199e-12, Res=1.5577e+06, Beta=0.02 ---
--- Save Epoch 3, Loss=1.1138e+06, IC=2.8583e-12, Res=1.1138e+06, Beta=0.04 ---
--- Save Epoch 4, Loss=1.0405e+06, IC=2.8371e-12, Res=1.0405e+06, Beta=0.06 ---
--- Save Epoch 5, Loss=7.9890e+05, IC=3.0166e-12, Res=7.9890e+05, Beta=0.08 ---
--- Save Epoch 6, Loss=5.2820e+05, IC=2.9906e-12, Res=5.2820e+05, Beta=0.10 ---
--- Save Epoch 7, Loss=3.6314e+05, IC=2.7452e-12, Res=3.6314e+05, Beta=0.12 ---
--- Save Epoch 8, Loss=2.2963e+05, IC=3.0166e-12, Res=2.2963e+05, Beta=0.14 ---
--- Save Epoch 9, Loss=1.7753e+05, IC=3.2969e-12, Res=1.7753e+05, Beta=0.16 ---
--- Save Epoch 10, Loss=1.1008e+05, IC=2.7889e-12, Res=1.1008e+05, Beta=0.18 ---
--- Save Epoch 11, Loss=4.5691e+04, IC=2.9124e-12, Res=4.5691e+04, Beta=0.20 ---
--- Save Epoch 20, Loss=3.9321e+04, IC=2.9021e-12, Res=3.9321e+04, Beta=0.22 ---
--- Save Epoch 21, Loss=2.2448e+04, IC=2.5789e-12, Res=2.2448e+04, Beta=0.24 ---
--- Save Epoch 22, Loss=1.5879e+04, IC=3.0229e-12, Res=1.5879e+04, Beta=0.26 ---
--- Save Epoch 23, Loss=1.5055e+04, IC=2.8147e-12, Res=1.5055e+04, Beta=0.28 ---
--- Save Epoch 30, Loss=1.4226e+04, IC=3.2522e-12, Res=1.4226e+04, Beta=0.30 ---
--- Save Epoch 31, Loss=8.7334e+03, IC=2.8533e-12, Res=8.7334e+03, Beta=0.32 ---
--- Save Epoch 36, Loss=7.1019e+03, IC=2.9512e-12, Res=7.1019e+03, Beta=0.34 ---
--- Save Epoch 37, Loss=6.4281e+03, IC=3.2886e-12, Res=6.4281e+03, Beta=0.36 ---
--- Save Epoch 38, Loss=5.3576e+03, IC=2.8574e-12, Res=5.3576e+03, Beta=0.38 ---
--- Save Epoch 41, Loss=5.0355e+03, IC=2.9667e-12, Res=5.0355e+03, Beta=0.40 ---
--- Save Epoch 42, Loss=4.7074e+03, IC=3.1769e-12, Res=4.7074e+03, Beta=0.42 ---
--- Save Epoch 43, Loss=4.0303e+03, IC=2.9672e-12, Res=4.0303e+03, Beta=0.44 ---
--- Save Epoch 44, Loss=3.6818e+03, IC=2.5958e-12, Res=3.6818e+03, Beta=0.46 ---
--- Save Epoch 46, Loss=3.0977e+03, IC=3.0038e-12, Res=3.0977e+03, Beta=0.48 ---
--- Save Epoch 52, Loss=2.8864e+03, IC=2.8963e-12, Res=2.8864e+03, Beta=0.50 ---
--- Save Epoch 77, Loss=2.7360e+03, IC=2.9853e-12, Res=2.7360e+03, Beta=0.52 ---
--- Save Epoch 78, Loss=2.4908e+03, IC=2.9789e-12, Res=2.4908e+03, Beta=0.54 ---
--- Save Epoch 92, Loss=2.3446e+03, IC=2.7770e-12, Res=2.3446e+03, Beta=0.56 ---
--- Save Epoch 95, Loss=2.0912e+03, IC=3.0221e-12, Res=2.0912e+03, Beta=0.58 ---
--- Save Epoch 96, Loss=1.9542e+03, IC=3.3632e-12, Res=1.9542e+03, Beta=0.60 ---
--- Save Epoch 100, Loss=1.8501e+03, IC=3.1423e-12, Res=1.8501e+03, Beta=0.62 ---
... RAR RES, Max residual error: 206.1474, t: tensor([[0.1897],
        [0.1974],
        [0.1761]])
--- Save Epoch 104, Loss=1.6629e+03, IC=3.3608e-12, Res=1.6629e+03, Beta=0.64 ---
--- Save Epoch 108, Loss=1.5521e+03, IC=3.0234e-12, Res=1.5521e+03, Beta=0.66 ---
--- Save Epoch 140, Loss=1.4529e+03, IC=2.9672e-12, Res=1.4529e+03, Beta=0.68 ---
--- Save Epoch 148, Loss=1.3498e+03, IC=3.2882e-12, Res=1.3498e+03, Beta=0.70 ---
--- Save Epoch 158, Loss=1.2612e+03, IC=2.6932e-12, Res=1.2612e+03, Beta=0.72 ---
... RAR RES, Max residual error: 150.6470, t: tensor([[0.1935],
        [0.1963],
        [0.1861]])
--- Save Epoch 208, Loss=1.1243e+03, IC=2.8323e-12, Res=1.1243e+03, Beta=0.74 ---
--- Save Epoch 270, Loss=9.7571e+02, IC=2.9177e-12, Res=9.7571e+02, Beta=0.76 ---
--- Save Epoch 280, Loss=8.7025e+02, IC=2.8114e-12, Res=8.7025e+02, Beta=0.78 ---
--- Save Epoch 294, Loss=8.0315e+02, IC=3.1422e-12, Res=8.0315e+02, Beta=0.80 ---
--- Save Epoch 298, Loss=7.2164e+02, IC=3.0268e-12, Res=7.2164e+02, Beta=0.82 ---
... RAR RES, Max residual error: 91.1014, t: tensor([[0.1866],
        [0.1875],
        [0.1964]])
--- Save Epoch 302, Loss=6.3479e+02, IC=3.1096e-12, Res=6.3479e+02, Beta=0.84 ---
--- Save Epoch 342, Loss=5.2640e+02, IC=2.8604e-12, Res=5.2640e+02, Beta=0.86 ---
--- Save Epoch 351, Loss=4.4521e+02, IC=2.9123e-12, Res=4.4521e+02, Beta=0.88 ---
--- Save Epoch 354, Loss=2.6297e+02, IC=3.2409e-12, Res=2.6297e+02, Beta=0.90 ---
... RAR RES, Max residual error: 368.7917, t: tensor([[0.1998],
        [0.1888],
        [0.1886]])
--- Save Epoch 425, Loss=2.4179e+02, IC=2.9327e-12, Res=2.4179e+02, Beta=0.92 ---
--- Save Epoch 452, Loss=2.1809e+02, IC=2.8436e-12, Res=2.1809e+02, Beta=0.94 ---
... RAR RES, Max residual error: 126.0544, t: tensor([[0.1998],
        [0.1927],
        [0.1962]])
===== logging end   2025-11-16 14:08:20 =====

===== logging start 2025-11-16 14:09:30 =====
--- Save Epoch 1, Loss=9.3092e+03, IC=4.2949e-01, Res=9.3088e+03, Beta=0.00 ---
... RAR IC , Max IC error: 2.1917, t: tensor(0.)
... RAR RES, Max residual error: 445.5746, t: tensor([[0.1323],
        [0.1734],
        [0.0132]])
--- Save Epoch 154, Loss=8.3959e+03, IC=4.0036e+01, Res=8.3559e+03, Beta=0.02 ---
===== logging end   2025-11-16 14:09:59 =====

===== logging start 2025-11-16 14:10:07 =====
--- Save Epoch 1, Loss=9.3031e+03, IC=4.6128e-01, Res=9.3027e+03, Beta=0.00 ---
... RAR IC , Max IC error: 2.9674, t: tensor(0.)
... RAR RES, Max residual error: 455.5897, t: tensor([[0.1323],
        [0.1734],
        [0.0848]])
--- Save Epoch 38, Loss=8.6373e+03, IC=2.2258e+01, Res=8.6150e+03, Beta=0.02 ---
--- Save Epoch 41, Loss=7.6249e+03, IC=2.6425e+01, Res=7.5984e+03, Beta=0.04 ---
--- Save Epoch 46, Loss=7.0766e+03, IC=3.3459e+01, Res=7.0431e+03, Beta=0.06 ---
--- Save Epoch 51, Loss=6.4721e+03, IC=4.6367e+01, Res=6.4257e+03, Beta=0.08 ---
--- Save Epoch 54, Loss=5.9477e+03, IC=5.1002e+01, Res=5.8967e+03, Beta=0.10 ---
--- Save Epoch 59, Loss=5.6398e+03, IC=7.4217e+01, Res=5.5656e+03, Beta=0.12 ---
--- Save Epoch 61, Loss=5.0478e+03, IC=7.4539e+01, Res=4.9732e+03, Beta=0.14 ---
--- Save Epoch 64, Loss=4.5701e+03, IC=7.6727e+01, Res=4.4934e+03, Beta=0.16 ---
--- Save Epoch 69, Loss=4.2694e+03, IC=7.6984e+01, Res=4.1924e+03, Beta=0.18 ---
--- Save Epoch 71, Loss=3.8479e+03, IC=8.6395e+01, Res=3.7615e+03, Beta=0.20 ---
--- Save Epoch 76, Loss=3.5083e+03, IC=7.0603e+01, Res=3.4377e+03, Beta=0.22 ---
--- Save Epoch 85, Loss=3.3246e+03, IC=6.8839e+01, Res=3.2557e+03, Beta=0.24 ---
--- Save Epoch 86, Loss=3.0024e+03, IC=6.8607e+01, Res=2.9338e+03, Beta=0.26 ---
--- Save Epoch 87, Loss=2.7641e+03, IC=6.8339e+01, Res=2.6957e+03, Beta=0.28 ---
--- Save Epoch 88, Loss=2.4767e+03, IC=6.7456e+01, Res=2.4093e+03, Beta=0.30 ---
--- Save Epoch 92, Loss=2.2148e+03, IC=5.7786e+01, Res=2.1570e+03, Beta=0.32 ---
--- Save Epoch 94, Loss=2.0827e+03, IC=5.6659e+01, Res=2.0260e+03, Beta=0.34 ---
--- Save Epoch 98, Loss=1.9362e+03, IC=6.2869e+01, Res=1.8733e+03, Beta=0.36 ---
--- Save Epoch 100, Loss=1.6739e+03, IC=5.9670e+01, Res=1.6142e+03, Beta=0.38 ---
... RAR IC , Max IC error: 19.9611, t: tensor(0.)
... RAR RES, Max residual error: 208.0789, t: tensor([[0.1519],
        [0.1532],
        [0.1843]])
--- Save Epoch 106, Loss=1.5230e+03, IC=5.0508e+01, Res=1.4725e+03, Beta=0.40 ---
--- Save Epoch 109, Loss=1.4155e+03, IC=5.5106e+01, Res=1.3604e+03, Beta=0.42 ---
--- Save Epoch 117, Loss=1.3166e+03, IC=4.4467e+01, Res=1.2721e+03, Beta=0.44 ---
--- Save Epoch 118, Loss=1.1055e+03, IC=4.5623e+01, Res=1.0599e+03, Beta=0.46 ---
--- Save Epoch 124, Loss=1.0242e+03, IC=5.1444e+01, Res=9.7272e+02, Beta=0.48 ---
--- Save Epoch 131, Loss=8.7833e+02, IC=4.2337e+01, Res=8.3599e+02, Beta=0.50 ---
--- Save Epoch 132, Loss=8.3273e+02, IC=4.1867e+01, Res=7.9087e+02, Beta=0.52 ---
--- Save Epoch 135, Loss=7.8087e+02, IC=4.4755e+01, Res=7.3612e+02, Beta=0.54 ---
--- Save Epoch 139, Loss=7.1484e+02, IC=4.5779e+01, Res=6.6906e+02, Beta=0.56 ---
--- Save Epoch 140, Loss=5.6120e+02, IC=4.4893e+01, Res=5.1631e+02, Beta=0.58 ---
--- Save Epoch 144, Loss=4.8687e+02, IC=3.2162e+01, Res=4.5471e+02, Beta=0.60 ---
--- Save Epoch 173, Loss=4.5950e+02, IC=2.7412e+01, Res=4.3209e+02, Beta=0.62 ---
--- Save Epoch 174, Loss=4.0358e+02, IC=2.7621e+01, Res=3.7596e+02, Beta=0.64 ---
--- Save Epoch 175, Loss=3.1453e+02, IC=2.7440e+01, Res=2.8709e+02, Beta=0.66 ---
--- Save Epoch 191, Loss=2.9817e+02, IC=1.9002e+01, Res=2.7917e+02, Beta=0.68 ---
--- Save Epoch 192, Loss=2.1895e+02, IC=1.9014e+01, Res=1.9994e+02, Beta=0.70 ---
--- Save Epoch 193, Loss=1.6479e+02, IC=1.8637e+01, Res=1.4615e+02, Beta=0.72 ---
--- Save Epoch 199, Loss=1.3594e+02, IC=1.6249e+01, Res=1.1969e+02, Beta=0.74 ---
... RAR IC , Max IC error: 14.7994, t: tensor(0.)
... RAR RES, Max residual error: 114.8015, t: tensor([[0.1942],
        [0.1995],
        [0.1830]])
--- Save Epoch 239, Loss=1.0168e+02, IC=1.2509e+01, Res=8.9168e+01, Beta=0.76 ---
--- Save Epoch 244, Loss=8.3665e+01, IC=9.8836e+00, Res=7.3781e+01, Beta=0.78 ---
--- Save Epoch 249, Loss=7.6744e+01, IC=9.3967e+00, Res=6.7348e+01, Beta=0.80 ---
--- Save Epoch 250, Loss=6.2998e+01, IC=8.3102e+00, Res=5.4687e+01, Beta=0.82 ---
--- Save Epoch 263, Loss=5.8722e+01, IC=5.7457e+00, Res=5.2977e+01, Beta=0.84 ---
--- Save Epoch 265, Loss=4.5079e+01, IC=4.8986e+00, Res=4.0181e+01, Beta=0.86 ---
--- Save Epoch 269, Loss=4.0664e+01, IC=3.3198e+00, Res=3.7344e+01, Beta=0.88 ---
--- Save Epoch 270, Loss=2.6522e+01, IC=2.9925e+00, Res=2.3530e+01, Beta=0.90 ---
--- Save Epoch 273, Loss=2.2374e+01, IC=1.8573e+00, Res=2.0516e+01, Beta=0.92 ---
--- Save Epoch 274, Loss=1.5568e+01, IC=1.4419e+00, Res=1.4126e+01, Beta=0.94 ---
--- Save Epoch 275, Loss=1.2967e+01, IC=1.0626e+00, Res=1.1904e+01, Beta=0.96 ---
--- Save Epoch 277, Loss=1.0455e+01, IC=5.6002e-01, Res=9.8945e+00, Beta=0.98 ---
--- Save Epoch 278, Loss=8.7166e+00, IC=3.4849e-01, Res=8.3682e+00, Beta=1.00 ---
--- Save Epoch 281, Loss=6.3311e+00, IC=1.4245e-01, Res=6.1887e+00, Beta=1.00 ---
--- Save Epoch 284, Loss=2.8971e+00, IC=7.9701e-02, Res=2.8174e+00, Beta=1.00 ---
--- Save Epoch 295, Loss=1.9892e+00, IC=2.8624e-02, Res=1.9606e+00, Beta=1.00 ---
--- Save Epoch 297, Loss=1.5471e+00, IC=1.5644e-02, Res=1.5315e+00, Beta=1.00 ---
--- Save Epoch 300, Loss=1.4197e+00, IC=3.6168e-02, Res=1.3835e+00, Beta=1.00 ---
... RAR IC , Max IC error: 0.5667, t: tensor(0.)
... RAR RES, Max residual error: 10.0331, t: tensor([[0.1940],
        [0.1864],
        [0.1704]])
--- Save Epoch 386, Loss=1.3149e+00, IC=6.8216e-03, Res=1.3081e+00, Beta=1.00 ---
... RAR IC , Max IC error: 0.2631, t: tensor(0.)
... RAR RES, Max residual error: 9.4965, t: tensor([[0.1960],
        [0.1999],
        [0.1681]])
--- Save Epoch 481, Loss=1.2305e+00, IC=6.0941e-03, Res=1.2244e+00, Beta=1.00 ---
... RAR IC , Max IC error: 0.2697, t: tensor(0.)
... RAR RES, Max residual error: 9.0397, t: tensor([[0.1982],
        [0.1987],
        [0.1873]])
--- Save Epoch 532, Loss=1.1573e+00, IC=4.6421e-03, Res=1.1527e+00, Beta=1.00 ---
--- Save Epoch 538, Loss=1.0803e+00, IC=5.3694e-03, Res=1.0749e+00, Beta=1.00 ---
--- Save Epoch 568, Loss=9.9560e-01, IC=9.9926e-03, Res=9.8560e-01, Beta=1.00 ---
--- Save Epoch 591, Loss=9.3517e-01, IC=7.4940e-03, Res=9.2767e-01, Beta=1.00 ---
... RAR IC , Max IC error: 0.4914, t: tensor(0.)
... RAR RES, Max residual error: 10.1953, t: tensor([[0.1882],
        [0.1991],
        [0.1999]])
--- Save Epoch 660, Loss=8.5949e-01, IC=9.4341e-03, Res=8.5006e-01, Beta=1.00 ---
--- Save Epoch 692, Loss=8.0906e-01, IC=9.6832e-03, Res=7.9937e-01, Beta=1.00 ---
--- Save Epoch 696, Loss=7.2566e-01, IC=8.8998e-03, Res=7.1676e-01, Beta=1.00 ---
... RAR IC , Max IC error: 0.5155, t: tensor(0.)
... RAR RES, Max residual error: 8.4625, t: tensor([[0.1931],
        [0.1905],
        [0.1866]])
--- Save Epoch 766, Loss=6.5485e-01, IC=9.0281e-03, Res=6.4583e-01, Beta=1.00 ---
... RAR IC , Max IC error: 0.4769, t: tensor(0.)
... RAR RES, Max residual error: 9.2478, t: tensor([[0.1990],
        [0.1862],
        [0.1969]])
--- Save Epoch 889, Loss=6.2190e-01, IC=1.0331e-02, Res=6.1157e-01, Beta=1.00 ---
--- Save Epoch 897, Loss=5.4274e-01, IC=1.0665e-02, Res=5.3207e-01, Beta=1.00 ---
... RAR IC , Max IC error: 0.4347, t: tensor(0.)
... RAR RES, Max residual error: 5.5705, t: tensor([[0.1959],
        [0.1340],
        [0.1937]])
--- Save Epoch 967, Loss=5.1558e-01, IC=1.2414e-02, Res=5.0316e-01, Beta=1.00 ---
--- Save Epoch 977, Loss=4.8921e-01, IC=1.1246e-02, Res=4.7797e-01, Beta=1.00 ---
--- Save Epoch 991, Loss=4.4112e-01, IC=1.1326e-02, Res=4.2980e-01, Beta=1.00 ---
[info] epoch 1000, lr=9.50e-04
... RAR IC , Max IC error: 0.4866, t: tensor(0.)
... RAR RES, Max residual error: 7.7545, t: tensor([[0.1943],
        [0.1944],
        [0.1944]])
--- Save Epoch 1074, Loss=3.9485e-01, IC=1.1114e-02, Res=3.8374e-01, Beta=1.00 ---
--- Save Epoch 1079, Loss=3.7361e-01, IC=1.1641e-02, Res=3.6197e-01, Beta=1.00 ---
... RAR IC , Max IC error: 0.3973, t: tensor(0.)
... RAR RES, Max residual error: 5.5299, t: tensor([[0.1992],
        [0.1992],
        [0.1915]])
--- Save Epoch 1173, Loss=3.5221e-01, IC=1.2027e-02, Res=3.4018e-01, Beta=1.00 ---
... RAR IC , Max IC error: 0.3815, t: tensor(0.)
... RAR RES, Max residual error: 7.4812, t: tensor([[0.1828],
        [0.1879],
        [0.1714]])
--- Save Epoch 1245, Loss=3.2413e-01, IC=1.1626e-02, Res=3.1251e-01, Beta=1.00 ---
... RAR IC , Max IC error: 0.3531, t: tensor(0.)
... RAR RES, Max residual error: 5.8701, t: tensor([[0.1951],
        [0.1816],
        [0.1922]])
--- Save Epoch 1349, Loss=2.9688e-01, IC=9.5849e-03, Res=2.8729e-01, Beta=1.00 ---
--- Save Epoch 1391, Loss=2.7173e-01, IC=9.4596e-03, Res=2.6227e-01, Beta=1.00 ---
... RAR IC , Max IC error: 0.3376, t: tensor(0.)
... RAR RES, Max residual error: 6.4396, t: tensor([[0.1979],
        [0.1895],
        [0.1979]])
--- Save Epoch 1473, Loss=2.5376e-01, IC=1.1020e-02, Res=2.4274e-01, Beta=1.00 ---
... RAR IC , Max IC error: 0.3433, t: tensor(0.)
... RAR RES, Max residual error: 4.8256, t: tensor([[0.1874],
        [0.1880],
        [0.1932]])
--- Save Epoch 1614, Loss=2.3874e-01, IC=1.0515e-02, Res=2.2823e-01, Beta=1.00 ---
... RAR IC , Max IC error: 0.3629, t: tensor(0.)
... RAR RES, Max residual error: 5.1460, t: tensor([[0.1970],
        [0.1817],
        [0.1970]])
--- Save Epoch 1799, Loss=2.1082e-01, IC=1.0353e-02, Res=2.0047e-01, Beta=1.00 ---
... RAR IC , Max IC error: 0.3751, t: tensor(0.)
... RAR RES, Max residual error: 4.4535, t: tensor([[0.1968],
        [0.1586],
        [0.1816]])
--- Save Epoch 1833, Loss=1.9871e-01, IC=1.0772e-02, Res=1.8794e-01, Beta=1.00 ---
--- Save Epoch 1863, Loss=1.6868e-01, IC=1.0647e-02, Res=1.5804e-01, Beta=1.00 ---
... RAR IC , Max IC error: 0.3556, t: tensor(0.)
... RAR RES, Max residual error: 5.6376, t: tensor([[0.1996],
        [0.1996],
        [0.1968]])
[info] epoch 2000, lr=9.02e-04
--- Save Epoch 2127, Loss=1.5475e-01, IC=9.8320e-03, Res=1.4492e-01, Beta=1.00 ---
... RAR IC , Max IC error: 0.3208, t: tensor(0.)
... RAR RES, Max residual error: 9.4716, t: tensor([[0.1973],
        [0.1994],
        [0.1994]])
--- Save Epoch 2255, Loss=1.4553e-01, IC=9.5751e-03, Res=1.3596e-01, Beta=1.00 ---
... RAR IC , Max IC error: 0.3202, t: tensor(0.)
... RAR RES, Max residual error: 5.7254, t: tensor([[0.1900],
        [0.1983],
        [0.1949]])
--- Save Epoch 2467, Loss=1.3742e-01, IC=9.4472e-03, Res=1.2797e-01, Beta=1.00 ---
... RAR IC , Max IC error: 0.3074, t: tensor(0.)
... RAR RES, Max residual error: 4.5651, t: tensor([[0.1948],
        [0.1920],
        [0.1985]])
--- Save Epoch 2841, Loss=1.2084e-01, IC=9.9063e-03, Res=1.1094e-01, Beta=1.00 ---
--- Save Epoch 2867, Loss=1.1470e-01, IC=9.3235e-03, Res=1.0537e-01, Beta=1.00 ---
--- Save Epoch 2873, Loss=1.0843e-01, IC=8.9778e-03, Res=9.9455e-02, Beta=1.00 ---
... RAR IC , Max IC error: 0.3246, t: tensor(0.)
... RAR RES, Max residual error: 6.6245, t: tensor([[0.1983],
        [0.1982],
        [0.1986]])
[info] epoch 3000, lr=8.57e-04
--- Save Epoch 3505, Loss=1.0190e-01, IC=8.6767e-03, Res=9.3226e-02, Beta=1.00 ---
--- Save Epoch 3515, Loss=9.2522e-02, IC=8.3691e-03, Res=8.4153e-02, Beta=1.00 ---
... RAR IC , Max IC error: 0.2974, t: tensor(0.)
... RAR RES, Max residual error: 5.1558, t: tensor([[0.1835],
        [0.1957],
        [0.1896]])
--- Save Epoch 3836, Loss=7.8973e-02, IC=8.5504e-03, Res=7.0423e-02, Beta=1.00 ---
... RAR IC , Max IC error: 0.2720, t: tensor(0.)
... RAR RES, Max residual error: 4.3953, t: tensor([[0.1948],
        [0.1966],
        [0.1988]])
[info] epoch 4000, lr=8.15e-04
--- Save Epoch 4260, Loss=7.4570e-02, IC=8.1761e-03, Res=6.6394e-02, Beta=1.00 ---
--- Save Epoch 4261, Loss=6.0743e-02, IC=8.2686e-03, Res=5.2475e-02, Beta=1.00 ---
... RAR IC , Max IC error: 0.2950, t: tensor(0.)
... RAR RES, Max residual error: 3.2303, t: tensor([[0.1856],
        [0.1873],
        [0.1871]])
[info] epoch 5000, lr=7.74e-04
--- Save Epoch 5304, Loss=5.5258e-02, IC=6.8989e-03, Res=4.8360e-02, Beta=1.00 ---
... RAR IC , Max IC error: 0.3312, t: tensor(0.)
... RAR RES, Max residual error: 4.4729, t: tensor([[0.1977],
        [0.1830],
        [0.1806]])
--- Save Epoch 5789, Loss=4.5568e-02, IC=6.8004e-03, Res=3.8767e-02, Beta=1.00 ---
... RAR IC , Max IC error: 0.2953, t: tensor(0.)
... RAR RES, Max residual error: 3.6300, t: tensor([[0.1989],
        [0.1989],
        [0.1954]])
[info] epoch 6000, lr=7.35e-04
--- Save Epoch 6474, Loss=4.3132e-02, IC=6.1434e-03, Res=3.6989e-02, Beta=1.00 ---
... RAR IC , Max IC error: 0.2609, t: tensor(0.)
... RAR RES, Max residual error: 6.7796, t: tensor([[0.1948],
        [0.1996],
        [0.1971]])
--- Save Epoch 6820, Loss=4.0460e-02, IC=5.9915e-03, Res=3.4469e-02, Beta=1.00 ---
... RAR IC , Max IC error: 0.2811, t: tensor(0.)
... RAR RES, Max residual error: 3.6951, t: tensor([[1.9916e-01],
        [1.8996e-01],
        [4.0674e-05]])
[info] epoch 7000, lr=6.98e-04
--- Save Epoch 7066, Loss=3.5238e-02, IC=5.9486e-03, Res=2.9289e-02, Beta=1.00 ---
... RAR IC , Max IC error: 0.2670, t: tensor(0.)
... RAR RES, Max residual error: 4.9679, t: tensor([[0.1980],
        [0.1980],
        [0.1864]])
--- Save Epoch 7828, Loss=3.2768e-02, IC=5.6712e-03, Res=2.7096e-02, Beta=1.00 ---
... RAR IC , Max IC error: 0.2391, t: tensor(0.)
... RAR RES, Max residual error: 6.0010, t: tensor([[0.1986],
        [0.1986],
        [0.1986]])
[info] epoch 8000, lr=6.63e-04
--- Save Epoch 8982, Loss=2.9994e-02, IC=4.9670e-03, Res=2.5027e-02, Beta=1.00 ---
[info] epoch 9000, lr=6.30e-04
... RAR IC , Max IC error: 0.2061, t: tensor(0.)
... RAR RES, Max residual error: 2.8705, t: tensor([[0.1994],
        [0.1994],
        [0.1949]])
--- Save Epoch 9518, Loss=2.7972e-02, IC=5.0740e-03, Res=2.2898e-02, Beta=1.00 ---
... RAR IC , Max IC error: 0.2016, t: tensor(0.)
... RAR RES, Max residual error: 2.4979, t: tensor([[0.1790],
        [0.1975],
        [0.1638]])
[info] epoch 10000, lr=5.99e-04
--- Save Epoch 10174, Loss=2.4862e-02, IC=4.7532e-03, Res=2.0109e-02, Beta=1.00 ---
... RAR IC , Max IC error: 0.1808, t: tensor(0.)
... RAR RES, Max residual error: 4.0843, t: tensor([[0.1976],
        [0.1833],
        [0.1907]])
--- Save Epoch 10246, Loss=2.3075e-02, IC=4.5366e-03, Res=1.8538e-02, Beta=1.00 ---
... RAR IC , Max IC error: 0.1986, t: tensor(0.)
... RAR RES, Max residual error: 4.5811, t: tensor([[0.1952],
        [0.1999],
        [0.1952]])
===== logging end   2025-11-16 15:33:04 =====

===== logging start 2025-11-16 15:34:15 =====
--- Save Epoch 1, Loss=1.0654e+04, IC=4.2691e+02, Res=1.0227e+04, Beta=0.00 ---
... RAR IC , Max IC error: 21.8172, t: tensor(0.)
... RAR RES, Max residual error: 444.6288, t: tensor([[0.1869],
        [0.1141],
        [0.1626]])
--- Save Epoch 13, Loss=9.9040e+03, IC=1.6062e+01, Res=9.8879e+03, Beta=0.02 ---
--- Save Epoch 36, Loss=9.4010e+03, IC=2.3029e+00, Res=9.3987e+03, Beta=0.04 ---
--- Save Epoch 49, Loss=8.8521e+03, IC=3.1521e+00, Res=8.8489e+03, Beta=0.06 ---
--- Save Epoch 65, Loss=8.1916e+03, IC=4.9542e+00, Res=8.1867e+03, Beta=0.08 ---
... RAR IC , Max IC error: 10.0686, t: tensor(0.)
... RAR RES, Max residual error: 395.3875, t: tensor([[0.1232],
        [0.1189],
        [0.0860]])
===== logging end   2025-11-16 15:35:22 =====

===== logging start 2025-11-16 15:35:26 =====
--- Save Epoch 1, Loss=1.4023e+04, IC=4.2691e+02, Res=1.3596e+04, Beta=1.00 ---
... RAR IC , Max IC error: 17.8905, t: tensor(0.)
... RAR RES, Max residual error: 264.4063, t: tensor([[0.1536],
        [0.1457],
        [0.1745]])
--- Save Epoch 2, Loss=3.5842e+03, IC=1.4429e+02, Res=3.4399e+03, Beta=1.00 ---
--- Save Epoch 3, Loss=1.1228e+03, IC=1.7387e+01, Res=1.1054e+03, Beta=1.00 ---
--- Save Epoch 6, Loss=9.3843e+02, IC=1.5804e+01, Res=9.2263e+02, Beta=1.00 ---
--- Save Epoch 7, Loss=5.2782e+02, IC=2.7794e+01, Res=5.0003e+02, Beta=1.00 ---
--- Save Epoch 8, Loss=3.6324e+02, IC=4.4639e+01, Res=3.1860e+02, Beta=1.00 ---
--- Save Epoch 11, Loss=3.4025e+02, IC=1.6157e+01, Res=3.2409e+02, Beta=1.00 ---
--- Save Epoch 12, Loss=1.4338e+02, IC=1.1400e+01, Res=1.3198e+02, Beta=1.00 ---
--- Save Epoch 17, Loss=9.9680e+01, IC=1.1907e+01, Res=8.7774e+01, Beta=1.00 ---
--- Save Epoch 21, Loss=6.1270e+01, IC=5.7866e+00, Res=5.5483e+01, Beta=1.00 ---
--- Save Epoch 22, Loss=5.1521e+01, IC=6.6156e+00, Res=4.4905e+01, Beta=1.00 ---
--- Save Epoch 25, Loss=3.8157e+01, IC=4.4579e+00, Res=3.3700e+01, Beta=1.00 ---
--- Save Epoch 29, Loss=2.2185e+01, IC=3.7646e+00, Res=1.8421e+01, Beta=1.00 ---
--- Save Epoch 33, Loss=1.7246e+01, IC=3.4163e+00, Res=1.3829e+01, Beta=1.00 ---
--- Save Epoch 41, Loss=1.3510e+01, IC=1.8121e+00, Res=1.1697e+01, Beta=1.00 ---
--- Save Epoch 49, Loss=1.2366e+01, IC=5.5034e-01, Res=1.1816e+01, Beta=1.00 ---
--- Save Epoch 53, Loss=1.0880e+01, IC=6.8332e-01, Res=1.0196e+01, Beta=1.00 ---
--- Save Epoch 58, Loss=7.7973e+00, IC=6.7832e-01, Res=7.1190e+00, Beta=1.00 ---
--- Save Epoch 61, Loss=7.1459e+00, IC=4.7886e-01, Res=6.6670e+00, Beta=1.00 ---
--- Save Epoch 69, Loss=6.0868e+00, IC=2.0177e-01, Res=5.8850e+00, Beta=1.00 ---
--- Save Epoch 72, Loss=5.6825e+00, IC=1.0330e-01, Res=5.5792e+00, Beta=1.00 ---
--- Save Epoch 73, Loss=5.1739e+00, IC=1.0436e-01, Res=5.0695e+00, Beta=1.00 ---
--- Save Epoch 89, Loss=4.8412e+00, IC=3.3515e-02, Res=4.8077e+00, Beta=1.00 ---
--- Save Epoch 96, Loss=2.9201e+00, IC=4.2463e-02, Res=2.8776e+00, Beta=1.00 ---
... RAR IC , Max IC error: 1.5041, t: tensor(0.)
... RAR RES, Max residual error: 27.1711, t: tensor([[0.0077],
        [0.1897],
        [0.0102]])
--- Save Epoch 148, Loss=2.7286e+00, IC=4.9626e-02, Res=2.6790e+00, Beta=1.00 ---
--- Save Epoch 173, Loss=2.1813e+00, IC=6.1402e-03, Res=2.1752e+00, Beta=1.00 ---
... RAR IC , Max IC error: 0.3608, t: tensor(0.)
... RAR RES, Max residual error: 11.0074, t: tensor([[0.1403],
        [0.1136],
        [0.1435]])
--- Save Epoch 242, Loss=2.0007e+00, IC=1.8607e-02, Res=1.9821e+00, Beta=1.00 ---
--- Save Epoch 269, Loss=1.8543e+00, IC=9.0675e-03, Res=1.8452e+00, Beta=1.00 ---
--- Save Epoch 272, Loss=1.7386e+00, IC=1.0562e-02, Res=1.7281e+00, Beta=1.00 ---
--- Save Epoch 274, Loss=1.5902e+00, IC=5.7022e-03, Res=1.5845e+00, Beta=1.00 ---
--- Save Epoch 296, Loss=1.4961e+00, IC=3.7709e-03, Res=1.4923e+00, Beta=1.00 ---
... RAR IC , Max IC error: 0.0978, t: tensor(0.)
... RAR RES, Max residual error: 14.9832, t: tensor([[0.1946],
        [0.1483],
        [0.1865]])
===== logging end   2025-11-16 15:42:54 =====

===== logging start 2025-11-16 15:44:02 =====
--- Save Epoch 1, Loss=3.6723e+01, IC=2.0031e-01, Res=3.6522e+01, Beta=1.00 ---
... RAR IC , Max IC error: 1.9232, t: tensor(0.)
... RAR RES, Max residual error: 44.5857, t: tensor([[0.1740],
        [0.1651],
        [0.1509]])
--- Save Epoch 3, Loss=1.0302e+01, IC=2.5543e-01, Res=1.0047e+01, Beta=1.00 ---
--- Save Epoch 6, Loss=8.7756e+00, IC=3.2823e-01, Res=8.4473e+00, Beta=1.00 ---
--- Save Epoch 7, Loss=5.9074e+00, IC=1.6745e-01, Res=5.7400e+00, Beta=1.00 ---
--- Save Epoch 8, Loss=3.6705e+00, IC=1.0288e-01, Res=3.5676e+00, Beta=1.00 ---
--- Save Epoch 10, Loss=2.6604e+00, IC=1.0286e-01, Res=2.5575e+00, Beta=1.00 ---
--- Save Epoch 11, Loss=2.4036e+00, IC=5.4539e-02, Res=2.3491e+00, Beta=1.00 ---
--- Save Epoch 13, Loss=1.4863e+00, IC=6.8403e-02, Res=1.4179e+00, Beta=1.00 ---
--- Save Epoch 19, Loss=1.3002e+00, IC=5.9394e-02, Res=1.2408e+00, Beta=1.00 ---
--- Save Epoch 24, Loss=1.1793e+00, IC=7.0142e-02, Res=1.1091e+00, Beta=1.00 ---
--- Save Epoch 36, Loss=1.0973e+00, IC=1.1226e-02, Res=1.0861e+00, Beta=1.00 ---
===== logging end   2025-11-16 15:44:36 =====

===== logging start 2025-11-16 15:45:01 =====
--- Save Epoch 1, Loss=1.0723e+02, IC=3.1464e+00, Res=1.0409e+02, Beta=1.00 ---
... RAR IC , Max IC error: 4.4639, t: tensor(0.)
... RAR RES, Max residual error: 77.0325, t: tensor([[0.0328],
        [0.0747],
        [0.1114]])
--- Save Epoch 4, Loss=4.2977e+01, IC=1.0949e+00, Res=4.1883e+01, Beta=1.00 ---
--- Save Epoch 5, Loss=2.3119e+01, IC=6.7891e-01, Res=2.2440e+01, Beta=1.00 ---
--- Save Epoch 6, Loss=2.0077e+01, IC=8.1237e-01, Res=1.9265e+01, Beta=1.00 ---
--- Save Epoch 7, Loss=1.0878e+01, IC=1.0207e+00, Res=9.8568e+00, Beta=1.00 ---
--- Save Epoch 9, Loss=9.8668e+00, IC=2.5670e-01, Res=9.6101e+00, Beta=1.00 ---
--- Save Epoch 10, Loss=7.2150e+00, IC=9.8841e-02, Res=7.1162e+00, Beta=1.00 ---
--- Save Epoch 11, Loss=4.0459e+00, IC=1.5654e-01, Res=3.8894e+00, Beta=1.00 ---
--- Save Epoch 14, Loss=3.0442e+00, IC=3.8578e-02, Res=3.0056e+00, Beta=1.00 ---
--- Save Epoch 15, Loss=2.1335e+00, IC=3.1527e-02, Res=2.1019e+00, Beta=1.00 ---
--- Save Epoch 20, Loss=1.6081e+00, IC=2.5397e-02, Res=1.5827e+00, Beta=1.00 ---
--- Save Epoch 25, Loss=1.4867e+00, IC=2.1866e-02, Res=1.4648e+00, Beta=1.00 ---
--- Save Epoch 31, Loss=1.3471e+00, IC=4.9663e-03, Res=1.3421e+00, Beta=1.00 ---
--- Save Epoch 34, Loss=1.2782e+00, IC=3.6624e-02, Res=1.2415e+00, Beta=1.00 ---
--- Save Epoch 41, Loss=1.1394e+00, IC=2.9587e-03, Res=1.1364e+00, Beta=1.00 ---
... RAR IC , Max IC error: 0.1479, t: tensor(0.)
... RAR RES, Max residual error: 10.1164, t: tensor([[0.1898],
        [0.1975],
        [0.1387]])
===== logging end   2025-11-16 15:47:46 =====

===== logging start 2025-11-16 15:49:33 =====
--- Save Epoch 1, Loss=3.1111e+06, IC=3.2626e-12, Res=3.1111e+06, Beta=0.00 ---
... RAR RES, Max residual error: 3032.5229, t: tensor([[0.0110],
        [0.0529],
        [0.0002]])
--- Save Epoch 2, Loss=6.9900e+05, IC=2.8199e-12, Res=6.9900e+05, Beta=0.02 ---
--- Save Epoch 3, Loss=4.1980e+05, IC=2.8583e-12, Res=4.1980e+05, Beta=0.04 ---
--- Save Epoch 4, Loss=9.2286e+04, IC=2.8371e-12, Res=9.2286e+04, Beta=0.06 ---
--- Save Epoch 5, Loss=3.5142e+04, IC=3.0166e-12, Res=3.5142e+04, Beta=0.08 ---
--- Save Epoch 13, Loss=1.7613e+04, IC=2.6867e-12, Res=1.7613e+04, Beta=0.10 ---
--- Save Epoch 20, Loss=1.3134e+04, IC=2.9021e-12, Res=1.3134e+04, Beta=0.12 ---
--- Save Epoch 27, Loss=1.1565e+04, IC=2.7516e-12, Res=1.1565e+04, Beta=0.14 ---
--- Save Epoch 34, Loss=9.8325e+03, IC=3.1380e-12, Res=9.8325e+03, Beta=0.16 ---
--- Save Epoch 37, Loss=8.9598e+03, IC=3.2886e-12, Res=8.9598e+03, Beta=0.18 ---
--- Save Epoch 43, Loss=8.0019e+03, IC=2.9672e-12, Res=8.0019e+03, Beta=0.20 ---
--- Save Epoch 47, Loss=7.4720e+03, IC=3.0916e-12, Res=7.4720e+03, Beta=0.22 ---
--- Save Epoch 48, Loss=6.8155e+03, IC=3.0341e-12, Res=6.8155e+03, Beta=0.24 ---
--- Save Epoch 72, Loss=6.2663e+03, IC=3.0934e-12, Res=6.2663e+03, Beta=0.26 ---
--- Save Epoch 76, Loss=5.7927e+03, IC=2.8984e-12, Res=5.7927e+03, Beta=0.28 ---
... RAR RES, Max residual error: 342.7827, t: tensor([[0.1540],
        [0.1544],
        [0.1705]])
--- Save Epoch 232, Loss=5.4885e+03, IC=3.0729e-12, Res=5.4885e+03, Beta=0.30 ---
--- Save Epoch 251, Loss=5.1404e+03, IC=3.1068e-12, Res=5.1404e+03, Beta=0.32 ---
--- Save Epoch 262, Loss=4.8712e+03, IC=3.0170e-12, Res=4.8712e+03, Beta=0.34 ---
... RAR RES, Max residual error: 317.0268, t: tensor([[0.1694],
        [0.1640],
        [0.1071]])
--- Save Epoch 760, Loss=4.4217e+03, IC=3.0327e-12, Res=4.4217e+03, Beta=0.36 ---
... RAR RES, Max residual error: 291.9704, t: tensor([[0.0921],
        [0.0459],
        [0.0700]])
[info] epoch 1000, lr=9.50e-04
===== logging end   2025-11-16 15:53:00 =====

===== logging start 2025-11-16 15:53:22 =====
--- Save Epoch 1, Loss=5.6118e+04, IC=3.2626e-12, Res=5.6118e+04, Beta=0.00 ---
... RAR RES, Max residual error: 930.0762, t: tensor([[0.1674],
        [0.1916],
        [0.1689]])
--- Save Epoch 4, Loss=1.8280e+04, IC=2.8371e-12, Res=1.8280e+04, Beta=0.02 ---
--- Save Epoch 9, Loss=1.2344e+04, IC=3.2969e-12, Res=1.2344e+04, Beta=0.04 ---
--- Save Epoch 12, Loss=1.0332e+04, IC=3.0798e-12, Res=1.0332e+04, Beta=0.06 ---
--- Save Epoch 28, Loss=9.7748e+03, IC=3.1763e-12, Res=9.7748e+03, Beta=0.08 ---
--- Save Epoch 44, Loss=9.1360e+03, IC=2.5958e-12, Res=9.1360e+03, Beta=0.10 ---
--- Save Epoch 45, Loss=8.0692e+03, IC=3.1904e-12, Res=8.0692e+03, Beta=0.12 ---
--- Save Epoch 70, Loss=7.5967e+03, IC=3.2651e-12, Res=7.5967e+03, Beta=0.14 ---
... RAR RES, Max residual error: 393.7656, t: tensor([[0.1948],
        [0.1654],
        [0.1204]])
===== logging end   2025-11-16 15:54:43 =====

===== logging start 2025-11-16 15:55:26 =====
--- Save Epoch 1, Loss=2.6939e+04, IC=3.2626e-12, Res=2.6939e+04, Beta=0.00 ---
... RAR RES, Max residual error: 461.9527, t: tensor([[0.0546],
        [0.0059],
        [0.1925]])
--- Save Epoch 2, Loss=1.2754e+04, IC=2.8199e-12, Res=1.2754e+04, Beta=0.02 ---
--- Save Epoch 3, Loss=1.1914e+04, IC=2.8583e-12, Res=1.1914e+04, Beta=0.04 ---
--- Save Epoch 6, Loss=1.0779e+04, IC=2.9906e-12, Res=1.0779e+04, Beta=0.06 ---
--- Save Epoch 7, Loss=9.2795e+03, IC=2.7452e-12, Res=9.2795e+03, Beta=0.08 ---
--- Save Epoch 10, Loss=8.7122e+03, IC=2.7889e-12, Res=8.7122e+03, Beta=0.10 ---
--- Save Epoch 28, Loss=8.2567e+03, IC=3.1763e-12, Res=8.2567e+03, Beta=0.12 ---
--- Save Epoch 38, Loss=7.8159e+03, IC=2.8574e-12, Res=7.8159e+03, Beta=0.14 ---
--- Save Epoch 42, Loss=7.3508e+03, IC=3.1769e-12, Res=7.3508e+03, Beta=0.16 ---
--- Save Epoch 91, Loss=6.9498e+03, IC=3.1040e-12, Res=6.9498e+03, Beta=0.18 ---
... RAR RES, Max residual error: 381.1125, t: tensor([[0.1863],
        [0.0780],
        [0.1574]])
[info] epoch 1000, lr=9.50e-04
--- Save Epoch 1741, Loss=6.5769e+03, IC=2.8816e-12, Res=6.5769e+03, Beta=0.20 ---
... RAR RES, Max residual error: 368.0475, t: tensor([[0.1594],
        [0.1663],
        [0.1894]])
[info] epoch 2000, lr=9.02e-04
[info] epoch 3000, lr=8.57e-04
--- Save Epoch 3280, Loss=6.1883e+03, IC=2.9104e-12, Res=6.1883e+03, Beta=0.22 ---
... RAR RES, Max residual error: 353.4265, t: tensor([[0.1955],
        [0.1744],
        [0.1809]])
--- Save Epoch 3676, Loss=5.8039e+03, IC=3.0535e-12, Res=5.8039e+03, Beta=0.24 ---
--- Save Epoch 3680, Loss=5.4771e+03, IC=2.6534e-12, Res=5.4771e+03, Beta=0.26 ---
... RAR RES, Max residual error: 299.7325, t: tensor([[0.0139],
        [0.0239],
        [0.0015]])
[info] epoch 4000, lr=8.15e-04
--- Save Epoch 4164, Loss=5.1873e+03, IC=3.1820e-12, Res=5.1873e+03, Beta=0.28 ---
--- Save Epoch 4171, Loss=4.8552e+03, IC=3.3648e-12, Res=4.8552e+03, Beta=0.30 ---
... RAR RES, Max residual error: 318.2571, t: tensor([[0.1919],
        [0.1821],
        [0.1910]])
--- Save Epoch 4581, Loss=4.6077e+03, IC=3.0801e-12, Res=4.6077e+03, Beta=0.32 ---
... RAR RES, Max residual error: 289.1013, t: tensor([[0.1819],
        [0.1784],
        [0.1809]])
[info] epoch 5000, lr=7.74e-04
--- Save Epoch 5122, Loss=4.3645e+03, IC=3.3061e-12, Res=4.3645e+03, Beta=0.34 ---
--- Save Epoch 5133, Loss=4.1441e+03, IC=3.0398e-12, Res=4.1441e+03, Beta=0.36 ---
--- Save Epoch 5150, Loss=3.9214e+03, IC=2.8267e-12, Res=3.9214e+03, Beta=0.38 ---
--- Save Epoch 5159, Loss=3.6502e+03, IC=3.2697e-12, Res=3.6502e+03, Beta=0.40 ---
--- Save Epoch 5191, Loss=3.4335e+03, IC=2.9495e-12, Res=3.4335e+03, Beta=0.42 ---
--- Save Epoch 5200, Loss=3.1828e+03, IC=3.0092e-12, Res=3.1828e+03, Beta=0.44 ---
... RAR RES, Max residual error: 342.9511, t: tensor([[0.1979],
        [0.1792],
        [0.0042]])
--- Save Epoch 5605, Loss=2.9941e+03, IC=2.5816e-12, Res=2.9941e+03, Beta=0.46 ---
--- Save Epoch 5610, Loss=2.8207e+03, IC=2.7962e-12, Res=2.8207e+03, Beta=0.48 ---
--- Save Epoch 5629, Loss=2.6457e+03, IC=3.0899e-12, Res=2.6457e+03, Beta=0.50 ---
--- Save Epoch 5630, Loss=2.5082e+03, IC=2.8149e-12, Res=2.5082e+03, Beta=0.52 ---
--- Save Epoch 5631, Loss=2.3589e+03, IC=2.9645e-12, Res=2.3589e+03, Beta=0.54 ---
--- Save Epoch 5632, Loss=2.1657e+03, IC=3.2788e-12, Res=2.1657e+03, Beta=0.56 ---
--- Save Epoch 5633, Loss=1.8590e+03, IC=3.1947e-12, Res=1.8590e+03, Beta=0.58 ---
--- Save Epoch 5639, Loss=1.7096e+03, IC=2.8913e-12, Res=1.7096e+03, Beta=0.60 ---
--- Save Epoch 5645, Loss=1.5781e+03, IC=2.9108e-12, Res=1.5781e+03, Beta=0.62 ---
--- Save Epoch 5647, Loss=1.4879e+03, IC=2.8670e-12, Res=1.4879e+03, Beta=0.64 ---
--- Save Epoch 5648, Loss=1.3504e+03, IC=2.9428e-12, Res=1.3504e+03, Beta=0.66 ---
--- Save Epoch 5649, Loss=1.1902e+03, IC=2.7153e-12, Res=1.1902e+03, Beta=0.68 ---
--- Save Epoch 5650, Loss=1.0797e+03, IC=2.9659e-12, Res=1.0797e+03, Beta=0.70 ---
--- Save Epoch 5651, Loss=1.0035e+03, IC=3.0387e-12, Res=1.0035e+03, Beta=0.72 ---
--- Save Epoch 5652, Loss=8.7230e+02, IC=2.9895e-12, Res=8.7230e+02, Beta=0.74 ---
--- Save Epoch 5653, Loss=7.3105e+02, IC=2.8995e-12, Res=7.3105e+02, Beta=0.76 ---
--- Save Epoch 5654, Loss=6.2626e+02, IC=3.0725e-12, Res=6.2626e+02, Beta=0.78 ---
--- Save Epoch 5655, Loss=4.9975e+02, IC=3.0263e-12, Res=4.9975e+02, Beta=0.80 ---
--- Save Epoch 5656, Loss=4.6051e+02, IC=2.8870e-12, Res=4.6051e+02, Beta=0.82 ---
--- Save Epoch 5657, Loss=4.0115e+02, IC=3.3660e-12, Res=4.0115e+02, Beta=0.84 ---
--- Save Epoch 5658, Loss=2.9645e+02, IC=3.0598e-12, Res=2.9645e+02, Beta=0.86 ---
--- Save Epoch 5659, Loss=2.2805e+02, IC=3.2053e-12, Res=2.2805e+02, Beta=0.88 ---
--- Save Epoch 5660, Loss=1.6417e+02, IC=3.0901e-12, Res=1.6417e+02, Beta=0.90 ---
--- Save Epoch 5661, Loss=1.0659e+02, IC=2.9891e-12, Res=1.0659e+02, Beta=0.92 ---
--- Save Epoch 5662, Loss=6.8277e+01, IC=3.1630e-12, Res=6.8277e+01, Beta=0.94 ---
--- Save Epoch 5663, Loss=3.6720e+01, IC=2.9614e-12, Res=3.6720e+01, Beta=0.96 ---
--- Save Epoch 5664, Loss=1.7657e+01, IC=2.8972e-12, Res=1.7657e+01, Beta=0.98 ---
--- Save Epoch 5665, Loss=1.2759e+01, IC=3.1249e-12, Res=1.2759e+01, Beta=1.00 ---
--- Save Epoch 5666, Loss=5.5744e+00, IC=2.6979e-12, Res=5.5744e+00, Beta=1.00 ---
--- Save Epoch 5669, Loss=3.4925e+00, IC=3.0121e-12, Res=3.4925e+00, Beta=1.00 ---
--- Save Epoch 5673, Loss=1.7914e+00, IC=3.0357e-12, Res=1.7914e+00, Beta=1.00 ---
--- Save Epoch 5678, Loss=1.4207e+00, IC=3.0084e-12, Res=1.4207e+00, Beta=1.00 ---
--- Save Epoch 5691, Loss=1.3057e+00, IC=3.0263e-12, Res=1.3057e+00, Beta=1.00 ---
... RAR RES, Max residual error: 15.2181, t: tensor([[0.2000],
        [0.1732],
        [0.1919]])
[info] epoch 6000, lr=7.35e-04
[info] epoch 7000, lr=6.98e-04
[info] epoch 8000, lr=6.63e-04
[info] epoch 9000, lr=6.30e-04
[info] epoch 10000, lr=5.99e-04
[info] epoch 11000, lr=5.69e-04
===== logging end   2025-11-16 16:41:05 =====

===== logging start 2025-11-16 16:41:18 =====
--- Save Epoch 1, Loss=1.7269e+04, Res=1.7269e+04, Beta=1.00 ---
... RAR RES, Max residual error: 58.7106, t: tensor([[0.1926],
        [0.1861],
        [0.1959]])
--- Save Epoch 2, Loss=1.7393e+03, Res=1.7393e+03, Beta=1.00 ---
--- Save Epoch 6, Loss=1.0133e+03, Res=1.0133e+03, Beta=1.00 ---
--- Save Epoch 7, Loss=5.3484e+01, Res=5.3484e+01, Beta=1.00 ---
--- Save Epoch 10, Loss=3.5334e+01, Res=3.5334e+01, Beta=1.00 ---
--- Save Epoch 42, Loss=3.1091e+01, Res=3.1091e+01, Beta=1.00 ---
--- Save Epoch 50, Loss=2.6867e+01, Res=2.6867e+01, Beta=1.00 ---
--- Save Epoch 58, Loss=2.3195e+01, Res=2.3195e+01, Beta=1.00 ---
--- Save Epoch 66, Loss=1.8679e+01, Res=1.8679e+01, Beta=1.00 ---
--- Save Epoch 74, Loss=1.4968e+01, Res=1.4968e+01, Beta=1.00 ---
--- Save Epoch 82, Loss=1.2190e+01, Res=1.2190e+01, Beta=1.00 ---
--- Save Epoch 90, Loss=9.7023e+00, Res=9.7023e+00, Beta=1.00 ---
--- Save Epoch 98, Loss=7.1822e+00, Res=7.1822e+00, Beta=1.00 ---
... RAR RES, Max residual error: 31.9004, t: tensor([[0.1979],
        [0.1892],
        [0.1965]])
--- Save Epoch 106, Loss=5.3107e+00, Res=5.3107e+00, Beta=1.00 ---
--- Save Epoch 114, Loss=3.8335e+00, Res=3.8335e+00, Beta=1.00 ---
--- Save Epoch 122, Loss=2.7619e+00, Res=2.7619e+00, Beta=1.00 ---
--- Save Epoch 130, Loss=1.9697e+00, Res=1.9697e+00, Beta=1.00 ---
--- Save Epoch 138, Loss=1.4954e+00, Res=1.4954e+00, Beta=1.00 ---
--- Save Epoch 146, Loss=1.3866e+00, Res=1.3866e+00, Beta=1.00 ---
... RAR RES, Max residual error: 14.9607, t: tensor([[0.1972],
        [0.1131],
        [0.1305]])
===== logging end   2025-11-16 16:42:46 =====

===== logging start 2025-11-16 16:42:50 =====
--- Save Epoch 1, Loss=4.1310e+05, Res=4.1310e+05, Beta=1.00 ---
... RAR RES, Max residual error: 287.2454, t: tensor([[0.1926],
        [0.1861],
        [0.1959]])
--- Save Epoch 2, Loss=4.1492e+04, Res=4.1492e+04, Beta=1.00 ---
--- Save Epoch 6, Loss=2.4349e+04, Res=2.4349e+04, Beta=1.00 ---
--- Save Epoch 7, Loss=1.2278e+03, Res=1.2278e+03, Beta=1.00 ---
--- Save Epoch 10, Loss=7.9876e+02, Res=7.9876e+02, Beta=1.00 ---
--- Save Epoch 42, Loss=7.0178e+02, Res=7.0178e+02, Beta=1.00 ---
--- Save Epoch 50, Loss=6.0009e+02, Res=6.0009e+02, Beta=1.00 ---
--- Save Epoch 58, Loss=4.9838e+02, Res=4.9838e+02, Beta=1.00 ---
--- Save Epoch 66, Loss=4.0581e+02, Res=4.0581e+02, Beta=1.00 ---
--- Save Epoch 74, Loss=3.2106e+02, Res=3.2106e+02, Beta=1.00 ---
--- Save Epoch 82, Loss=2.5054e+02, Res=2.5054e+02, Beta=1.00 ---
--- Save Epoch 90, Loss=1.8921e+02, Res=1.8921e+02, Beta=1.00 ---
--- Save Epoch 98, Loss=1.3585e+02, Res=1.3585e+02, Beta=1.00 ---
... RAR RES, Max residual error: 105.5459, t: tensor([[0.1987],
        [0.1998],
        [0.1969]])
--- Save Epoch 106, Loss=9.2168e+01, Res=9.2168e+01, Beta=1.00 ---
--- Save Epoch 114, Loss=5.6977e+01, Res=5.6977e+01, Beta=1.00 ---
--- Save Epoch 122, Loss=3.0028e+01, Res=3.0028e+01, Beta=1.00 ---
--- Save Epoch 130, Loss=1.2236e+01, Res=1.2236e+01, Beta=1.00 ---
--- Save Epoch 138, Loss=2.8057e+00, Res=2.8057e+00, Beta=1.00 ---
--- Save Epoch 146, Loss=1.9426e+00, Res=1.9426e+00, Beta=1.00 ---
--- Save Epoch 160, Loss=1.4290e+00, Res=1.4290e+00, Beta=1.00 ---
... RAR RES, Max residual error: 50.7991, t: tensor([[0.1966],
        [0.1935],
        [0.1915]])
--- Save Epoch 257, Loss=1.0988e+00, Res=1.0988e+00, Beta=1.00 ---
... RAR RES, Max residual error: 25.9841, t: tensor([[0.1972],
        [0.1998],
        [0.1304]])
[info] epoch 1000, lr=9.50e-04
[info] epoch 2000, lr=9.02e-04
[info] epoch 3000, lr=8.57e-04
[info] epoch 4000, lr=8.15e-04
[info] epoch 5000, lr=7.74e-04
[info] epoch 6000, lr=7.35e-04
[info] epoch 7000, lr=6.98e-04
[info] epoch 8000, lr=6.63e-04
[info] epoch 9000, lr=6.30e-04
[info] epoch 10000, lr=5.99e-04
[info] epoch 11000, lr=5.69e-04
[info] epoch 12000, lr=5.40e-04
[info] epoch 13000, lr=5.13e-04
[info] epoch 14000, lr=4.88e-04
[info] epoch 15000, lr=4.63e-04
[info] epoch 16000, lr=4.40e-04
[info] epoch 17000, lr=4.18e-04
[info] epoch 18000, lr=3.97e-04
[info] epoch 19000, lr=3.77e-04
[info] epoch 20000, lr=3.58e-04
[info] epoch 21000, lr=3.41e-04
[info] epoch 22000, lr=3.24e-04
[info] epoch 23000, lr=3.07e-04
[info] epoch 24000, lr=2.92e-04
[info] epoch 25000, lr=2.77e-04
===== logging end   2025-11-16 17:22:46 =====

===== logging start 2025-11-16 17:23:32 =====
--- Save Epoch 1, Loss=3.7732e+04, Res=3.7732e+04, Beta=1.00 ---
... RAR RES, Max residual error: 232.3342, t: tensor([[0.1891],
        [0.1939],
        [0.1888]])
--- Save Epoch 2, Loss=2.7077e+04, Res=2.7077e+04, Beta=1.00 ---
--- Save Epoch 3, Loss=1.8212e+04, Res=1.8212e+04, Beta=1.00 ---
--- Save Epoch 4, Loss=1.1068e+04, Res=1.1068e+04, Beta=1.00 ---
--- Save Epoch 5, Loss=5.7577e+03, Res=5.7577e+03, Beta=1.00 ---
--- Save Epoch 6, Loss=2.1599e+03, Res=2.1599e+03, Beta=1.00 ---
--- Save Epoch 7, Loss=2.7384e+02, Res=2.7384e+02, Beta=1.00 ---
--- Save Epoch 8, Loss=2.3677e+02, Res=2.3677e+02, Beta=1.00 ---
--- Save Epoch 15, Loss=1.2176e+02, Res=1.2176e+02, Beta=1.00 ---
--- Save Epoch 16, Loss=7.4643e+00, Res=7.4643e+00, Beta=1.00 ---
--- Save Epoch 22, Loss=3.1956e+00, Res=3.1956e+00, Beta=1.00 ---
--- Save Epoch 41, Loss=1.3085e+00, Res=1.3085e+00, Beta=1.00 ---
--- Save Epoch 56, Loss=1.1322e+00, Res=1.1322e+00, Beta=1.00 ---
... RAR RES, Max residual error: 20.3334, t: tensor([[0.1979],
        [0.1044],
        [0.1892]])
[info] epoch 1000, lr=9.50e-04
[info] epoch 2000, lr=9.02e-04
[info] epoch 3000, lr=8.57e-04
[info] epoch 4000, lr=8.15e-04
[info] epoch 5000, lr=7.74e-04
[info] epoch 6000, lr=7.35e-04
[info] epoch 7000, lr=6.98e-04
[info] epoch 8000, lr=6.63e-04
[info] epoch 9000, lr=6.30e-04
[info] epoch 10000, lr=5.99e-04
[info] epoch 11000, lr=5.69e-04
[info] epoch 12000, lr=5.40e-04
[info] epoch 13000, lr=5.13e-04
===== logging end   2025-11-16 17:48:31 =====

===== logging start 2025-11-16 17:50:51 =====
--- Save Epoch 1, Loss=3.7732e+04, Res=3.7732e+04, Beta=1.00 ---
... RAR RES, Max residual error: 232.3342, t: tensor([[0.1891],
        [0.1939],
        [0.1888]])
--- Save Epoch 2, Loss=2.7077e+04, Res=2.7077e+04, Beta=1.00 ---
--- Save Epoch 3, Loss=1.8212e+04, Res=1.8212e+04, Beta=1.00 ---
--- Save Epoch 4, Loss=1.1068e+04, Res=1.1068e+04, Beta=1.00 ---
--- Save Epoch 5, Loss=5.7577e+03, Res=5.7577e+03, Beta=1.00 ---
--- Save Epoch 6, Loss=2.1599e+03, Res=2.1599e+03, Beta=1.00 ---
--- Save Epoch 7, Loss=2.7384e+02, Res=2.7384e+02, Beta=1.00 ---
--- Save Epoch 8, Loss=2.3677e+02, Res=2.3677e+02, Beta=1.00 ---
--- Save Epoch 15, Loss=1.2176e+02, Res=1.2176e+02, Beta=1.00 ---
--- Save Epoch 16, Loss=7.4643e+00, Res=7.4643e+00, Beta=1.00 ---
===== logging end   2025-11-16 17:50:58 =====

===== logging start 2025-11-16 17:51:10 =====
--- Save Epoch 1, Loss=1.0600e+03, Res=1.0600e+03, Beta=1.00 ---
... RAR RES, Max residual error: 79.3683, t: tensor([[0.1230],
        [0.1010],
        [0.0728]])
--- Save Epoch 2, Loss=7.7626e+02, Res=7.7626e+02, Beta=1.00 ---
--- Save Epoch 3, Loss=4.7749e+02, Res=4.7749e+02, Beta=1.00 ---
--- Save Epoch 4, Loss=2.7258e+02, Res=2.7258e+02, Beta=1.00 ---
--- Save Epoch 5, Loss=1.1980e+02, Res=1.1980e+02, Beta=1.00 ---
--- Save Epoch 6, Loss=2.9172e+01, Res=2.9172e+01, Beta=1.00 ---
--- Save Epoch 7, Loss=6.5180e+00, Res=6.5180e+00, Beta=1.00 ---
--- Save Epoch 12, Loss=2.0356e+00, Res=2.0356e+00, Beta=1.00 ---
--- Save Epoch 18, Loss=1.4010e+00, Res=1.4010e+00, Beta=1.00 ---
--- Save Epoch 27, Loss=8.1321e-01, Res=8.1321e-01, Beta=1.00 ---
--- Save Epoch 28, Loss=9.3688e-02, Res=9.3688e-02, Beta=1.00 ---
--- Save Epoch 48, Loss=7.3154e-02, Res=7.3154e-02, Beta=1.00 ---
--- Save Epoch 52, Loss=6.4724e-02, Res=6.4724e-02, Beta=1.00 ---
--- Save Epoch 54, Loss=3.3154e-02, Res=3.3154e-02, Beta=1.00 ---
--- Save Epoch 58, Loss=2.4920e-02, Res=2.4920e-02, Beta=1.00 ---
--- Save Epoch 60, Loss=1.4317e-02, Res=1.4317e-02, Beta=1.00 ---
... RAR RES, Max residual error: 1.4529, t: tensor([[0.0204],
        [0.1459],
        [0.1612]])
--- Save Epoch 127, Loss=1.7642e-03, Res=1.7642e-03, Beta=1.00 ---
--- Save Epoch 148, Loss=1.1849e-03, Res=1.1849e-03, Beta=1.00 ---
--- Save Epoch 170, Loss=1.9613e-04, Res=1.9613e-04, Beta=1.00 ---
===== logging end   2025-11-16 17:51:46 =====

===== logging start 2025-11-16 17:51:58 =====
--- Save Epoch 1, Loss=1.1449e+03, IC=1.1449e+03, Res=4.2119e-02, Beta=0.00 ---
... RAR IC , Max IC error: 33.1216, t: tensor(0.)
... RAR RES, Max residual error: 1.7179, t: tensor([[0.1557],
        [0.1284],
        [0.1736]])
--- Save Epoch 2, Loss=8.0832e+02, IC=8.0798e+02, Res=3.3983e-01, Beta=0.02 ---
--- Save Epoch 3, Loss=5.2499e+02, IC=5.2410e+02, Res=8.9305e-01, Beta=0.04 ---
--- Save Epoch 4, Loss=3.2118e+02, IC=3.1984e+02, Res=1.3324e+00, Beta=0.06 ---
--- Save Epoch 5, Loss=1.8302e+02, IC=1.8164e+02, Res=1.3771e+00, Beta=0.08 ---
--- Save Epoch 6, Loss=1.1003e+02, IC=1.0899e+02, Res=1.0338e+00, Beta=0.10 ---
--- Save Epoch 7, Loss=1.0083e+02, IC=1.0037e+02, Res=4.5951e-01, Beta=0.12 ---
--- Save Epoch 21, Loss=9.3605e+01, IC=9.3333e+01, Res=2.7235e-01, Beta=0.14 ---
--- Save Epoch 39, Loss=8.7898e+01, IC=8.5956e+01, Res=1.9415e+00, Beta=0.16 ---
--- Save Epoch 80, Loss=8.3487e+01, IC=8.0436e+01, Res=3.0515e+00, Beta=0.18 ---
... RAR IC , Max IC error: 40.5282, t: tensor(0.)
... RAR RES, Max residual error: 9.5165, t: tensor([[0.0302],
        [0.0173],
        [0.0003]])
--- Save Epoch 394, Loss=7.9228e+01, IC=7.6842e+01, Res=2.3858e+00, Beta=0.20 ---
... RAR IC , Max IC error: 37.9012, t: tensor(0.)
... RAR RES, Max residual error: 11.0210, t: tensor([[0.1989],
        [0.1948],
        [0.1803]])
===== logging end   2025-11-16 17:53:40 =====

===== logging start 2025-11-16 17:53:51 =====
--- Save Epoch 1, Loss=1.0428e+02, IC=1.0427e+02, Res=1.7596e-03, Beta=0.00 ---
... RAR IC , Max IC error: 43.0100, t: tensor(0.)
... RAR RES, Max residual error: 0.3613, t: tensor([[0.1557],
        [0.1736],
        [0.1815]])
--- Save Epoch 32, Loss=9.6509e+01, IC=9.4442e+01, Res=2.0666e+00, Beta=0.02 ---
--- Save Epoch 39, Loss=9.0775e+01, IC=8.8206e+01, Res=2.5689e+00, Beta=0.04 ---
--- Save Epoch 63, Loss=8.5407e+01, IC=8.1175e+01, Res=4.2318e+00, Beta=0.06 ---
--- Save Epoch 97, Loss=8.0865e+01, IC=7.8761e+01, Res=2.1044e+00, Beta=0.08 ---
... RAR IC , Max IC error: 38.0268, t: tensor(0.)
... RAR RES, Max residual error: 10.6311, t: tensor([[0.1841],
        [0.1990],
        [0.1846]])
--- Save Epoch 310, Loss=7.6817e+01, IC=7.5038e+01, Res=1.7792e+00, Beta=0.10 ---
... RAR IC , Max IC error: 33.8493, t: tensor(0.)
... RAR RES, Max residual error: 7.3291, t: tensor([[0.1820],
        [0.1940],
        [0.0237]])
===== logging end   2025-11-16 17:55:37 =====

===== logging start 2025-11-16 17:57:47 =====
--- Save Epoch 1, Loss=4.9039e+02, IC=5.3918e-12, Res=4.9039e+02, Beta=0.00 ---
... RAR RES, Max residual error: 135.0763, t: tensor([[0.1364],
        [0.1287],
        [0.1893]])
--- Save Epoch 2, Loss=3.8203e+02, IC=1.5610e-12, Res=3.8203e+02, Beta=0.02 ---
--- Save Epoch 3, Loss=1.6977e+02, IC=3.8897e-12, Res=1.6977e+02, Beta=0.04 ---
--- Save Epoch 4, Loss=1.4697e+02, IC=1.8987e-12, Res=1.4697e+02, Beta=0.06 ---
--- Save Epoch 6, Loss=1.2096e+02, IC=4.7646e-12, Res=1.2096e+02, Beta=0.08 ---
--- Save Epoch 7, Loss=8.9755e+01, IC=1.5116e-12, Res=8.9755e+01, Beta=0.10 ---
--- Save Epoch 8, Loss=8.4112e+01, IC=3.4893e-12, Res=8.4112e+01, Beta=0.12 ---
--- Save Epoch 10, Loss=6.7983e+01, IC=5.3997e-12, Res=6.7983e+01, Beta=0.14 ---
--- Save Epoch 12, Loss=4.8712e+01, IC=2.1254e-12, Res=4.8712e+01, Beta=0.16 ---
--- Save Epoch 14, Loss=3.3864e+01, IC=6.3929e-12, Res=3.3864e+01, Beta=0.18 ---
--- Save Epoch 16, Loss=2.9644e+01, IC=2.6974e-12, Res=2.9644e+01, Beta=0.20 ---
--- Save Epoch 19, Loss=2.6095e+01, IC=2.6042e-12, Res=2.6095e+01, Beta=0.22 ---
--- Save Epoch 22, Loss=2.2296e+01, IC=2.7010e-12, Res=2.2296e+01, Beta=0.24 ---
--- Save Epoch 23, Loss=2.0193e+01, IC=1.5674e-12, Res=2.0193e+01, Beta=0.26 ---
--- Save Epoch 29, Loss=1.5155e+01, IC=2.4288e-12, Res=1.5155e+01, Beta=0.28 ---
--- Save Epoch 39, Loss=1.1468e+01, IC=1.7314e-12, Res=1.1468e+01, Beta=0.30 ---
--- Save Epoch 53, Loss=1.0755e+01, IC=2.3441e-12, Res=1.0755e+01, Beta=0.32 ---
--- Save Epoch 67, Loss=9.1141e+00, IC=1.5424e-12, Res=9.1141e+00, Beta=0.34 ---
--- Save Epoch 95, Loss=8.2907e+00, IC=1.6949e-12, Res=8.2907e+00, Beta=0.36 ---
... RAR RES, Max residual error: 30.5293, t: tensor([[0.1710],
        [0.1817],
        [0.1762]])
--- Save Epoch 108, Loss=7.7527e+00, IC=2.6986e-12, Res=7.7527e+00, Beta=0.38 ---
--- Save Epoch 141, Loss=6.6036e+00, IC=3.1905e-12, Res=6.6036e+00, Beta=0.40 ---
--- Save Epoch 164, Loss=5.3258e+00, IC=1.8829e-12, Res=5.3258e+00, Beta=0.42 ---
... RAR RES, Max residual error: 38.4086, t: tensor([[0.1971],
        [0.1949],
        [0.1971]])
--- Save Epoch 233, Loss=4.7185e+00, IC=3.0138e-12, Res=4.7185e+00, Beta=0.44 ---
... RAR RES, Max residual error: 22.8521, t: tensor([[0.1980],
        [0.1986],
        [0.2000]])
--- Save Epoch 311, Loss=4.0224e+00, IC=3.9029e-12, Res=4.0224e+00, Beta=0.46 ---
===== logging end   2025-11-16 17:59:12 =====

===== logging start 2025-11-16 17:59:22 =====
--- Save Epoch 1, Loss=4.8966e+03, Res=4.8966e+03, Beta=1.00 ---
... RAR RES, Max residual error: 439.6212, t: tensor([[0.0034],
        [0.0033],
        [0.0079]])
--- Save Epoch 5, Loss=4.3401e+03, Res=4.3401e+03, Beta=1.00 ---
--- Save Epoch 10, Loss=3.5400e+03, Res=3.5400e+03, Beta=1.00 ---
--- Save Epoch 12, Loss=3.3201e+03, Res=3.3201e+03, Beta=1.00 ---
--- Save Epoch 16, Loss=2.7986e+03, Res=2.7986e+03, Beta=1.00 ---
--- Save Epoch 19, Loss=2.6415e+03, Res=2.6415e+03, Beta=1.00 ---
--- Save Epoch 23, Loss=1.9845e+03, Res=1.9845e+03, Beta=1.00 ---
--- Save Epoch 27, Loss=1.8819e+03, Res=1.8819e+03, Beta=1.00 ---
--- Save Epoch 29, Loss=1.6538e+03, Res=1.6538e+03, Beta=1.00 ---
--- Save Epoch 38, Loss=1.2945e+03, Res=1.2945e+03, Beta=1.00 ---
--- Save Epoch 45, Loss=1.1183e+03, Res=1.1183e+03, Beta=1.00 ---
--- Save Epoch 56, Loss=1.0033e+03, Res=1.0033e+03, Beta=1.00 ---
--- Save Epoch 67, Loss=8.2522e+02, Res=8.2522e+02, Beta=1.00 ---
--- Save Epoch 81, Loss=7.5382e+02, Res=7.5382e+02, Beta=1.00 ---
... RAR RES, Max residual error: 218.5508, t: tensor([[0.0031],
        [0.0069],
        [0.0098]])
--- Save Epoch 191, Loss=7.0170e+02, Res=7.0170e+02, Beta=1.00 ---
... RAR RES, Max residual error: 200.0071, t: tensor([[0.0002],
        [0.1962],
        [0.1895]])
--- Save Epoch 290, Loss=6.4913e+02, Res=6.4913e+02, Beta=1.00 ---
--- Save Epoch 294, Loss=5.9515e+02, Res=5.9515e+02, Beta=1.00 ---
... RAR RES, Max residual error: 154.8896, t: tensor([[0.1820],
        [0.1880],
        [0.1729]])
--- Save Epoch 349, Loss=5.4246e+02, Res=5.4246e+02, Beta=1.00 ---
--- Save Epoch 367, Loss=4.6809e+02, Res=4.6809e+02, Beta=1.00 ---
... RAR RES, Max residual error: 141.9641, t: tensor([[0.1917],
        [0.0019],
        [0.1988]])
--- Save Epoch 504, Loss=4.3504e+02, Res=4.3504e+02, Beta=1.00 ---
--- Save Epoch 557, Loss=3.8623e+02, Res=3.8623e+02, Beta=1.00 ---
--- Save Epoch 574, Loss=3.4865e+02, Res=3.4865e+02, Beta=1.00 ---
--- Save Epoch 575, Loss=3.2645e+02, Res=3.2645e+02, Beta=1.00 ---
... RAR RES, Max residual error: 106.4305, t: tensor([[0.1922],
        [0.1961],
        [0.1931]])
--- Save Epoch 694, Loss=2.9045e+02, Res=2.9045e+02, Beta=1.00 ---
... RAR RES, Max residual error: 185.2449, t: tensor([[0.1986],
        [0.1986],
        [0.1986]])
--- Save Epoch 756, Loss=2.7205e+02, Res=2.7205e+02, Beta=1.00 ---
--- Save Epoch 760, Loss=2.5360e+02, Res=2.5360e+02, Beta=1.00 ---
... RAR RES, Max residual error: 83.3251, t: tensor([[0.1855],
        [0.0498],
        [0.0361]])
--- Save Epoch 892, Loss=2.3900e+02, Res=2.3900e+02, Beta=1.00 ---
--- Save Epoch 898, Loss=2.1865e+02, Res=2.1865e+02, Beta=1.00 ---
... RAR RES, Max residual error: 115.1282, t: tensor([[0.1947],
        [0.1975],
        [0.1983]])
[info] epoch 1000, lr=9.50e-04
--- Save Epoch 1001, Loss=1.9793e+02, Res=1.9793e+02, Beta=1.00 ---
--- Save Epoch 1011, Loss=1.8651e+02, Res=1.8651e+02, Beta=1.00 ---
--- Save Epoch 1037, Loss=1.7528e+02, Res=1.7528e+02, Beta=1.00 ---
--- Save Epoch 1075, Loss=1.6280e+02, Res=1.6280e+02, Beta=1.00 ---
--- Save Epoch 1086, Loss=1.4977e+02, Res=1.4977e+02, Beta=1.00 ---
... RAR RES, Max residual error: 80.4562, t: tensor([[0.1969],
        [0.1912],
        [0.1634]])
--- Save Epoch 1199, Loss=1.2225e+02, Res=1.2225e+02, Beta=1.00 ---
--- Save Epoch 1200, Loss=1.1525e+02, Res=1.1525e+02, Beta=1.00 ---
... RAR RES, Max residual error: 92.9682, t: tensor([[0.1989],
        [0.1983],
        [0.1903]])
--- Save Epoch 1315, Loss=1.0313e+02, Res=1.0313e+02, Beta=1.00 ---
... RAR RES, Max residual error: 64.0033, t: tensor([[0.1964],
        [0.1996],
        [0.1935]])
--- Save Epoch 1471, Loss=9.6280e+01, Res=9.6280e+01, Beta=1.00 ---
... RAR RES, Max residual error: 72.2617, t: tensor([[0.1939],
        [0.1933],
        [0.1977]])
--- Save Epoch 1697, Loss=8.6016e+01, Res=8.6016e+01, Beta=1.00 ---
... RAR RES, Max residual error: 69.0821, t: tensor([[0.1986],
        [0.1975],
        [0.1895]])
--- Save Epoch 1715, Loss=7.5047e+01, Res=7.5047e+01, Beta=1.00 ---
... RAR RES, Max residual error: 80.0117, t: tensor([[0.1989],
        [0.1975],
        [0.1959]])
[info] epoch 2000, lr=9.02e-04
--- Save Epoch 2177, Loss=6.9070e+01, Res=6.9070e+01, Beta=1.00 ---
... RAR RES, Max residual error: 89.3430, t: tensor([[0.1958],
        [0.1980],
        [0.1988]])
--- Save Epoch 2774, Loss=6.5372e+01, Res=6.5372e+01, Beta=1.00 ---
--- Save Epoch 2781, Loss=6.0294e+01, Res=6.0294e+01, Beta=1.00 ---
... RAR RES, Max residual error: 51.8462, t: tensor([[0.1959],
        [0.1962],
        [0.1962]])
--- Save Epoch 2934, Loss=5.4246e+01, Res=5.4246e+01, Beta=1.00 ---
[info] epoch 3000, lr=8.57e-04
... RAR RES, Max residual error: 55.0189, t: tensor([[0.1999],
        [0.1999],
        [0.1991]])
--- Save Epoch 3066, Loss=4.6415e+01, Res=4.6415e+01, Beta=1.00 ---
... RAR RES, Max residual error: 41.5941, t: tensor([[0.1905],
        [0.1974],
        [0.1894]])
--- Save Epoch 3479, Loss=3.8917e+01, Res=3.8917e+01, Beta=1.00 ---
... RAR RES, Max residual error: 79.5090, t: tensor([[0.1932],
        [0.1788],
        [0.1808]])
[info] epoch 4000, lr=8.15e-04
--- Save Epoch 4137, Loss=3.5541e+01, Res=3.5541e+01, Beta=1.00 ---
... RAR RES, Max residual error: 31.0927, t: tensor([[0.1978],
        [0.1953],
        [0.1972]])
--- Save Epoch 4410, Loss=3.0709e+01, Res=3.0709e+01, Beta=1.00 ---
... RAR RES, Max residual error: 43.4189, t: tensor([[0.1937],
        [0.1948],
        [0.0012]])
[info] epoch 5000, lr=7.74e-04
--- Save Epoch 5246, Loss=2.5137e+01, Res=2.5137e+01, Beta=1.00 ---
... RAR RES, Max residual error: 53.3132, t: tensor([[0.1980],
        [0.1888],
        [0.1950]])
--- Save Epoch 5799, Loss=2.2674e+01, Res=2.2674e+01, Beta=1.00 ---
... RAR RES, Max residual error: 39.9988, t: tensor([[0.1966],
        [0.1837],
        [0.1745]])
[info] epoch 6000, lr=7.35e-04
--- Save Epoch 6075, Loss=1.9905e+01, Res=1.9905e+01, Beta=1.00 ---
... RAR RES, Max residual error: 42.4964, t: tensor([[0.1970],
        [0.1970],
        [0.1854]])
[info] epoch 7000, lr=6.98e-04
--- Save Epoch 7093, Loss=1.7299e+01, Res=1.7299e+01, Beta=1.00 ---
... RAR RES, Max residual error: 36.5767, t: tensor([[0.1959],
        [0.1928],
        [0.1935]])
--- Save Epoch 7620, Loss=1.6169e+01, Res=1.6169e+01, Beta=1.00 ---
... RAR RES, Max residual error: 30.7806, t: tensor([[0.1984],
        [0.1984],
        [0.1903]])
[info] epoch 8000, lr=6.63e-04
--- Save Epoch 8060, Loss=1.3515e+01, Res=1.3515e+01, Beta=1.00 ---
... RAR RES, Max residual error: 46.1005, t: tensor([[0.1934],
        [0.1707],
        [0.1715]])
--- Save Epoch 8489, Loss=1.1802e+01, Res=1.1802e+01, Beta=1.00 ---
... RAR RES, Max residual error: 40.8372, t: tensor([[0.1986],
        [0.1986],
        [0.1986]])
[info] epoch 9000, lr=6.30e-04
[info] epoch 10000, lr=5.99e-04
--- Save Epoch 10373, Loss=1.0121e+01, Res=1.0121e+01, Beta=1.00 ---
... RAR RES, Max residual error: 22.7342, t: tensor([[0.1942],
        [0.1762],
        [0.1998]])
--- Save Epoch 10875, Loss=8.8843e+00, Res=8.8843e+00, Beta=1.00 ---
... RAR RES, Max residual error: 24.5796, t: tensor([[0.1922],
        [0.1974],
        [0.1974]])
[info] epoch 11000, lr=5.69e-04
--- Save Epoch 11246, Loss=8.0985e+00, Res=8.0985e+00, Beta=1.00 ---
... RAR RES, Max residual error: 28.3019, t: tensor([[0.1986],
        [0.1955],
        [0.1955]])
[info] epoch 12000, lr=5.40e-04
--- Save Epoch 12440, Loss=6.7034e+00, Res=6.7034e+00, Beta=1.00 ---
... RAR RES, Max residual error: 27.0698, t: tensor([[0.1896],
        [0.1969],
        [0.1937]])
[info] epoch 13000, lr=5.13e-04
--- Save Epoch 13138, Loss=5.9582e+00, Res=5.9582e+00, Beta=1.00 ---
... RAR RES, Max residual error: 39.7882, t: tensor([[0.1973],
        [0.1979],
        [0.1973]])
--- Save Epoch 13760, Loss=5.1404e+00, Res=5.1404e+00, Beta=1.00 ---
... RAR RES, Max residual error: 27.9589, t: tensor([[0.1996],
        [0.1999],
        [0.1999]])
[info] epoch 14000, lr=4.88e-04
[info] epoch 15000, lr=4.63e-04
--- Save Epoch 15227, Loss=4.6864e+00, Res=4.6864e+00, Beta=1.00 ---
... RAR RES, Max residual error: 17.3960, t: tensor([[0.1817],
        [0.1979],
        [0.1735]])
[info] epoch 16000, lr=4.40e-04
--- Save Epoch 16206, Loss=4.3804e+00, Res=4.3804e+00, Beta=1.00 ---
... RAR RES, Max residual error: 16.5730, t: tensor([[0.1995],
        [0.1995],
        [0.1921]])
[info] epoch 17000, lr=4.18e-04
--- Save Epoch 17098, Loss=3.9190e+00, Res=3.9190e+00, Beta=1.00 ---
... RAR RES, Max residual error: 14.4103, t: tensor([[0.1977],
        [0.1948],
        [0.1977]])
[info] epoch 18000, lr=3.97e-04
[info] epoch 19000, lr=3.77e-04
--- Save Epoch 19238, Loss=3.6641e+00, Res=3.6641e+00, Beta=1.00 ---
... RAR RES, Max residual error: 19.0877, t: tensor([[0.1971],
        [0.1750],
        [0.1903]])
[info] epoch 20000, lr=3.58e-04
--- Save Epoch 20099, Loss=2.9494e+00, Res=2.9494e+00, Beta=1.00 ---
... RAR RES, Max residual error: 30.7447, t: tensor([[0.1991],
        [0.1960],
        [0.1996]])
[info] epoch 21000, lr=3.41e-04
--- Save Epoch 21100, Loss=2.7171e+00, Res=2.7171e+00, Beta=1.00 ---
... RAR RES, Max residual error: 16.3587, t: tensor([[0.1969],
        [0.1980],
        [0.1969]])
[info] epoch 22000, lr=3.24e-04
--- Save Epoch 22045, Loss=2.5762e+00, Res=2.5762e+00, Beta=1.00 ---
... RAR RES, Max residual error: 11.7400, t: tensor([[0.2000],
        [0.1766],
        [0.1979]])
[info] epoch 23000, lr=3.07e-04
[info] epoch 24000, lr=2.92e-04
[info] epoch 25000, lr=2.77e-04
--- Save Epoch 25224, Loss=2.3248e+00, Res=2.3248e+00, Beta=1.00 ---
... RAR RES, Max residual error: 9.8743, t: tensor([[0.1894],
        [0.1766],
        [0.1985]])
[info] epoch 26000, lr=2.64e-04
--- Save Epoch 26930, Loss=2.1359e+00, Res=2.1359e+00, Beta=1.00 ---
[info] epoch 27000, lr=2.50e-04
... RAR RES, Max residual error: 9.6134, t: tensor([[0.1983],
        [0.1971],
        [0.1983]])
[info] epoch 28000, lr=2.38e-04
--- Save Epoch 28437, Loss=1.8157e+00, Res=1.8157e+00, Beta=1.00 ---
... RAR RES, Max residual error: 8.1450, t: tensor([[0.1985],
        [0.1971],
        [0.1978]])
[info] epoch 29000, lr=2.26e-04
[info] epoch 30000, lr=2.15e-04
===== logging end   2025-11-16 19:28:07 =====

===== logging start 2025-11-16 20:54:11 =====
--- Save Epoch 1, Loss=6.8322e+03, Res=6.8322e+03, Beta=1.00 ---
... RAR RES, Max residual error: 442.3853, t: tensor([[0.0086],
        [0.0081],
        [0.0128]])
--- Save Epoch 2, Loss=5.9483e+03, Res=5.9483e+03, Beta=1.00 ---
--- Save Epoch 3, Loss=5.0721e+03, Res=5.0721e+03, Beta=1.00 ---
--- Save Epoch 6, Loss=4.7710e+03, Res=4.7710e+03, Beta=1.00 ---
--- Save Epoch 10, Loss=3.8533e+03, Res=3.8533e+03, Beta=1.00 ---
--- Save Epoch 14, Loss=3.5625e+03, Res=3.5625e+03, Beta=1.00 ---
--- Save Epoch 17, Loss=3.2223e+03, Res=3.2223e+03, Beta=1.00 ---
--- Save Epoch 19, Loss=2.7769e+03, Res=2.7769e+03, Beta=1.00 ---
--- Save Epoch 22, Loss=2.2220e+03, Res=2.2220e+03, Beta=1.00 ---
--- Save Epoch 25, Loss=2.0756e+03, Res=2.0756e+03, Beta=1.00 ---
--- Save Epoch 26, Loss=1.8065e+03, Res=1.8065e+03, Beta=1.00 ---
--- Save Epoch 31, Loss=1.6534e+03, Res=1.6534e+03, Beta=1.00 ---
--- Save Epoch 33, Loss=1.3280e+03, Res=1.3280e+03, Beta=1.00 ---
--- Save Epoch 41, Loss=1.2426e+03, Res=1.2426e+03, Beta=1.00 ---
--- Save Epoch 49, Loss=1.1576e+03, Res=1.1576e+03, Beta=1.00 ---
--- Save Epoch 64, Loss=1.0090e+03, Res=1.0090e+03, Beta=1.00 ---
--- Save Epoch 78, Loss=9.4758e+02, Res=9.4758e+02, Beta=1.00 ---
--- Save Epoch 85, Loss=8.9665e+02, Res=8.9665e+02, Beta=1.00 ---
... RAR RES, Max residual error: 224.2402, t: tensor([[0.0017],
        [0.0004],
        [0.0004]])
--- Save Epoch 238, Loss=7.9112e+02, Res=7.9112e+02, Beta=1.00 ---
--- Save Epoch 285, Loss=6.9949e+02, Res=6.9949e+02, Beta=1.00 ---
--- Save Epoch 295, Loss=6.5140e+02, Res=6.5140e+02, Beta=1.00 ---
... RAR RES, Max residual error: 187.3776, t: tensor([[0.1993],
        [0.1904],
        [0.1922]])
--- Save Epoch 346, Loss=5.8742e+02, Res=5.8742e+02, Beta=1.00 ---
--- Save Epoch 352, Loss=5.5144e+02, Res=5.5144e+02, Beta=1.00 ---
--- Save Epoch 364, Loss=5.2169e+02, Res=5.2169e+02, Beta=1.00 ---
... RAR RES, Max residual error: 300.8401, t: tensor([[0.1945],
        [0.1966],
        [0.1966]])
--- Save Epoch 404, Loss=4.8353e+02, Res=4.8353e+02, Beta=1.00 ---
--- Save Epoch 411, Loss=4.3719e+02, Res=4.3719e+02, Beta=1.00 ---
--- Save Epoch 432, Loss=3.8536e+02, Res=3.8536e+02, Beta=1.00 ---
--- Save Epoch 454, Loss=3.6528e+02, Res=3.6528e+02, Beta=1.00 ---
--- Save Epoch 464, Loss=3.2792e+02, Res=3.2792e+02, Beta=1.00 ---
--- Save Epoch 495, Loss=2.9783e+02, Res=2.9783e+02, Beta=1.00 ---
... RAR RES, Max residual error: 204.2781, t: tensor([[0.1962],
        [0.1984],
        [0.1984]])
--- Save Epoch 525, Loss=2.7997e+02, Res=2.7997e+02, Beta=1.00 ---
... RAR RES, Max residual error: 131.5811, t: tensor([[0.1979],
        [0.1947],
        [0.1947]])
--- Save Epoch 695, Loss=2.5410e+02, Res=2.5410e+02, Beta=1.00 ---
... RAR RES, Max residual error: 96.1900, t: tensor([[0.1943],
        [0.1975],
        [0.1989]])
--- Save Epoch 741, Loss=2.3422e+02, Res=2.3422e+02, Beta=1.00 ---
... RAR RES, Max residual error: 174.6147, t: tensor([[0.1985],
        [0.1941],
        [0.1985]])
--- Save Epoch 885, Loss=2.1001e+02, Res=2.1001e+02, Beta=1.00 ---
... RAR RES, Max residual error: 114.6812, t: tensor([[0.1932],
        [0.1911],
        [0.1963]])
[info] epoch 1000, lr=9.50e-04
--- Save Epoch 1065, Loss=1.8384e+02, Res=1.8384e+02, Beta=1.00 ---
... RAR RES, Max residual error: 143.1492, t: tensor([[0.1978],
        [0.1959],
        [0.1981]])
--- Save Epoch 1177, Loss=1.6865e+02, Res=1.6865e+02, Beta=1.00 ---
--- Save Epoch 1195, Loss=1.4996e+02, Res=1.4996e+02, Beta=1.00 ---
... RAR RES, Max residual error: 91.0645, t: tensor([[0.1995],
        [0.1973],
        [0.1572]])
--- Save Epoch 1333, Loss=1.3130e+02, Res=1.3130e+02, Beta=1.00 ---
... RAR RES, Max residual error: 121.7228, t: tensor([[0.1982],
        [0.1942],
        [0.1977]])
--- Save Epoch 1466, Loss=1.2337e+02, Res=1.2337e+02, Beta=1.00 ---
... RAR RES, Max residual error: 114.3172, t: tensor([[0.1995],
        [0.1934],
        [0.1934]])
--- Save Epoch 1527, Loss=1.1692e+02, Res=1.1692e+02, Beta=1.00 ---
--- Save Epoch 1540, Loss=9.9108e+01, Res=9.9108e+01, Beta=1.00 ---
--- Save Epoch 1543, Loss=9.4128e+01, Res=9.4128e+01, Beta=1.00 ---
... RAR RES, Max residual error: 89.6260, t: tensor([[0.1971],
        [0.1971],
        [0.1955]])
--- Save Epoch 1780, Loss=8.5800e+01, Res=8.5800e+01, Beta=1.00 ---
--- Save Epoch 1785, Loss=7.7311e+01, Res=7.7311e+01, Beta=1.00 ---
... RAR RES, Max residual error: 79.5421, t: tensor([[0.1994],
        [0.1966],
        [0.1966]])
--- Save Epoch 1880, Loss=7.2483e+01, Res=7.2483e+01, Beta=1.00 ---
... RAR RES, Max residual error: 56.8797, t: tensor([[0.1937],
        [0.1937],
        [0.1937]])
--- Save Epoch 1922, Loss=6.6737e+01, Res=6.6737e+01, Beta=1.00 ---
--- Save Epoch 1995, Loss=6.1645e+01, Res=6.1645e+01, Beta=1.00 ---
[info] epoch 2000, lr=9.02e-04
... RAR RES, Max residual error: 66.5560, t: tensor([[0.1841],
        [0.1936],
        [0.1869]])
--- Save Epoch 2100, Loss=5.5015e+01, Res=5.5015e+01, Beta=1.00 ---
... RAR RES, Max residual error: 75.0061, t: tensor([[0.1982],
        [0.1982],
        [0.1961]])
--- Save Epoch 2187, Loss=4.8990e+01, Res=4.8990e+01, Beta=1.00 ---
... RAR RES, Max residual error: 80.3113, t: tensor([[0.1959],
        [0.1982],
        [0.1995]])
--- Save Epoch 2274, Loss=4.4460e+01, Res=4.4460e+01, Beta=1.00 ---
... RAR RES, Max residual error: 44.8326, t: tensor([[0.1989],
        [0.1989],
        [0.1926]])
--- Save Epoch 2770, Loss=4.1017e+01, Res=4.1017e+01, Beta=1.00 ---
... RAR RES, Max residual error: 58.1881, t: tensor([[0.1982],
        [0.1977],
        [0.1977]])
--- Save Epoch 2828, Loss=3.5634e+01, Res=3.5634e+01, Beta=1.00 ---
... RAR RES, Max residual error: 41.7381, t: tensor([[0.1927],
        [0.1941],
        [0.1913]])
[info] epoch 3000, lr=8.57e-04
--- Save Epoch 3107, Loss=2.9621e+01, Res=2.9621e+01, Beta=1.00 ---
... RAR RES, Max residual error: 51.7648, t: tensor([[0.1974],
        [0.1978],
        [0.1764]])
--- Save Epoch 3427, Loss=2.7384e+01, Res=2.7384e+01, Beta=1.00 ---
... RAR RES, Max residual error: 44.8295, t: tensor([[0.1897],
        [0.1992],
        [0.1971]])
[info] epoch 4000, lr=8.15e-04
--- Save Epoch 4056, Loss=2.2093e+01, Res=2.2093e+01, Beta=1.00 ---
... RAR RES, Max residual error: 44.0829, t: tensor([[0.1986],
        [0.1939],
        [0.1986]])
--- Save Epoch 4153, Loss=2.0517e+01, Res=2.0517e+01, Beta=1.00 ---
... RAR RES, Max residual error: 46.5634, t: tensor([[0.1999],
        [0.1969],
        [0.1985]])
--- Save Epoch 4923, Loss=1.8147e+01, Res=1.8147e+01, Beta=1.00 ---
--- Save Epoch 4948, Loss=1.6905e+01, Res=1.6905e+01, Beta=1.00 ---
[info] epoch 5000, lr=7.74e-04
... RAR RES, Max residual error: 68.8959, t: tensor([[0.1990],
        [0.1929],
        [0.1982]])
--- Save Epoch 5317, Loss=1.3264e+01, Res=1.3264e+01, Beta=1.00 ---
... RAR RES, Max residual error: 35.1162, t: tensor([[0.1953],
        [0.1858],
        [0.1858]])
--- Save Epoch 5628, Loss=1.1878e+01, Res=1.1878e+01, Beta=1.00 ---
... RAR RES, Max residual error: 57.2111, t: tensor([[0.1938],
        [0.1987],
        [0.1940]])
[info] epoch 6000, lr=7.35e-04
--- Save Epoch 6344, Loss=1.1263e+01, Res=1.1263e+01, Beta=1.00 ---
... RAR RES, Max residual error: 32.8589, t: tensor([[0.1999],
        [0.1999],
        [0.1999]])
[info] epoch 7000, lr=6.98e-04
--- Save Epoch 7321, Loss=9.1723e+00, Res=9.1723e+00, Beta=1.00 ---
... RAR RES, Max residual error: 32.9448, t: tensor([[0.1821],
        [0.1997],
        [0.1821]])
[info] epoch 8000, lr=6.63e-04
--- Save Epoch 8066, Loss=6.2911e+00, Res=6.2911e+00, Beta=1.00 ---
... RAR RES, Max residual error: 21.4462, t: tensor([[0.1996],
        [0.1725],
        [0.1558]])
[info] epoch 9000, lr=6.30e-04
--- Save Epoch 9850, Loss=5.7923e+00, Res=5.7923e+00, Beta=1.00 ---
... RAR RES, Max residual error: 23.6057, t: tensor([[0.1964],
        [0.1971],
        [0.1963]])
[info] epoch 10000, lr=5.99e-04
--- Save Epoch 10764, Loss=5.0445e+00, Res=5.0445e+00, Beta=1.00 ---
... RAR RES, Max residual error: 17.9022, t: tensor([[0.1857],
        [0.1776],
        [0.1680]])
[info] epoch 11000, lr=5.69e-04
[info] epoch 12000, lr=5.40e-04
--- Save Epoch 12606, Loss=3.2981e+00, Res=3.2981e+00, Beta=1.00 ---
... RAR RES, Max residual error: 18.0357, t: tensor([[0.1988],
        [0.1982],
        [0.1988]])
[info] epoch 13000, lr=5.13e-04
[info] epoch 14000, lr=4.88e-04
--- Save Epoch 14015, Loss=3.0377e+00, Res=3.0377e+00, Beta=1.00 ---
... RAR RES, Max residual error: 18.9148, t: tensor([[0.1981],
        [0.1993],
        [0.1981]])
--- Save Epoch 14875, Loss=2.5413e+00, Res=2.5413e+00, Beta=1.00 ---
... RAR RES, Max residual error: 18.3891, t: tensor([[0.1990],
        [0.1899],
        [0.1980]])
[info] epoch 15000, lr=4.63e-04
[info] epoch 16000, lr=4.40e-04
--- Save Epoch 16631, Loss=2.0080e+00, Res=2.0080e+00, Beta=1.00 ---
... RAR RES, Max residual error: 19.2949, t: tensor([[0.1936],
        [0.1996],
        [0.1982]])
[info] epoch 17000, lr=4.18e-04
[info] epoch 18000, lr=3.97e-04
--- Save Epoch 18914, Loss=1.4706e+00, Res=1.4706e+00, Beta=1.00 ---
[info] epoch 19000, lr=3.77e-04
... RAR RES, Max residual error: 14.5940, t: tensor([[0.1993],
        [0.1962],
        [0.1950]])
[info] epoch 20000, lr=3.58e-04
===== logging end   2025-11-16 22:09:12 =====

===== logging start 2025-11-17 07:06:20 =====
--- Save Epoch 1, Loss=6.8322e+03, Res=6.8322e+03, Beta=1.00 ---
... RAR RES, Max residual error: 442.3853, t: tensor([[0.0086],
        [0.0081],
        [0.0128]])
--- Save Epoch 2, Loss=5.9483e+03, Res=5.9483e+03, Beta=1.00 ---
--- Save Epoch 3, Loss=5.0721e+03, Res=5.0721e+03, Beta=1.00 ---
--- Save Epoch 6, Loss=4.7710e+03, Res=4.7710e+03, Beta=1.00 ---
--- Save Epoch 10, Loss=3.8533e+03, Res=3.8533e+03, Beta=1.00 ---
--- Save Epoch 14, Loss=3.5625e+03, Res=3.5625e+03, Beta=1.00 ---
--- Save Epoch 17, Loss=3.2223e+03, Res=3.2223e+03, Beta=1.00 ---
--- Save Epoch 19, Loss=2.7769e+03, Res=2.7769e+03, Beta=1.00 ---
--- Save Epoch 22, Loss=2.2220e+03, Res=2.2220e+03, Beta=1.00 ---
--- Save Epoch 25, Loss=2.0756e+03, Res=2.0756e+03, Beta=1.00 ---
--- Save Epoch 26, Loss=1.8065e+03, Res=1.8065e+03, Beta=1.00 ---
--- Save Epoch 31, Loss=1.6534e+03, Res=1.6534e+03, Beta=1.00 ---
--- Save Epoch 33, Loss=1.3280e+03, Res=1.3280e+03, Beta=1.00 ---
--- Save Epoch 41, Loss=1.2426e+03, Res=1.2426e+03, Beta=1.00 ---
--- Save Epoch 49, Loss=1.1576e+03, Res=1.1576e+03, Beta=1.00 ---
--- Save Epoch 64, Loss=1.0090e+03, Res=1.0090e+03, Beta=1.00 ---
--- Save Epoch 78, Loss=9.4758e+02, Res=9.4758e+02, Beta=1.00 ---
--- Save Epoch 85, Loss=8.9665e+02, Res=8.9665e+02, Beta=1.00 ---
... RAR RES, Max residual error: 224.2402, t: tensor([[0.0017],
        [0.0004],
        [0.0004]])
===== logging end   2025-11-17 07:07:14 =====

===== logging start 2025-11-17 07:07:31 =====
--- Save Epoch 1, Loss=3.0272e+02, Res=3.0272e+02, Beta=0.00 ---
... RAR RES, Max residual error: 111.6934, t: tensor([[0.1899],
        [0.1935],
        [0.1918]])
--- Save Epoch 2, Loss=2.2465e+02, Res=2.2465e+02, Beta=0.02 ---
--- Save Epoch 3, Loss=1.3986e+02, Res=1.3986e+02, Beta=0.04 ---
--- Save Epoch 4, Loss=1.2007e+02, Res=1.2007e+02, Beta=0.06 ---
--- Save Epoch 5, Loss=1.1264e+02, Res=1.1264e+02, Beta=0.08 ---
--- Save Epoch 6, Loss=8.9758e+01, Res=8.9758e+01, Beta=0.10 ---
--- Save Epoch 7, Loss=8.3984e+01, Res=8.3984e+01, Beta=0.12 ---
--- Save Epoch 9, Loss=6.7115e+01, Res=6.7115e+01, Beta=0.14 ---
--- Save Epoch 10, Loss=6.2379e+01, Res=6.2379e+01, Beta=0.16 ---
--- Save Epoch 12, Loss=5.2466e+01, Res=5.2466e+01, Beta=0.18 ---
--- Save Epoch 14, Loss=4.5752e+01, Res=4.5752e+01, Beta=0.20 ---
--- Save Epoch 17, Loss=3.5796e+01, Res=3.5796e+01, Beta=0.22 ---
--- Save Epoch 19, Loss=3.0643e+01, Res=3.0643e+01, Beta=0.24 ---
--- Save Epoch 21, Loss=2.7434e+01, Res=2.7434e+01, Beta=0.26 ---
--- Save Epoch 24, Loss=2.4583e+01, Res=2.4583e+01, Beta=0.28 ---
--- Save Epoch 31, Loss=2.2531e+01, Res=2.2531e+01, Beta=0.30 ---
--- Save Epoch 42, Loss=1.8941e+01, Res=1.8941e+01, Beta=0.32 ---
--- Save Epoch 96, Loss=1.7503e+01, Res=1.7503e+01, Beta=0.34 ---
... RAR RES, Max residual error: 51.9797, t: tensor([[0.1964],
        [0.1955],
        [0.1841]])
--- Save Epoch 141, Loss=1.4874e+01, Res=1.4874e+01, Beta=0.36 ---
--- Save Epoch 152, Loss=1.3870e+01, Res=1.3870e+01, Beta=0.38 ---
--- Save Epoch 166, Loss=1.3058e+01, Res=1.3058e+01, Beta=0.40 ---
--- Save Epoch 179, Loss=1.0480e+01, Res=1.0480e+01, Beta=0.42 ---
... RAR RES, Max residual error: 32.8567, t: tensor([[0.1965],
        [0.1945],
        [0.1965]])
--- Save Epoch 216, Loss=8.3872e+00, Res=8.3872e+00, Beta=0.44 ---
--- Save Epoch 230, Loss=7.4841e+00, Res=7.4841e+00, Beta=0.46 ---
--- Save Epoch 262, Loss=6.9989e+00, Res=6.9989e+00, Beta=0.48 ---
--- Save Epoch 286, Loss=6.3116e+00, Res=6.3116e+00, Beta=0.50 ---
... RAR RES, Max residual error: 31.4518, t: tensor([[0.1996],
        [0.1996],
        [0.1955]])
--- Save Epoch 330, Loss=5.8295e+00, Res=5.8295e+00, Beta=0.52 ---
--- Save Epoch 375, Loss=5.0961e+00, Res=5.0961e+00, Beta=0.54 ---
... RAR RES, Max residual error: 24.1624, t: tensor([[0.1983],
        [0.1917],
        [0.1983]])
--- Save Epoch 473, Loss=4.7968e+00, Res=4.7968e+00, Beta=0.56 ---
... RAR RES, Max residual error: 26.5543, t: tensor([[0.1971],
        [0.1971],
        [0.1983]])
--- Save Epoch 502, Loss=4.0115e+00, Res=4.0115e+00, Beta=0.58 ---
--- Save Epoch 572, Loss=3.7971e+00, Res=3.7971e+00, Beta=0.60 ---
... RAR RES, Max residual error: 22.2605, t: tensor([[0.1958],
        [0.1970],
        [0.1976]])
--- Save Epoch 798, Loss=3.6055e+00, Res=3.6055e+00, Beta=0.62 ---
... RAR RES, Max residual error: 17.4031, t: tensor([[0.1964],
        [0.1985],
        [0.1863]])
--- Save Epoch 989, Loss=3.2021e+00, Res=3.2021e+00, Beta=0.64 ---
[info] epoch 1000, lr=9.50e-04
... RAR RES, Max residual error: 26.3281, t: tensor([[0.1970],
        [0.1990],
        [0.1990]])
--- Save Epoch 1276, Loss=2.7112e+00, Res=2.7112e+00, Beta=0.66 ---
... RAR RES, Max residual error: 16.4500, t: tensor([[0.1912],
        [0.1994],
        [0.1983]])
[info] epoch 2000, lr=9.02e-04
--- Save Epoch 2201, Loss=2.5711e+00, Res=2.5711e+00, Beta=0.68 ---
... RAR RES, Max residual error: 18.4683, t: tensor([[0.1906],
        [0.1983],
        [0.1929]])
--- Save Epoch 2406, Loss=2.4373e+00, Res=2.4373e+00, Beta=0.70 ---
... RAR RES, Max residual error: 14.2917, t: tensor([[0.1953],
        [0.1931],
        [0.1931]])
--- Save Epoch 2825, Loss=1.9146e+00, Res=1.9146e+00, Beta=0.72 ---
... RAR RES, Max residual error: 23.4485, t: tensor([[0.1959],
        [0.1959],
        [0.1959]])
[info] epoch 3000, lr=8.57e-04
--- Save Epoch 3270, Loss=1.5960e+00, Res=1.5960e+00, Beta=0.74 ---
... RAR RES, Max residual error: 24.6438, t: tensor([[0.0013],
        [0.0002],
        [0.0002]])
[info] epoch 4000, lr=8.15e-04
--- Save Epoch 4856, Loss=1.0523e+00, Res=1.0523e+00, Beta=0.76 ---
... RAR RES, Max residual error: 23.5113, t: tensor([[0.1966],
        [0.1902],
        [0.1867]])
[info] epoch 5000, lr=7.74e-04
===== logging end   2025-11-17 07:25:51 =====

===== logging start 2025-11-17 07:26:05 =====
--- Save Epoch 1, Loss=5.0785e+02, Res=5.0785e+02, Beta=0.00 ---
... RAR RES, Max residual error: 139.8112, t: tensor([[0.1998],
        [0.1782],
        [0.1445]])
--- Save Epoch 2, Loss=4.3582e+02, Res=4.3582e+02, Beta=0.02 ---
--- Save Epoch 3, Loss=2.5730e+02, Res=2.5730e+02, Beta=0.04 ---
--- Save Epoch 4, Loss=1.9673e+02, Res=1.9673e+02, Beta=0.06 ---
--- Save Epoch 5, Loss=1.5717e+02, Res=1.5717e+02, Beta=0.08 ---
--- Save Epoch 6, Loss=1.1731e+02, Res=1.1731e+02, Beta=0.10 ---
--- Save Epoch 8, Loss=7.0729e+01, Res=7.0729e+01, Beta=0.12 ---
--- Save Epoch 10, Loss=5.4634e+01, Res=5.4634e+01, Beta=0.14 ---
--- Save Epoch 12, Loss=3.8750e+01, Res=3.8750e+01, Beta=0.16 ---
--- Save Epoch 14, Loss=3.2074e+01, Res=3.2074e+01, Beta=0.18 ---
--- Save Epoch 17, Loss=2.5210e+01, Res=2.5210e+01, Beta=0.20 ---
--- Save Epoch 18, Loss=2.1851e+01, Res=2.1851e+01, Beta=0.22 ---
--- Save Epoch 20, Loss=1.9430e+01, Res=1.9430e+01, Beta=0.24 ---
--- Save Epoch 30, Loss=1.6467e+01, Res=1.6467e+01, Beta=0.26 ---
--- Save Epoch 35, Loss=1.1744e+01, Res=1.1744e+01, Beta=0.28 ---
--- Save Epoch 64, Loss=1.0993e+01, Res=1.0993e+01, Beta=0.30 ---
--- Save Epoch 87, Loss=9.9577e+00, Res=9.9577e+00, Beta=0.32 ---
--- Save Epoch 100, Loss=7.2194e+00, Res=7.2194e+00, Beta=0.34 ---
... RAR RES, Max residual error: 31.1334, t: tensor([[0.1860],
        [0.1978],
        [0.1966]])
--- Save Epoch 124, Loss=6.5994e+00, Res=6.5994e+00, Beta=0.36 ---
--- Save Epoch 141, Loss=5.8984e+00, Res=5.8984e+00, Beta=0.38 ---
--- Save Epoch 159, Loss=5.1161e+00, Res=5.1161e+00, Beta=0.40 ---
--- Save Epoch 183, Loss=4.5764e+00, Res=4.5764e+00, Beta=0.42 ---
... RAR RES, Max residual error: 40.0599, t: tensor([[0.1953],
        [0.1997],
        [0.1980]])
--- Save Epoch 234, Loss=4.2180e+00, Res=4.2180e+00, Beta=0.44 ---
--- Save Epoch 299, Loss=3.9546e+00, Res=3.9546e+00, Beta=0.46 ---
... RAR RES, Max residual error: 21.1709, t: tensor([[0.1924],
        [0.1955],
        [0.1230]])
--- Save Epoch 392, Loss=3.4532e+00, Res=3.4532e+00, Beta=0.48 ---
... RAR RES, Max residual error: 25.1848, t: tensor([[0.1969],
        [0.1971],
        [0.1415]])
--- Save Epoch 530, Loss=2.7823e+00, Res=2.7823e+00, Beta=0.50 ---
... RAR RES, Max residual error: 16.0487, t: tensor([[0.1995],
        [0.1960],
        [0.0012]])
--- Save Epoch 757, Loss=2.2317e+00, Res=2.2317e+00, Beta=0.52 ---
... RAR RES, Max residual error: 18.4703, t: tensor([[0.1996],
        [0.1952],
        [0.1922]])
[info] epoch 1000, lr=9.50e-04
--- Save Epoch 1019, Loss=2.0243e+00, Res=2.0243e+00, Beta=0.54 ---
... RAR RES, Max residual error: 11.1224, t: tensor([[0.1999],
        [0.1992],
        [0.1987]])
--- Save Epoch 1413, Loss=1.7215e+00, Res=1.7215e+00, Beta=0.56 ---
... RAR RES, Max residual error: 12.5343, t: tensor([[0.1995],
        [0.1979],
        [0.1979]])
--- Save Epoch 1943, Loss=1.4196e+00, Res=1.4196e+00, Beta=0.58 ---
[info] epoch 2000, lr=9.02e-04
... RAR RES, Max residual error: 9.3855, t: tensor([[0.1838],
        [0.1687],
        [0.1750]])
--- Save Epoch 2386, Loss=1.1207e+00, Res=1.1207e+00, Beta=0.60 ---
... RAR RES, Max residual error: 11.2634, t: tensor([[0.1852],
        [0.0015],
        [0.1719]])
--- Save Epoch 2872, Loss=9.6859e-01, Res=9.6859e-01, Beta=0.62 ---
... RAR RES, Max residual error: 12.5982, t: tensor([[0.1986],
        [0.1982],
        [0.1987]])
[info] epoch 3000, lr=8.57e-04
--- Save Epoch 3699, Loss=5.5651e-01, Res=5.5651e-01, Beta=0.64 ---
... RAR RES, Max residual error: 21.3522, t: tensor([[0.1922],
        [0.1844],
        [0.1844]])
[info] epoch 4000, lr=8.15e-04
[info] epoch 5000, lr=7.74e-04
--- Save Epoch 5986, Loss=4.1918e-01, Res=4.1918e-01, Beta=0.66 ---
[info] epoch 6000, lr=7.35e-04
... RAR RES, Max residual error: 15.4837, t: tensor([[0.1976],
        [0.1897],
        [0.1934]])
[info] epoch 7000, lr=6.98e-04
--- Save Epoch 7107, Loss=3.5151e-01, Res=3.5151e-01, Beta=0.68 ---
... RAR RES, Max residual error: 17.9876, t: tensor([[0.1992],
        [0.1956],
        [0.1962]])
[info] epoch 8000, lr=6.63e-04
[info] epoch 9000, lr=6.30e-04
[info] epoch 10000, lr=5.99e-04
[info] epoch 11000, lr=5.69e-04
--- Save Epoch 11009, Loss=2.9966e-01, Res=2.9966e-01, Beta=0.70 ---
... RAR RES, Max residual error: 9.9963, t: tensor([[0.1979],
        [0.1966],
        [0.1966]])
[info] epoch 12000, lr=5.40e-04
[info] epoch 13000, lr=5.13e-04
[info] epoch 14000, lr=4.88e-04
[info] epoch 15000, lr=4.63e-04
--- Save Epoch 15940, Loss=2.2141e-01, Res=2.2141e-01, Beta=0.72 ---
[info] epoch 16000, lr=4.40e-04
... RAR RES, Max residual error: 12.1320, t: tensor([[0.1997],
        [0.1989],
        [0.1997]])
[info] epoch 17000, lr=4.18e-04
[info] epoch 18000, lr=3.97e-04
--- Save Epoch 18051, Loss=1.9737e-01, Res=1.9737e-01, Beta=0.74 ---
... RAR RES, Max residual error: 10.1593, t: tensor([[0.1910],
        [0.1956],
        [0.1941]])
[info] epoch 19000, lr=3.77e-04
[info] epoch 20000, lr=3.58e-04
[info] epoch 21000, lr=3.41e-04
[info] epoch 22000, lr=3.24e-04
[info] epoch 23000, lr=3.07e-04
[info] epoch 24000, lr=2.92e-04
[info] epoch 25000, lr=2.77e-04
[info] epoch 26000, lr=2.64e-04
[info] epoch 27000, lr=2.50e-04
[info] epoch 28000, lr=2.38e-04
--- Save Epoch 28084, Loss=1.7825e-01, Res=1.7825e-01, Beta=0.76 ---
... RAR RES, Max residual error: 6.7293, t: tensor([[0.1991],
        [0.1980],
        [0.1871]])
[info] epoch 29000, lr=2.26e-04
--- Save Epoch 29502, Loss=1.5784e-01, Res=1.5784e-01, Beta=0.78 ---
... RAR RES, Max residual error: 5.4967, t: tensor([[0.1979],
        [0.1944],
        [0.1944]])
===== logging end   2025-11-17 08:53:29 =====

===== logging start 2025-11-17 08:54:06 =====
--- Save Epoch 1, Loss=6.5959e+03, Res=6.5959e+03, Beta=1.00 ---
... RAR RES, Max residual error: 450.2080, t: tensor([[0.0276],
        [0.0044],
        [0.0180]])
--- Save Epoch 4, Loss=5.9621e+03, Res=5.9621e+03, Beta=1.00 ---
--- Save Epoch 6, Loss=5.4545e+03, Res=5.4545e+03, Beta=1.00 ---
--- Save Epoch 7, Loss=5.0461e+03, Res=5.0461e+03, Beta=1.00 ---
--- Save Epoch 9, Loss=4.7629e+03, Res=4.7629e+03, Beta=1.00 ---
--- Save Epoch 10, Loss=4.2853e+03, Res=4.2853e+03, Beta=1.00 ---
--- Save Epoch 12, Loss=3.5341e+03, Res=3.5341e+03, Beta=1.00 ---
--- Save Epoch 16, Loss=2.5811e+03, Res=2.5811e+03, Beta=1.00 ---
--- Save Epoch 21, Loss=2.2159e+03, Res=2.2159e+03, Beta=1.00 ---
--- Save Epoch 22, Loss=2.0112e+03, Res=2.0112e+03, Beta=1.00 ---
--- Save Epoch 23, Loss=1.8767e+03, Res=1.8767e+03, Beta=1.00 ---
--- Save Epoch 27, Loss=1.7826e+03, Res=1.7826e+03, Beta=1.00 ---
--- Save Epoch 31, Loss=1.6114e+03, Res=1.6114e+03, Beta=1.00 ---
--- Save Epoch 34, Loss=1.4191e+03, Res=1.4191e+03, Beta=1.00 ---
--- Save Epoch 35, Loss=1.2615e+03, Res=1.2615e+03, Beta=1.00 ---
--- Save Epoch 44, Loss=1.1482e+03, Res=1.1482e+03, Beta=1.00 ---
--- Save Epoch 58, Loss=1.0720e+03, Res=1.0720e+03, Beta=1.00 ---
--- Save Epoch 61, Loss=9.0821e+02, Res=9.0821e+02, Beta=1.00 ---
--- Save Epoch 79, Loss=8.3617e+02, Res=8.3617e+02, Beta=1.00 ---
--- Save Epoch 88, Loss=7.8673e+02, Res=7.8673e+02, Beta=1.00 ---
--- Save Epoch 94, Loss=6.7467e+02, Res=6.7467e+02, Beta=1.00 ---
... RAR RES, Max residual error: 211.4559, t: tensor([[0.0035],
        [0.0022],
        [0.0022]])
--- Save Epoch 144, Loss=6.2281e+02, Res=6.2281e+02, Beta=1.00 ---
--- Save Epoch 172, Loss=5.8669e+02, Res=5.8669e+02, Beta=1.00 ---
--- Save Epoch 183, Loss=5.4135e+02, Res=5.4135e+02, Beta=1.00 ---
... RAR RES, Max residual error: 214.1698, t: tensor([[0.1992],
        [0.1988],
        [0.0016]])
--- Save Epoch 218, Loss=5.0641e+02, Res=5.0641e+02, Beta=1.00 ---
--- Save Epoch 236, Loss=4.8079e+02, Res=4.8079e+02, Beta=1.00 ---
--- Save Epoch 252, Loss=4.4472e+02, Res=4.4472e+02, Beta=1.00 ---
--- Save Epoch 279, Loss=4.0786e+02, Res=4.0786e+02, Beta=1.00 ---
--- Save Epoch 281, Loss=3.6376e+02, Res=3.6376e+02, Beta=1.00 ---
... RAR RES, Max residual error: 193.9356, t: tensor([[0.2000],
        [0.2000],
        [0.2000]])
--- Save Epoch 343, Loss=3.2075e+02, Res=3.2075e+02, Beta=1.00 ---
--- Save Epoch 375, Loss=2.8197e+02, Res=2.8197e+02, Beta=1.00 ---
... RAR RES, Max residual error: 132.0135, t: tensor([[0.1978],
        [0.1978],
        [0.1954]])
--- Save Epoch 432, Loss=2.5842e+02, Res=2.5842e+02, Beta=1.00 ---
--- Save Epoch 450, Loss=2.3769e+02, Res=2.3769e+02, Beta=1.00 ---
--- Save Epoch 455, Loss=2.2478e+02, Res=2.2478e+02, Beta=1.00 ---
--- Save Epoch 465, Loss=1.9656e+02, Res=1.9656e+02, Beta=1.00 ---
... RAR RES, Max residual error: 84.9978, t: tensor([[0.1985],
        [0.1991],
        [0.1011]])
--- Save Epoch 517, Loss=1.7891e+02, Res=1.7891e+02, Beta=1.00 ---
--- Save Epoch 556, Loss=1.6340e+02, Res=1.6340e+02, Beta=1.00 ---
--- Save Epoch 593, Loss=1.4787e+02, Res=1.4787e+02, Beta=1.00 ---
--- Save Epoch 596, Loss=1.3968e+02, Res=1.3968e+02, Beta=1.00 ---
... RAR RES, Max residual error: 143.4212, t: tensor([[0.1986],
        [0.1942],
        [0.1968]])
--- Save Epoch 634, Loss=1.3101e+02, Res=1.3101e+02, Beta=1.00 ---
--- Save Epoch 684, Loss=1.1536e+02, Res=1.1536e+02, Beta=1.00 ---
... RAR RES, Max residual error: 117.0620, t: tensor([[0.1915],
        [0.1915],
        [0.1887]])
--- Save Epoch 712, Loss=1.0943e+02, Res=1.0943e+02, Beta=1.00 ---
... RAR RES, Max residual error: 101.9764, t: tensor([[0.1981],
        [0.1947],
        [0.1928]])
--- Save Epoch 843, Loss=9.7052e+01, Res=9.7052e+01, Beta=1.00 ---
... RAR RES, Max residual error: 85.6555, t: tensor([[0.1921],
        [0.1958],
        [0.1914]])
--- Save Epoch 936, Loss=9.0242e+01, Res=9.0242e+01, Beta=1.00 ---
--- Save Epoch 976, Loss=8.4784e+01, Res=8.4784e+01, Beta=1.00 ---
--- Save Epoch 993, Loss=7.9241e+01, Res=7.9241e+01, Beta=1.00 ---
[info] epoch 1000, lr=9.50e-04
... RAR RES, Max residual error: 56.5217, t: tensor([[0.1959],
        [0.1957],
        [0.1687]])
--- Save Epoch 1009, Loss=7.2119e+01, Res=7.2119e+01, Beta=1.00 ---
... RAR RES, Max residual error: 66.4579, t: tensor([[0.1994],
        [0.1994],
        [0.1995]])
--- Save Epoch 1116, Loss=6.8142e+01, Res=6.8142e+01, Beta=1.00 ---
... RAR RES, Max residual error: 60.5026, t: tensor([[0.1834],
        [0.1871],
        [0.1788]])
--- Save Epoch 1385, Loss=6.3269e+01, Res=6.3269e+01, Beta=1.00 ---
... RAR RES, Max residual error: 65.5240, t: tensor([[0.1813],
        [0.1871],
        [0.1723]])
--- Save Epoch 1568, Loss=6.0090e+01, Res=6.0090e+01, Beta=1.00 ---
... RAR RES, Max residual error: 74.0985, t: tensor([[0.1975],
        [0.1975],
        [0.1975]])
--- Save Epoch 1675, Loss=5.6420e+01, Res=5.6420e+01, Beta=1.00 ---
... RAR RES, Max residual error: 53.6707, t: tensor([[0.1970],
        [0.1999],
        [0.1974]])
--- Save Epoch 1807, Loss=5.0508e+01, Res=5.0508e+01, Beta=1.00 ---
... RAR RES, Max residual error: 42.4310, t: tensor([[0.1980],
        [0.1980],
        [0.1971]])
[info] epoch 2000, lr=9.02e-04
--- Save Epoch 2080, Loss=4.7955e+01, Res=4.7955e+01, Beta=1.00 ---
... RAR RES, Max residual error: 50.2928, t: tensor([[0.1973],
        [0.1948],
        [0.1973]])
--- Save Epoch 2207, Loss=4.3289e+01, Res=4.3289e+01, Beta=1.00 ---
--- Save Epoch 2227, Loss=4.1021e+01, Res=4.1021e+01, Beta=1.00 ---
... RAR RES, Max residual error: 51.2484, t: tensor([[0.1998],
        [0.1945],
        [0.1932]])
--- Save Epoch 2364, Loss=3.6446e+01, Res=3.6446e+01, Beta=1.00 ---
... RAR RES, Max residual error: 81.5944, t: tensor([[0.1941],
        [0.1971],
        [0.1991]])
--- Save Epoch 2661, Loss=3.4389e+01, Res=3.4389e+01, Beta=1.00 ---
... RAR RES, Max residual error: 47.2735, t: tensor([[0.1996],
        [0.1982],
        [0.1984]])
[info] epoch 3000, lr=8.57e-04
--- Save Epoch 3136, Loss=3.2075e+01, Res=3.2075e+01, Beta=1.00 ---
... RAR RES, Max residual error: 40.7982, t: tensor([[0.1986],
        [0.1988],
        [0.1923]])
--- Save Epoch 3248, Loss=2.9082e+01, Res=2.9082e+01, Beta=1.00 ---
... RAR RES, Max residual error: 42.8389, t: tensor([[0.1943],
        [0.1910],
        [0.1910]])
--- Save Epoch 3586, Loss=2.6841e+01, Res=2.6841e+01, Beta=1.00 ---
... RAR RES, Max residual error: 46.2317, t: tensor([[0.1991],
        [0.1907],
        [0.1941]])
[info] epoch 4000, lr=8.15e-04
--- Save Epoch 4112, Loss=2.3898e+01, Res=2.3898e+01, Beta=1.00 ---
--- Save Epoch 4115, Loss=2.1166e+01, Res=2.1166e+01, Beta=1.00 ---
... RAR RES, Max residual error: 41.6949, t: tensor([[0.1923],
        [0.1942],
        [0.1891]])
--- Save Epoch 4818, Loss=1.8712e+01, Res=1.8712e+01, Beta=1.00 ---
... RAR RES, Max residual error: 31.9053, t: tensor([[0.1619],
        [0.1963],
        [0.1734]])
[info] epoch 5000, lr=7.74e-04
--- Save Epoch 5180, Loss=1.7175e+01, Res=1.7175e+01, Beta=1.00 ---
... RAR RES, Max residual error: 50.0053, t: tensor([[0.1993],
        [0.1993],
        [0.1993]])
--- Save Epoch 5870, Loss=1.4791e+01, Res=1.4791e+01, Beta=1.00 ---
... RAR RES, Max residual error: 42.7109, t: tensor([[0.1974],
        [0.1884],
        [0.1910]])
[info] epoch 6000, lr=7.35e-04
--- Save Epoch 6021, Loss=1.1861e+01, Res=1.1861e+01, Beta=1.00 ---
... RAR RES, Max residual error: 30.1926, t: tensor([[0.1962],
        [0.1913],
        [0.1968]])
[info] epoch 7000, lr=6.98e-04
--- Save Epoch 7014, Loss=1.0261e+01, Res=1.0261e+01, Beta=1.00 ---
... RAR RES, Max residual error: 23.9650, t: tensor([[0.1999],
        [0.1974],
        [0.1985]])
--- Save Epoch 7384, Loss=8.5627e+00, Res=8.5627e+00, Beta=1.00 ---
... RAR RES, Max residual error: 43.6553, t: tensor([[0.1992],
        [0.1971],
        [0.1963]])
[info] epoch 8000, lr=6.63e-04
--- Save Epoch 8170, Loss=8.1291e+00, Res=8.1291e+00, Beta=1.00 ---
... RAR RES, Max residual error: 22.3878, t: tensor([[0.1982],
        [0.1995],
        [0.1982]])
--- Save Epoch 8882, Loss=7.0242e+00, Res=7.0242e+00, Beta=1.00 ---
... RAR RES, Max residual error: 40.3716, t: tensor([[0.1997],
        [0.1897],
        [0.1897]])
[info] epoch 9000, lr=6.30e-04
[info] epoch 10000, lr=5.99e-04
--- Save Epoch 10182, Loss=5.5258e+00, Res=5.5258e+00, Beta=1.00 ---
... RAR RES, Max residual error: 23.4422, t: tensor([[0.1943],
        [0.1996],
        [0.1958]])
--- Save Epoch 10955, Loss=5.0527e+00, Res=5.0527e+00, Beta=1.00 ---
[info] epoch 11000, lr=5.69e-04
... RAR RES, Max residual error: 18.9750, t: tensor([[0.1887],
        [0.0737],
        [0.1874]])
--- Save Epoch 11449, Loss=3.7400e+00, Res=3.7400e+00, Beta=1.00 ---
... RAR RES, Max residual error: 18.0663, t: tensor([[0.1954],
        [0.0752],
        [0.1938]])
[info] epoch 12000, lr=5.40e-04
[info] epoch 13000, lr=5.13e-04
--- Save Epoch 13092, Loss=3.4578e+00, Res=3.4578e+00, Beta=1.00 ---
... RAR RES, Max residual error: 24.1724, t: tensor([[0.1977],
        [0.1999],
        [0.1971]])
[info] epoch 14000, lr=4.88e-04
--- Save Epoch 14520, Loss=2.6654e+00, Res=2.6654e+00, Beta=1.00 ---
... RAR RES, Max residual error: 16.6906, t: tensor([[0.0756],
        [0.1551],
        [0.1875]])
[info] epoch 15000, lr=4.63e-04
[info] epoch 16000, lr=4.40e-04
[info] epoch 17000, lr=4.18e-04
--- Save Epoch 17067, Loss=2.1921e+00, Res=2.1921e+00, Beta=1.00 ---
... RAR RES, Max residual error: 17.5699, t: tensor([[0.1097],
        [0.0766],
        [0.0894]])
[info] epoch 18000, lr=3.97e-04
--- Save Epoch 18769, Loss=1.9517e+00, Res=1.9517e+00, Beta=1.00 ---
... RAR RES, Max residual error: 14.4376, t: tensor([[0.1998],
        [0.1985],
        [0.1011]])
[info] epoch 19000, lr=3.77e-04
[info] epoch 20000, lr=3.58e-04
--- Save Epoch 20342, Loss=1.7823e+00, Res=1.7823e+00, Beta=1.00 ---
... RAR RES, Max residual error: 11.5024, t: tensor([[0.1995],
        [0.1960],
        [0.1876]])
[info] epoch 21000, lr=3.41e-04
--- Save Epoch 21961, Loss=1.6259e+00, Res=1.6259e+00, Beta=1.00 ---
[info] epoch 22000, lr=3.24e-04
... RAR RES, Max residual error: 13.6540, t: tensor([[0.1948],
        [0.1999],
        [0.1667]])
[info] epoch 23000, lr=3.07e-04
[info] epoch 24000, lr=2.92e-04
--- Save Epoch 24027, Loss=1.4736e+00, Res=1.4736e+00, Beta=1.00 ---
... RAR RES, Max residual error: 10.0115, t: tensor([[0.1853],
        [0.1989],
        [0.1997]])
[info] epoch 25000, lr=2.77e-04
--- Save Epoch 25165, Loss=1.2210e+00, Res=1.2210e+00, Beta=1.00 ---
... RAR RES, Max residual error: 11.1117, t: tensor([[0.1927],
        [0.1983],
        [0.1968]])
[info] epoch 26000, lr=2.64e-04
[info] epoch 27000, lr=2.50e-04
[info] epoch 28000, lr=2.38e-04
--- Save Epoch 28302, Loss=1.0966e+00, Res=1.0966e+00, Beta=1.00 ---
--- Save Epoch 28305, Loss=1.0082e+00, Res=1.0082e+00, Beta=1.00 ---
... RAR RES, Max residual error: 7.5082, t: tensor([[0.1990],
        [0.1940],
        [0.1990]])
[info] epoch 29000, lr=2.26e-04
[info] epoch 30000, lr=2.15e-04
[info] epoch 31000, lr=2.04e-04
--- Save Epoch 31302, Loss=8.8779e-01, Res=8.8779e-01, Beta=1.00 ---
... RAR RES, Max residual error: 7.0488, t: tensor([[0.1994],
        [0.1994],
        [0.1865]])
--- Save Epoch 31887, Loss=7.8870e-01, Res=7.8870e-01, Beta=1.00 ---
... RAR RES, Max residual error: 8.4359, t: tensor([[0.1921],
        [0.1980],
        [0.1987]])
[info] epoch 32000, lr=1.94e-04
[info] epoch 33000, lr=1.84e-04
[info] epoch 34000, lr=1.75e-04
[info] epoch 35000, lr=1.66e-04
[info] epoch 36000, lr=1.58e-04
--- Save Epoch 36960, Loss=6.7050e-01, Res=6.7050e-01, Beta=1.00 ---
[info] epoch 37000, lr=1.50e-04
... RAR RES, Max residual error: 6.0332, t: tensor([[0.1925],
        [0.1932],
        [0.1902]])
[info] epoch 38000, lr=1.42e-04
[info] epoch 39000, lr=1.35e-04
--- Save Epoch 39388, Loss=6.1879e-01, Res=6.1879e-01, Beta=1.00 ---
... RAR RES, Max residual error: 8.1098, t: tensor([[0.1973],
        [0.1938],
        [0.1938]])
[info] epoch 40000, lr=1.29e-04
===== logging end   2025-11-17 12:23:21 =====
